(num: 0), BADBABA, Put, hasty, hasty, stonehewn, act
(num: 1), BADBABA
(num: 2), BADBABA
(num: 3), BADBABA, constant, constant
(num: 4), BADBABA, guide, guide, pawed, losses
(num: 5), BADBABA
(num: 6), BADBABA, gloomily, gloomily, halfclosed, halfclosed
(num: 7), BADBABA
(num: 8), BADBABA
(num: 9), BADBABA
(num: 10), BADBABA
(num: 11), BADBABA
(num: 12), BADBABA, k, k
(num: 13), BADBABA
(num: 14), BADBABA
(num: 15), BADBABA, advised, advised
(num: 16), BADBABA, sort, sort, Taking, Taking, leech
(num: 17), BADBABA, tout
(num: 18), BADBABA
(num: 19), BADBABA, sent, sent, roused, roused
(num: 20), BADBABA, outwardly, outwardly
(num: 21), BADBABA, desiring, desiring, dammed
(num: 22), BADBABA, hissed, hissed
(num: 23), BADBABA, nuts, nuts
(num: 24), BADBABA, slashed, slashed
(num: 25), BADBABA, stenches
(num: 26), BADBABA
(num: 27), BADBABA, fitting, fitting, southland
(num: 28), BADBABA, locking, tussle
(num: 29), BADBABA, Bag, prudent, prudent
(num: 30), BADBABA, greedy, greedy
(num: 31), BADBABA, Bullroarers, smithereens, greenfooted
(num: 32), BADBABA, jerks
(num: 33), BADBABA
(num: 34), BADBABA
(num: 35), BADBABA
(num: 36), BADBABA
(num: 37), BADBABA, skip, wins, wins
(num: 38), BADBABA
(num: 39), BADBABA, trail, trail, halfstrangled
(num: 40), BADBABA, faring, faring
(num: 41), BADBABA, unlocking
(num: 42), BADBABA, Sandymans, Sandymans
(num: 43), BADBABA, loosening, eep
(num: 44), BADBABA, Bite, countries, countries, loseth
(num: 45), BADBABA
(num: 46), BADBABA, drunken, llage
(num: 47), BADBABA, halfasleep
(num: 48), BADBABA
(num: 49), BADBABA, fishy, fishy, pincers
(num: 50), BADBABA
(num: 51), BADBABA, grudge, grudge
(num: 52), BADBABA, canny, recognizing
(num: 53), BADBABA, sole, Happily
(num: 54), BADBABA, await, await, Yj
(num: 55), BADBABA, block, block, mindhad, unprepared, unprepared
(num: 56), BADBABA, pockethandkerchief, pockethandkerchief
(num: 57), BADBABA
(num: 58), BADBABA, befouled
(num: 59), BADBABA
(num: 60), BADBABA
(num: 61), BADBABA, smothering, smothering
(num: 62), BADBABA, bands, bands, deceivedfor
(num: 63), BADBABA
(num: 64), BADBABA, Winter, Winter
(num: 65), BADBABA, grassclippings, springthis
(num: 66), BADBABA
(num: 67), BADBABA, frontdoor, frontdoor
(num: 68), BADBABA, Low, Low
(num: 69), BADBABA, ending, ending, rises, rises, heartquelling
(num: 70), BADBABA, unkempt
(num: 71), BADBABA
(num: 72), BADBABA
(num: 73), BADBABA
(num: 74), BADBABA, lanes, lanes
(num: 75), BADBABA
(num: 76), BADBABA
(num: 77), BADBABA, Jomund, Jomund, refuges
(num: 78), BADBABA, demand, demand, Si
(num: 79), BADBABA, Falls, Falls
(num: 80), BADBABA, heard, heard
(num: 81), BADBABA, seen, seen
(num: 82), BADBABA
(num: 83), BADBABA, hungry, hungry
(num: 84), BADBABA
(num: 85), BADBABA, Woodfires
(num: 86), BADBABA, petty
(num: 87), BADBABA, naur
(num: 88), BADBABA, orchard, orchard, lull
(num: 89), BADBABA
(num: 90), BADBABA, Healers, Healers
(num: 91), BADBABA
(num: 92), BADBABA, weathers, weathers
(num: 93), BADBABA
(num: 94), BADBABA, sank, sank, sincahonda
(num: 95), BADBABA, everyone, everyone, sundown, sundown
(num: 96), BADBABA
(num: 97), BADBABA, adar
(num: 98), BADBABA, grass, grass, overthrew, axehewn
(num: 99), BADBABA, decayed, decayed
(num: 100), BADBABA, watched, watched
(num: 101), BADBABA, answer, answer, goblinbarkers, Hark, Hark, quenching
(num: 102), BADBABA, deserted, deserted, awaited, awaited, storeroom
(num: 103), BADBABA
(num: 104), BADBABA, defeated, defeated
(num: 105), BADBABA, Tower, Tower
(num: 106), BADBABA
(num: 107), BADBABA, grimfaced
(num: 108), BADBABA, Hissed, whitest
(num: 109), BADBABA
(num: 110), BADBABA
(num: 111), BADBABA, equivalent
(num: 112), BADBABA, wizards, wizards
(num: 113), BADBABA, anybody, boulders, boulders
(num: 114), BADBABA, churned, Lagduf
(num: 115), BADBABA, Scuttling
(num: 116), BADBABA
(num: 117), BADBABA, possession, possession, recognized, recognized, illuminate
(num: 118), BADBABA, meadowflowers
(num: 119), BADBABA, buy, buy
(num: 120), BADBABA, thee, thee
(num: 121), BADBABA, snugger
(num: 122), BADBABA, guaranteed, skewer, barring, barring, tting
(num: 123), BADBABA, ropeladder, Cirion, bloodthirsty
(num: 124), BADBABA
(num: 125), BADBABA, spasm, merciful, merciful
(num: 126), BADBABA, My, My, outstayed
(num: 127), BADBABA
(num: 128), BADBABA, century, century
(num: 129), BADBABA
(num: 130), BADBABA, ssh
(num: 131), BADBABA, bell, bell
(num: 132), BADBABA, rm
(num: 133), BADBABA
(num: 134), BADBABA, scrabbling, scrabbling
(num: 135), BADBABA
(num: 136), BADBABA, Southgate, Southgate
(num: 137), BADBABA, eruptions, details, details
(num: 138), BADBABA
(num: 139), BADBABA
(num: 140), BADBABA, dwarfsong, Jowyn, Jowyn, ROAD
(num: 141), BADBABA, Aragorns, Aragorns, especial, especial
(num: 142), BADBABA, discourtesy, discourtesy, slink
(num: 143), BADBABA, Bracegirdles, Bracegirdles
(num: 144), BADBABA, Behold, Behold, lettuce
(num: 145), BADBABA, banging, banging
(num: 146), BADBABA, dwarf, dwarf
(num: 147), BADBABA, athelas, athelas
(num: 148), BADBABA, grey, grey
(num: 149), BADBABA, capture, capture, rounds
(num: 150), BADBABA, furnace, furnace, starred
(num: 151), BADBABA, rners
(num: 152), BADBABA
(num: 153), BADBABA, abandons, pyre, pyre
(num: 154), BADBABA, Wizards, Wizards, angle, angle
(num: 155), BADBABA
(num: 156), BADBABA
(num: 157), BADBABA
(num: 158), BADBABA, midwinter
(num: 159), BADBABA, wires, gainsaying
(num: 160), BADBABA, join, join, bonfire, bonfire, disrespect, boxwoods
(num: 161), BADBABA, stonerings, Praised
(num: 162), BADBABA, ters
(num: 163), BADBABA, jutted, breathless, breathless
(num: 164), BADBABA
(num: 165), BADBABA
(num: 166), BADBABA, roamed, roamed, FIRE, FIRE
(num: 167), BADBABA
(num: 168), BADBABA, Bombur, Bombur
(num: 169), BADBABA
(num: 170), BADBABA, treepillars
(num: 171), BADBABA, War, War, earnestness
(num: 172), BADBABA, fulfil, fulfil
(num: 173), BADBABA, landlord, landlord
(num: 174), BADBABA, coppices, disgust, disgust
(num: 175), BADBABA, lightening, lightening
(num: 176), BADBABA, Eregion, lark
(num: 177), BADBABA, never, never, clap, shade, file, file
(num: 178), BADBABA, Thereupon, Thereupon
(num: 179), BADBABA, woodlands, woodlands
(num: 180), BADBABA, ticklish, lumpy, wrights, wrights
(num: 181), BADBABA, lady, lady
(num: 182), BADBABA
(num: 183), BADBABA, Smoking
(num: 184), BADBABA
(num: 185), BADBABA
(num: 186), BADBABA
(num: 187), BADBABA, side, side, bbhosh
(num: 188), BADBABA
(num: 189), BADBABA, this, this, clearvoiced
(num: 190), BADBABA
(num: 191), BADBABA, finished, finished, cringe, declining
(num: 192), BADBABA
(num: 193), BADBABA, lidless
(num: 194), BADBABA
(num: 195), BADBABA
(num: 196), BADBABA
(num: 197), BADBABA, lord, lord
(num: 198), BADBABA
(num: 199), BADBABA
(num: 200), BADBABA, pursued, mild, smokebreathing
(num: 201), BADBABA, Bless, Bless, filtering, filtering
(num: 202), BADBABA, An, An
(num: 203), BADBABA, impulse, impulse, outgarrison
(num: 204), BADBABA, New, New
(num: 205), BADBABA, newcomers, newcomers
(num: 206), BADBABA, bang, bang, dauntless, flowered, flowered
(num: 207), BADBABA, disturb, disturb
(num: 208), BADBABA
(num: 209), BADBABA, Wisenose
(num: 210), BADBABA, mending
(num: 211), BADBABA, waterfalls, waterfalls, stretched, stretched
(num: 212), BADBABA
(num: 213), BADBABA, baking
(num: 214), BADBABA, Birthday, Birthday
(num: 215), BADBABA, Bells
(num: 216), BADBABA, confess, qu, Eastfold
(num: 217), BADBABA
(num: 218), BADBABA, bees, bees
(num: 219), BADBABA
(num: 220), BADBABA, Midsummers, Cirith, Cirith, snowcapped, attired
(num: 221), BADBABA, libraries, libraries, shepherds, shepherds
(num: 222), BADBABA, astonished, astonished, onlookers, Immediately, Immediately
(num: 223), BADBABA, scared, scared, midmorning, bruising
(num: 224), BADBABA, summoning, summoning
(num: 225), BADBABA, Brockhouse, Brockhouse
(num: 226), BADBABA
(num: 227), BADBABA, SouthEast
(num: 228), BADBABA, worse, worse, drownd
(num: 229), BADBABA, gentlyrippling, Jowyns, Jowyns
(num: 230), BADBABA, aching, aching
(num: 231), BADBABA, advance, ores, ores, framed, framed, unsheathed, unsheathed
(num: 232), BADBABA, pitiless, pitiless
(num: 233), BADBABA
(num: 234), BADBABA
(num: 235), BADBABA, mossgreen, challenging, cloudwall
(num: 236), BADBABA, ill, ill, Past, Past
(num: 237), BADBABA, daughters, daughters
(num: 238), BADBABA
(num: 239), BADBABA, gardenings
(num: 240), BADBABA
(num: 241), BADBABA
(num: 242), BADBABA
(num: 243), BADBABA, badge, badge
(num: 244), BADBABA, Opens, Opens
(num: 245), BADBABA, heals
(num: 246), BADBABA, blurring
(num: 247), BADBABA
(num: 248), BADBABA, decent, decent, caress
(num: 249), BADBABA, fours, fours
(num: 250), BADBABA
(num: 251), BADBABA, jibbering, Harry, Harry, strengths, ny, ny
(num: 252), BADBABA, unforeseen, unforeseen
(num: 253), BADBABA
(num: 254), BADBABA, independent, independent, rom, rom, droves
(num: 255), BADBABA
(num: 256), BADBABA, undefended
(num: 257), BADBABA, Azanulbizar
(num: 258), BADBABA
(num: 259), BADBABA, Maddened
(num: 260), BADBABA, encroached
(num: 261), BADBABA
(num: 262), BADBABA, amusing, amusing
(num: 263), BADBABA, Am, Am
(num: 264), BADBABA
(num: 265), BADBABA
(num: 266), BADBABA
(num: 267), BADBABA, telltale
(num: 268), BADBABA, sheltered, mince, mince, asleep, asleep, V, V, imps
(num: 269), BADBABA, Gates, Gates, weavers
(num: 270), BADBABA
(num: 271), BADBABA
(num: 272), BADBABA
(num: 273), BADBABA, bowl, bowl, sehold
(num: 274), BADBABA
(num: 275), BADBABA, Foaming
(num: 276), BADBABA
(num: 277), BADBABA
(num: 278), BADBABA, jumps, brazenthroated
(num: 279), BADBABA, drainage
(num: 280), BADBABA, SHIRE, SHIRE
(num: 281), BADBABA
(num: 282), BADBABA, keener, tinkle, tinkle
(num: 283), BADBABA
(num: 284), BADBABA, ajar, ajar, heedfully
(num: 285), BADBABA, case, case
(num: 286), BADBABA, grassclad, grassclad, thorns, thorns
(num: 287), BADBABA, halfheeded
(num: 288), BADBABA, nobody, nobody, malady, malady
(num: 289), BADBABA, wearer
(num: 290), BADBABA, push, push, suspected, suspected, Roaring
(num: 291), BADBABA
(num: 292), BADBABA
(num: 293), BADBABA, surly, whatsoever, pent
(num: 294), BADBABA
(num: 295), BADBABA, scour, failed, failed
(num: 296), BADBABA, unravelling, unravelling
(num: 297), BADBABA
(num: 298), BADBABA
(num: 299), BADBABA
(num: 300), BADBABA, smaller, smaller
(num: 301), BADBABA
(num: 302), BADBABA
(num: 303), BADBABA, echoing, echoing
(num: 304), BADBABA, Mouth, Mouth
(num: 305), BADBABA, worries
(num: 306), BADBABA, retired, retired, ash, ash, imply
(num: 307), BADBABA, practical, menacingly, lords, lords
(num: 308), BADBABA, lined, lined
(num: 309), BADBABA
(num: 310), BADBABA, levelled, barrowtop
(num: 311), BADBABA
(num: 312), BADBABA, disagree, disagree, besiegers, besiegers
(num: 313), BADBABA, dreaming, dreaming, differ
(num: 314), BADBABA, lead, lead
(num: 315), BADBABA
(num: 316), BADBABA, Mist, Mist, Lockholes, Lockholes
(num: 317), BADBABA
(num: 318), BADBABA, wandering, wandering, seats, seats
(num: 319), BADBABA, our, our, remained, remained
(num: 320), BADBABA, necklaces, necklaces, grinned, foretold, foretold
(num: 321), BADBABA
(num: 322), BADBABA, handling, handling
(num: 323), BADBABA
(num: 324), BADBABA
(num: 325), BADBABA
(num: 326), BADBABA, Arose, aromatic
(num: 327), BADBABA, greatheart
(num: 328), BADBABA, gazes, Ten
(num: 329), BADBABA
(num: 330), BADBABA
(num: 331), BADBABA
(num: 332), BADBABA, misery, misery, orchead
(num: 333), BADBABA, storm, storm
(num: 334), BADBABA
(num: 335), BADBABA, pantries, below, below, scaling
(num: 336), BADBABA, outthrust, outthrust
(num: 337), BADBABA
(num: 338), BADBABA, conspirators, conspirators
(num: 339), BADBABA, ho, ho, excellence, excellence
(num: 340), BADBABA
(num: 341), BADBABA, steep, steep
(num: 342), BADBABA, preparing, preparing, rays, pored
(num: 343), BADBABA, Confusticate, minds, minds, treefull
(num: 344), BADBABA
(num: 345), BADBABA, spots, spots
(num: 346), BADBABA, wheeling, wheeling
(num: 347), BADBABA, vanish, vanish
(num: 348), BADBABA, unlading
(num: 349), BADBABA, orcgear
(num: 350), BADBABA, faded, faded
(num: 351), BADBABA, afire, afire, thrawn
(num: 352), BADBABA
(num: 353), BADBABA, sequels, sweetness
(num: 354), BADBABA, Dnedain, Dnedain
(num: 355), BADBABA, wolvishlooking, rocketing
(num: 356), BADBABA, Staddle, Staddle, Horsemaster
(num: 357), BADBABA
(num: 358), BADBABA
(num: 359), BADBABA
(num: 360), BADBABA
(num: 361), BADBABA, worked, worked
(num: 362), BADBABA
(num: 363), BADBABA, reasonably, elsewhither
(num: 364), BADBABA, creature, creature, grants
(num: 365), BADBABA, princesses, history, history
(num: 366), BADBABA, glared, glared
(num: 367), BADBABA, ordeal
(num: 368), BADBABA, brightest, chinks
(num: 369), BADBABA, ad
(num: 370), BADBABA, flagged
(num: 371), BADBABA
(num: 372), BADBABA, still, still, bind, bind, gladder
(num: 373), BADBABA, hoods, hoods
(num: 374), BADBABA
(num: 375), BADBABA, blown, blown
(num: 376), BADBABA
(num: 377), BADBABA, depend, wad
(num: 378), BADBABA
(num: 379), BADBABA, Grieve
(num: 380), BADBABA
(num: 381), BADBABA, warning, warning, Nimbrethil
(num: 382), BADBABA, pint, Trees, elvenships, chasms, swo, Annyn, Annyn
(num: 383), BADBABA, wilful, wilful
(num: 384), BADBABA, things, died, died, earthquake, earthquake
(num: 385), BADBABA
(num: 386), BADBABA, Grishnbkh, Grishnbkh, spills
(num: 387), BADBABA
(num: 388), BADBABA
(num: 389), BADBABA, itI
(num: 390), BADBABA
(num: 391), BADBABA, feeling, feeling
(num: 392), BADBABA, settled, settled, Never, Never
(num: 393), BADBABA
(num: 394), BADBABA
(num: 395), BADBABA, deafening, deafening, outlets, outlets
(num: 396), BADBABA, camped, camped, snapping, snapping
(num: 397), BADBABA, victimsand
(num: 398), BADBABA
(num: 399), BADBABA, hobbitpony
(num: 400), BADBABA, overborne
(num: 401), BADBABA
(num: 402), BADBABA
(num: 403), BADBABA, uplifted, Throwing
(num: 404), BADBABA, development
(num: 405), BADBABA, mires, mires
(num: 406), BADBABA, impervious
(num: 407), BADBABA, footmen, footmen, ungentle
(num: 408), BADBABA, expectancy, expectancy
(num: 409), BADBABA
(num: 410), BADBABA, exclamation, Health, Health, notch, notch
(num: 411), BADBABA, twigs, twigs, waxed, waxed
(num: 412), BADBABA, fruit, fruit
(num: 413), BADBABA, Northerland
(num: 414), BADBABA
(num: 415), BADBABA, sofa
(num: 416), BADBABA, nd, nd
(num: 417), BADBABA, cake, cake, scaled, scaled
(num: 418), BADBABA
(num: 419), BADBABA
(num: 420), BADBABA, obscurest, hardened, hardened, Hasnt
(num: 421), BADBABA, twostoreyed
(num: 422), BADBABA, brownhaired, pains, pains
(num: 423), BADBABA, Biter, Biter
(num: 424), BADBABA, spurred, spurred
(num: 425), BADBABA, goblins, goblins, heats
(num: 426), BADBABA, recovered, recovered, flitting, flitting
(num: 427), BADBABA
(num: 428), BADBABA
(num: 429), BADBABA
(num: 430), BADBABA, screeches
(num: 431), BADBABA, challenge, challenge
(num: 432), BADBABA
(num: 433), BADBABA, arrive, arrive, grovelling, grovelling
(num: 434), BADBABA, charge, charge
(num: 435), BADBABA, quie, nerveless, nerveless
(num: 436), BADBABA
(num: 437), BADBABA, Fear, Fear
(num: 438), BADBABA
(num: 439), BADBABA, gravel
(num: 440), BADBABA, carpets
(num: 441), BADBABA, depths, depths
(num: 442), BADBABA
(num: 443), BADBABA, justify
(num: 444), BADBABA
(num: 445), BADBABA
(num: 446), BADBABA, hush, hush, garth
(num: 447), BADBABA
(num: 448), BADBABA, doom, Trolls, Trolls, tramped, tramped
(num: 449), BADBABA, Dreary, Ones, jerkin, jerkin, pronounced
(num: 450), BADBABA, sold, sold, grinning, grinning
(num: 451), BADBABA
(num: 452), BADBABA
(num: 453), BADBABA, paddles, paddles
(num: 454), BADBABA, moderate, Hearts
(num: 455), BADBABA
(num: 456), BADBABA, custom, custom, voicing, voicing
(num: 457), BADBABA, ofmy
(num: 458), BADBABA, immensely, immensely
(num: 459), BADBABA
(num: 460), BADBABA
(num: 461), BADBABA, Fight
(num: 462), BADBABA, debate, debate, orctalk
(num: 463), BADBABA
(num: 464), BADBABA, rowans
(num: 465), BADBABA, bitsy
(num: 466), BADBABA, to, to, uncurled
(num: 467), BADBABA
(num: 468), BADBABA, killing, killing, displeased, closewoven
(num: 469), BADBABA, reader, reader, gagged
(num: 470), BADBABA, Blimey, stride, stride
(num: 471), BADBABA, galenas, Bagshot, Bagshot, canopied
(num: 472), BADBABA
(num: 473), BADBABA, leathery, leathery
(num: 474), BADBABA, live, live, reproachful, Dragged
(num: 475), BADBABA, ebony, stroking
(num: 476), BADBABA, tore, tore
(num: 477), BADBABA
(num: 478), BADBABA, reflects, reflects, sixty, sixty
(num: 479), BADBABA, commonroom, commonroom
(num: 480), BADBABA, Sky
(num: 481), BADBABA, Halfgrown, Greatly
(num: 482), BADBABA, twice, twice, hardest, hardest, Horn, Horn
(num: 483), BADBABA
(num: 484), BADBABA, Woses
(num: 485), BADBABA, sweating, sweating
(num: 486), BADBABA, ial
(num: 487), BADBABA
(num: 488), BADBABA, liken, hayfields
(num: 489), BADBABA, tending, tending
(num: 490), BADBABA, Ends, Ends
(num: 491), BADBABA, Staggering
(num: 492), BADBABA, Bunowes, critic
(num: 493), BADBABA, crashcrack
(num: 494), BADBABA, costs, costs
(num: 495), BADBABA, Gurgling
(num: 496), BADBABA
(num: 497), BADBABA, Dwimorberg, Dwimorberg
(num: 498), BADBABA, unimpeachable
(num: 499), BADBABA, Treasurehunter, biding, biding
(num: 500), BADBABA, several, several, judges, judges
(num: 501), BADBABA, Citadelgate
(num: 502), BADBABA
(num: 503), BADBABA, hes, hes
(num: 504), BADBABA, Dale, Dale, pause, pause, humble
(num: 505), BADBABA, kinship, kinship
(num: 506), BADBABA
(num: 507), BADBABA, Town, Feel, wreathe
(num: 508), BADBABA
(num: 509), BADBABA, Hush, Hush, slaying, slaying
(num: 510), BADBABA
(num: 511), BADBABA
(num: 512), BADBABA, there, there, lunch, lunch, swordday, apace
(num: 513), BADBABA, herself, herself, withou, withou
(num: 514), BADBABA, balance, orcfashion, orcfashion
(num: 515), BADBABA
(num: 516), BADBABA
(num: 517), BADBABA, burglary, clothesrail
(num: 518), BADBABA, high, high, Journey, Journey
(num: 519), BADBABA, heartened
(num: 520), BADBABA
(num: 521), BADBABA
(num: 522), BADBABA, elfrune, virtually, ageworn
(num: 523), BADBABA, tiring, tiring
(num: 524), BADBABA
(num: 525), BADBABA, reckoning, reckoning
(num: 526), BADBABA, kindling, language, language, months, months, naked, naked
(num: 527), BADBABA, Danger, staves, staves
(num: 528), BADBABA, pouch, pouch, gathers, gathers
(num: 529), BADBABA, gullies, gullies, burial, burial, outran
(num: 530), BADBABA
(num: 531), BADBABA, tier, Hunting, elfwrights
(num: 532), BADBABA, cropping
(num: 533), BADBABA, Country, whats, whats
(num: 534), BADBABA, charm
(num: 535), BADBABA, Swords, nosey
(num: 536), BADBABA
(num: 537), BADBABA
(num: 538), BADBABA, birthdayparties, birthdayparties, unreckoned
(num: 539), BADBABA
(num: 540), BADBABA, Ham
(num: 541), BADBABA, jabs
(num: 542), BADBABA, through, through, Greenleaf, Greenleaf
(num: 543), BADBABA
(num: 544), BADBABA
(num: 545), BADBABA
(num: 546), BADBABA, might, might
(num: 547), BADBABA, ll, ll
(num: 548), BADBABA, quarrelling, quarrelling, nameless, nameless
(num: 549), BADBABA, swifter, swifter, thornless
(num: 550), BADBABA, freshet, freshet
(num: 551), BADBABA
(num: 552), BADBABA
(num: 553), BADBABA, computed, offhand
(num: 554), BADBABA
(num: 555), BADBABA, anothers, anothers
(num: 556), BADBABA
(num: 557), BADBABA
(num: 558), BADBABA
(num: 559), BADBABA
(num: 560), BADBABA, be, be
(num: 561), BADBABA, special, special
(num: 562), BADBABA
(num: 563), BADBABA
(num: 564), BADBABA, famous, famous, umaryo, fondly, Walk, Walk
(num: 565), BADBABA, Smoke, Smoke
(num: 566), BADBABA
(num: 567), BADBABA, made, made, rubble, rubble
(num: 568), BADBABA, ime, sloth, sloth
(num: 569), BADBABA, clouds, clouds
(num: 570), BADBABA
(num: 571), BADBABA, dwarvish, dwarvish, swerved, swerved
(num: 572), BADBABA, frightened, frightened
(num: 573), BADBABA, forgive, forgive
(num: 574), BADBABA, grabbed, grabbed, Enter, Uin, Uin
(num: 575), BADBABA
(num: 576), BADBABA, Barrowwight, Barrowwight, cackled, cackled
(num: 577), BADBABA, assailed, assailed
(num: 578), BADBABA
(num: 579), BADBABA, undoubtedly, undoubtedly
(num: 580), BADBABA, quick, quick, guardhouse
(num: 581), BADBABA, releasing
(num: 582), BADBABA, dumbness
(num: 583), BADBABA, clawfingered
(num: 584), BADBABA, cot, cot
(num: 585), BADBABA
(num: 586), BADBABA
(num: 587), BADBABA
(num: 588), BADBABA, waits, successful, successful
(num: 589), BADBABA, horn, hauberk, hauberk
(num: 590), BADBABA, uneasily, uneasily
(num: 591), BADBABA, secrecy, secrecy, uruks, uruks
(num: 592), BADBABA
(num: 593), BADBABA
(num: 594), BADBABA, larches
(num: 595), BADBABA, crop
(num: 596), BADBABA, Norland, stabbingsword
(num: 597), BADBABA, Truehearted
(num: 598), BADBABA, sincerest, consider, consider, survived, survived
(num: 599), BADBABA, You, You, branch, branch
(num: 600), BADBABA, hidingplace, hidingplace
(num: 601), BADBABA, aloud, aloud, deduct
(num: 602), BADBABA
(num: 603), BADBABA, fellow, fellow
(num: 604), BADBABA, confusticate, confusticate, crusted, crusted, disguise, disguise
(num: 605), BADBABA, splash, splash, brandished, brandished
(num: 606), BADBABA, cheats, cheats
(num: 607), BADBABA, clay, clay
(num: 608), BADBABA, blot
(num: 609), BADBABA, pillows, pillows
(num: 610), BADBABA, dwimmerlaik, calculate
(num: 611), BADBABA
(num: 612), BADBABA, romp
(num: 613), BADBABA, repliedit, taters, taters
(num: 614), BADBABA, prodding
(num: 615), BADBABA, sneak, balin
(num: 616), BADBABA, scars, scars
(num: 617), BADBABA, As, As, bag, bag, creatures, creatures, wraithroad
(num: 618), BADBABA, hardiest
(num: 619), BADBABA, aggrieved
(num: 620), BADBABA, lake, lake
(num: 621), BADBABA, bark, bark, secured, secured
(num: 622), BADBABA, win, win
(num: 623), BADBABA, rag, rag
(num: 624), BADBABA
(num: 625), BADBABA
(num: 626), BADBABA, byword
(num: 627), BADBABA
(num: 628), BADBABA, studied, studied, Scatha
(num: 629), BADBABA, wrist, wrist, savagely
(num: 630), BADBABA, thud, thud, impregnable
(num: 631), BADBABA, proposed
(num: 632), BADBABA, dreading, dreading, Gloom, Fearless
(num: 633), BADBABA
(num: 634), BADBABA, venison, sleepies
(num: 635), BADBABA
(num: 636), BADBABA, terrifying, terrifying
(num: 637), BADBABA, Fanuidhol, Fanuidhol
(num: 638), BADBABA, smoothhewn
(num: 639), BADBABA, ngly, steadier
(num: 640), BADBABA
(num: 641), BADBABA
(num: 642), BADBABA
(num: 643), BADBABA
(num: 644), BADBABA, pleasant, pleasant, paler
(num: 645), BADBABA, postoffice, postoffice
(num: 646), BADBABA, tax
(num: 647), BADBABA, Foolish
(num: 648), BADBABA, elms, elms
(num: 649), BADBABA, plop, plop
(num: 650), BADBABA, recounted, recounted
(num: 651), BADBABA, plays, plays, Faithful, Faithful
(num: 652), BADBABA, undulating
(num: 653), BADBABA
(num: 654), BADBABA, surviving, elfcloak
(num: 655), BADBABA
(num: 656), BADBABA, envying
(num: 657), BADBABA, thornhedge, detect, detect
(num: 658), BADBABA, Irensaga
(num: 659), BADBABA
(num: 660), BADBABA, blur, blur
(num: 661), BADBABA
(num: 662), BADBABA, deal, deal
(num: 663), BADBABA, guessing, guessing, genealogical, genealogical
(num: 664), BADBABA, disposed, disposed
(num: 665), BADBABA, admirable, admirable, thane
(num: 666), BADBABA, shell, dominion, dominion
(num: 667), BADBABA
(num: 668), BADBABA, seventyseven, riverlands
(num: 669), BADBABA, belt, belt
(num: 670), BADBABA, straddled, Flocks
(num: 671), BADBABA, merit, merit
(num: 672), BADBABA, forestgate, forestgate, perform, perform, Cock, Cock
(num: 673), BADBABA, inmost, lolled, hatching
(num: 674), BADBABA
(num: 675), BADBABA
(num: 676), BADBABA, finest, finest
(num: 677), BADBABA
(num: 678), BADBABA, dwarfaxe
(num: 679), BADBABA, practised, practised
(num: 680), BADBABA, manypillared, manypillared
(num: 681), BADBABA, heavy, heavy, forges, forges
(num: 682), BADBABA, Syl, Syl, god, forefront
(num: 683), BADBABA, king, king, spiral, spiral, wormses
(num: 684), BADBABA, strictly
(num: 685), BADBABA
(num: 686), BADBABA, itching, plants, plants
(num: 687), BADBABA, resist, resist
(num: 688), BADBABA, Bregalad, Bregalad
(num: 689), BADBABA, Only, Only
(num: 690), BADBABA, o, comfortless, rockchamber
(num: 691), BADBABA, splayed, splayed
(num: 692), BADBABA, cowered, cowered
(num: 693), BADBABA, repa
(num: 694), BADBABA, hounds, hounds
(num: 695), BADBABA, deformity
(num: 696), BADBABA, Wind, Wind, final, final
(num: 697), BADBABA, remarkable, remarkable, townlands, townlands
(num: 698), BADBABA, yestereve, yestereve
(num: 699), BADBABA, ugly, ugly
(num: 700), BADBABA
(num: 701), BADBABA, dripping, dripping
(num: 702), BADBABA
(num: 703), BADBABA, Didst, clutter
(num: 704), BADBABA, tidings, tidings
(num: 705), BADBABA, conies, mountainshadowed, grotto
(num: 706), BADBABA, gimlets
(num: 707), BADBABA, iddleearth
(num: 708), BADBABA, up, up
(num: 709), BADBABA
(num: 710), BADBABA, whisker, Horns, Horns
(num: 711), BADBABA, neighbours, neighbours, breaches, breaches
(num: 712), BADBABA, handed, handed, jools, jools, halts, halts
(num: 713), BADBABA, Peregrins, warworthy
(num: 714), BADBABA, abashed, abashed
(num: 715), BADBABA, stumped, stumped
(num: 716), BADBABA, wheelbarrows
(num: 717), BADBABA, Fly, Fly, honeysmelling
(num: 718), BADBABA, calculations, Helms, Seldom, Seldom, Peril, Peril
(num: 719), BADBABA, extra, extra, bloodyhanded
(num: 720), BADBABA
(num: 721), BADBABA, walk, walk, Passing, Passing
(num: 722), BADBABA, undercuts
(num: 723), BADBABA
(num: 724), BADBABA
(num: 725), BADBABA
(num: 726), BADBABA, formed, Stoops, sparse
(num: 727), BADBABA, gateguards, chink, chink
(num: 728), BADBABA, strengthened, corrected, corrected, elffountains
(num: 729), BADBABA
(num: 730), BADBABA
(num: 731), BADBABA, resemble, resemble
(num: 732), BADBABA
(num: 733), BADBABA, Just, Just, campment
(num: 734), BADBABA
(num: 735), BADBABA, influence, influence
(num: 736), BADBABA
(num: 737), BADBABA
(num: 738), BADBABA
(num: 739), BADBABA, postern
(num: 740), BADBABA, eager, eager, disapproved, dr, dr
(num: 741), BADBABA, shrill, shrill, cooks
(num: 742), BADBABA
(num: 743), BADBABA
(num: 744), BADBABA
(num: 745), BADBABA, applewood, blanch
(num: 746), BADBABA, greetings, greetings
(num: 747), BADBABA, Frbr
(num: 748), BADBABA, met, met, longenduring
(num: 749), BADBABA, Without, Without, unfading
(num: 750), BADBABA, axehaft, axehaft
(num: 751), BADBABA
(num: 752), BADBABA, Having, Having
(num: 753), BADBABA, Gorgor, Gorgor
(num: 754), BADBABA, Slay, Slay
(num: 755), BADBABA, whistling, whistling, closeserried
(num: 756), BADBABA, Combe, Combe, uncovering
(num: 757), BADBABA, swirl, swirl, conclave, conclave
(num: 758), BADBABA, lowed, lowed
(num: 759), BADBABA, Ha, Ha, inform
(num: 760), BADBABA
(num: 761), BADBABA, tippet, slain, slain
(num: 762), BADBABA
(num: 763), BADBABA, waded, waded
(num: 764), BADBABA
(num: 765), BADBABA, watchfire, watchfire, subtleties
(num: 766), BADBABA, sweep, sweep
(num: 767), BADBABA
(num: 768), BADBABA, Arise, Arise
(num: 769), BADBABA, hides, hides
(num: 770), BADBABA
(num: 771), BADBABA, chopped, chopped, goest, birdlike, birdlike
(num: 772), BADBABA
(num: 773), BADBABA, warmer, warmer, untameable
(num: 774), BADBABA
(num: 775), BADBABA, speechless, speechless, piecemeal
(num: 776), BADBABA, Job, retained
(num: 777), BADBABA
(num: 778), BADBABA
(num: 779), BADBABA, Name, overtook, Muttering
(num: 780), BADBABA
(num: 781), BADBABA
(num: 782), BADBABA
(num: 783), BADBABA, panting, panting
(num: 784), BADBABA, Shirriffleader, Shirriffleader
(num: 785), BADBABA, Quickly, Quickly, enter, enter, inas
(num: 786), BADBABA, embroidered, embroidered
(num: 787), BADBABA, stonewrights
(num: 788), BADBABA, briefly, briefly, hobbitvoices
(num: 789), BADBABA, thoroughly, thoroughly, uneasiness, uneasiness
(num: 790), BADBABA, inflow, inflow
(num: 791), BADBABA, Halfelven, Halfelven, broods, broods
(num: 792), BADBABA
(num: 793), BADBABA, tripped, tripped
(num: 794), BADBABA, woodcrafty
(num: 795), BADBABA
(num: 796), BADBABA
(num: 797), BADBABA
(num: 798), BADBABA, juicysweet
(num: 799), BADBABA, ravening, ravening, Shirehobbits, Shirehobbits
(num: 800), BADBABA, befa
(num: 801), BADBABA
(num: 802), BADBABA
(num: 803), BADBABA
(num: 804), BADBABA
(num: 805), BADBABA, Now, Now, crowns, crowns
(num: 806), BADBABA
(num: 807), BADBABA, tiled, blaze, blaze
(num: 808), BADBABA, despair, despair, brisk
(num: 809), BADBABA
(num: 810), BADBABA, cackle
(num: 811), BADBABA, plundering, plundering
(num: 812), BADBABA, darent, darent, elvenboat
(num: 813), BADBABA
(num: 814), BADBABA, specializing
(num: 815), BADBABA, shares, shares
(num: 816), BADBABA, providing, whirlwind
(num: 817), BADBABA, aglar, amidst, amidst
(num: 818), BADBABA
(num: 819), BADBABA
(num: 820), BADBABA, possessor, seekers
(num: 821), BADBABA, dip, welltrodden, welltrodden
(num: 822), BADBABA
(num: 823), BADBABA, trickster, linens
(num: 824), BADBABA, Greenwood
(num: 825), BADBABA
(num: 826), BADBABA, trollhole, trollhole
(num: 827), BADBABA, glimpse, glimpse
(num: 828), BADBABA, torture, torture, thong, thong
(num: 829), BADBABA, wider, wider, ile, ile, Evermind
(num: 830), BADBABA, wake, wake
(num: 831), BADBABA
(num: 832), BADBABA, dales, dales
(num: 833), BADBABA, elves, elves, battleground
(num: 834), BADBABA, regions, regions, yawning, yawning
(num: 835), BADBABA, nose, nose, Mayor, busybody, unmanned, unmanned
(num: 836), BADBABA
(num: 837), BADBABA, scorings, knight, knight
(num: 838), BADBABA
(num: 839), BADBABA
(num: 840), BADBABA
(num: 841), BADBABA, invited, invited, Gross, Gross
(num: 842), BADBABA, bulk, Northfarthing, Northfarthing, Mat
(num: 843), BADBABA
(num: 844), BADBABA, drippings, measure, measure, holmoak
(num: 845), BADBABA, doorbut, silvergrey, Needless, Needless
(num: 846), BADBABA
(num: 847), BADBABA, waned, waned
(num: 848), BADBABA, onpoor, Amroth, Amroth
(num: 849), BADBABA
(num: 850), BADBABA, neighbour, neighbour
(num: 851), BADBABA, sickness, ai
(num: 852), BADBABA
(num: 853), BADBABA, Arent, double, double, scrolls, scrolls
(num: 854), BADBABA, howling, howling, trimming
(num: 855), BADBABA, Gather, mealtimes, Clambering
(num: 856), BADBABA, ruthless
(num: 857), BADBABA, skin, skin, safest, safest, grazing
(num: 858), BADBABA
(num: 859), BADBABA, del, del
(num: 860), BADBABA, restive
(num: 861), BADBABA, picks
(num: 862), BADBABA
(num: 863), BADBABA, defending, defending
(num: 864), BADBABA
(num: 865), BADBABA, great, great
(num: 866), BADBABA
(num: 867), BADBABA
(num: 868), BADBABA, shine, shine, Underhill, Underhill
(num: 869), BADBABA, memorable, waterand
(num: 870), BADBABA, muds
(num: 871), BADBABA, Riddles, Riddles, Treemen
(num: 872), BADBABA
(num: 873), BADBABA, Messrs
(num: 874), BADBABA, Swagger
(num: 875), BADBABA, careworn, careworn
(num: 876), BADBABA, supplied
(num: 877), BADBABA, sized, sized
(num: 878), BADBABA, bundles, rolled, rolled, Forward
(num: 879), BADBABA, shower, shower, werent, werent, Easier, Easier
(num: 880), BADBABA
(num: 881), BADBABA, innyard, innyard
(num: 882), BADBABA, Stick, Stick, humpbacked
(num: 883), BADBABA, led, summer, summer, eight, eight, leaders, Sorcery
(num: 884), BADBABA, service, service
(num: 885), BADBABA, drew, drew, bowmen, bowmen, dumbly
(num: 886), BADBABA, Narrow
(num: 887), BADBABA, management, management
(num: 888), BADBABA, glowing, glowing
(num: 889), BADBABA, mallorn, mallorn
(num: 890), BADBABA
(num: 891), BADBABA
(num: 892), BADBABA, catering
(num: 893), BADBABA, pan, pan
(num: 894), BADBABA
(num: 895), BADBABA
(num: 896), BADBABA, Third, Third
(num: 897), BADBABA
(num: 898), BADBABA
(num: 899), BADBABA
(num: 900), BADBABA, scheme, scheme
(num: 901), BADBABA, furtively, furtively
(num: 902), BADBABA, run, run, News, News
(num: 903), BADBABA, westering, prod, fortifying, entertainment, entertainment, toward, toward, Curiosity
(num: 904), BADBABA
(num: 905), BADBABA, Deepelves
(num: 906), BADBABA, honours
(num: 907), BADBABA
(num: 908), BADBABA, Angmar, Angmar, fodder, fodder
(num: 909), BADBABA, glint, glint, presentable
(num: 910), BADBABA, bits, bits
(num: 911), BADBABA
(num: 912), BADBABA, traveller, traveller
(num: 913), BADBABA, quieted
(num: 914), BADBABA, remoter
(num: 915), BADBABA, Guardians
(num: 916), BADBABA, being, being, Ancalagon
(num: 917), BADBABA
(num: 918), BADBABA
(num: 919), BADBABA
(num: 920), BADBABA, doggrel
(num: 921), BADBABA, shie
(num: 922), BADBABA, Esgaroth, Esgaroth, Sunset
(num: 923), BADBABA, storey, storey
(num: 924), BADBABA, unburdened, rhythm, rhythm
(num: 925), BADBABA, venerable, trill, wordhoard, praiseworthy
(num: 926), BADBABA, diminishing
(num: 927), BADBABA, village, village, shunned, shunned
(num: 928), BADBABA
(num: 929), BADBABA
(num: 930), BADBABA, thighs
(num: 931), BADBABA
(num: 932), BADBABA, boards, Clouds, Clouds, forbear, Southrealm, malinornjlion
(num: 933), BADBABA, lauril, Underworld
(num: 934), BADBABA, South, South, Stairs, Longshanks, coverlets, coverlets
(num: 935), BADBABA, confirm, confirm
(num: 936), BADBABA, pavement, vittles, vittles
(num: 937), BADBABA
(num: 938), BADBABA, appearances, appearances
(num: 939), BADBABA, quart
(num: 940), BADBABA, excitement, excitement, fogs, fogs
(num: 941), BADBABA, stop, stop, youth, youth
(num: 942), BADBABA, dimness, dimness
(num: 943), BADBABA, Ride, Ride
(num: 944), BADBABA
(num: 945), BADBABA, fits, fits, Biggest, Biggest
(num: 946), BADBABA, Oiolosslo
(num: 947), BADBABA
(num: 948), BADBABA
(num: 949), BADBABA
(num: 950), BADBABA
(num: 951), BADBABA
(num: 952), BADBABA
(num: 953), BADBABA
(num: 954), BADBABA, room, room, Ninnyhammers
(num: 955), BADBABA, Drawing, Drawing
(num: 956), BADBABA, England, scudded
(num: 957), BADBABA, FEAR, FEAR
(num: 958), BADBABA, interesting, interesting, cavernous, cavernous
(num: 959), BADBABA, suspended
(num: 960), BADBABA, tunnel, tunnel, alongside, oval, oval
(num: 961), BADBABA
(num: 962), BADBABA, lengthened, lengthened, furrowed
(num: 963), BADBABA
(num: 964), BADBABA, dozed, dozed, darkhaired, vermin, vermin
(num: 965), BADBABA
(num: 966), BADBABA
(num: 967), BADBABA
(num: 968), BADBABA, weapons, weapons, loremasters, loremasters
(num: 969), BADBABA
(num: 970), BADBABA, woman, woman
(num: 971), BADBABA, strand, strand, bleared, bleared
(num: 972), BADBABA, Gljowine
(num: 973), BADBABA
(num: 974), BADBABA, uncle, uncle, loosen
(num: 975), BADBABA
(num: 976), BADBABA, stuff, stuff, Companies, drawer, drawer
(num: 977), BADBABA
(num: 978), BADBABA
(num: 979), BADBABA, woodelves, woodelves, closing, closing, greenfeathered
(num: 980), BADBABA, overlapped, Flui, Flui
(num: 981), BADBABA
(num: 982), BADBABA, unheated, Torches
(num: 983), BADBABA, schemed
(num: 984), BADBABA, assault, assault, heartless, reception
(num: 985), BADBABA
(num: 986), BADBABA
(num: 987), BADBABA
(num: 988), BADBABA, Morgoth, nighteyed
(num: 989), BADBABA, Ringll
(num: 990), BADBABA, gleam, gleam, todo, todo
(num: 991), BADBABA
(num: 992), BADBABA, does, does
(num: 993), BADBABA
(num: 994), BADBABA
(num: 995), BADBABA, portends, gloat, gloat
(num: 996), BADBABA, basket, basket
(num: 997), BADBABA, Pkelmen, Pkelmen
(num: 998), BADBABA, obeying
(num: 999), BADBABA
(num: 1000), BADBABA, fighting, fighting, emptiness, emptiness
(num: 1001), BADBABA, Oin, Oin
(num: 1002), BADBABA
(num: 1003), BADBABA, fern, fern
(num: 1004), BADBABA, Itll, fully, fully
(num: 1005), BADBABA
(num: 1006), BADBABA
(num: 1007), BADBABA, Orodruin, Orodruin, Ther
(num: 1008), BADBABA
(num: 1009), BADBABA, piled, piled
(num: 1010), BADBABA, vexed, vexed, gatekeepers, gatekeepers
(num: 1011), BADBABA
(num: 1012), BADBABA, hear, hear
(num: 1013), BADBABA, strongly, strongly
(num: 1014), BADBABA, Race
(num: 1015), BADBABA, townbaiting, cured, hobbitlore
(num: 1016), BADBABA, bridges, bridges
(num: 1017), BADBABA, smoked, smoked, ruffianly
(num: 1018), BADBABA
(num: 1019), BADBABA, union
(num: 1020), BADBABA
(num: 1021), BADBABA, coronal
(num: 1022), BADBABA
(num: 1023), BADBABA, Vorondil
(num: 1024), BADBABA, thudded, thudded, nostari
(num: 1025), BADBABA, mountainpaths, surmounted
(num: 1026), BADBABA, ambling, foes, foes, reminder, reminder
(num: 1027), BADBABA, noon, noon, birthdayparty, veered, veered
(num: 1028), BADBABA, march, march
(num: 1029), BADBABA, landlords
(num: 1030), BADBABA
(num: 1031), BADBABA
(num: 1032), BADBABA, tables, tables, sterner, sterner
(num: 1033), BADBABA, easier, easier
(num: 1034), BADBABA, clawlike, Fen
(num: 1035), BADBABA
(num: 1036), BADBABA, weight, weight
(num: 1037), BADBABA
(num: 1038), BADBABA
(num: 1039), BADBABA
(num: 1040), BADBABA, Flickering
(num: 1041), BADBABA, punished, rockwall, signed, signed, sturdily
(num: 1042), BADBABA, blazed, blazed
(num: 1043), BADBABA, valleyside, valleyside
(num: 1044), BADBABA, somebody, somebody
(num: 1045), BADBABA, famine
(num: 1046), BADBABA, People, People, stated, ninetynine, ninetynine, Curunnr, Curunnr
(num: 1047), BADBABA, eyrie, eyrie, unhappily, unhappily, suffered, suffered
(num: 1048), BADBABA
(num: 1049), BADBABA
(num: 1050), BADBABA, Springlering
(num: 1051), BADBABA, turfbanks
(num: 1052), BADBABA
(num: 1053), BADBABA, blimey, ironnailed
(num: 1054), BADBABA, common, common
(num: 1055), BADBABA, Her, Her
(num: 1056), BADBABA
(num: 1057), BADBABA, passing, passing, denser, denser
(num: 1058), BADBABA, heaped, heaped
(num: 1059), BADBABA
(num: 1060), BADBABA, opening, opening
(num: 1061), BADBABA, snowwhite, snowwhite
(num: 1062), BADBABA
(num: 1063), BADBABA
(num: 1064), BADBABA
(num: 1065), BADBABA, Ill, Ill, Windfola, Windfola
(num: 1066), BADBABA, meadows, Hobbit, Hobbit, humps, humps
(num: 1067), BADBABA, endings, Place, Place
(num: 1068), BADBABA, welloff, welloff
(num: 1069), BADBABA, sights, Westfold, Westfold
(num: 1070), BADBABA, Wilderness
(num: 1071), BADBABA
(num: 1072), BADBABA, alarmingly
(num: 1073), BADBABA, sluice
(num: 1074), BADBABA
(num: 1075), BADBABA, think, think
(num: 1076), BADBABA, plunged, plunged
(num: 1077), BADBABA, lordly, lordly
(num: 1078), BADBABA, sang, otherwise, otherwise, Dad
(num: 1079), BADBABA, aboveground
(num: 1080), BADBABA
(num: 1081), BADBABA, Engagement, circular, circular
(num: 1082), BADBABA
(num: 1083), BADBABA
(num: 1084), BADBABA, talk, talk
(num: 1085), BADBABA, blinding, blinding
(num: 1086), BADBABA, Perhaps, Perhaps, stub
(num: 1087), BADBABA, goodnatured, goodnatured
(num: 1088), BADBABA, elbow, elbow
(num: 1089), BADBABA
(num: 1090), BADBABA, drank, drank, moria, deepcloven, deepcloven
(num: 1091), BADBABA, trace, trace
(num: 1092), BADBABA, forever, disc, disc
(num: 1093), BADBABA, gentlehobbit, gentlehobbit
(num: 1094), BADBABA, While, While, conspiracy, conspiracy
(num: 1095), BADBABA, doors, doors, latecomers
(num: 1096), BADBABA, pinnacle, pinnacle, shor
(num: 1097), BADBABA
(num: 1098), BADBABA, so, so, choice, dreadfully, dreadfully, mortally, forgave, Leaping
(num: 1099), BADBABA, wagged, wagged
(num: 1100), BADBABA
(num: 1101), BADBABA, blinking, blinking, recognize, recognize
(num: 1102), BADBABA, frauds, grasping, grasping
(num: 1103), BADBABA
(num: 1104), BADBABA
(num: 1105), BADBABA, backdoor, backdoor
(num: 1106), BADBABA
(num: 1107), BADBABA, sweettongued
(num: 1108), BADBABA
(num: 1109), BADBABA
(num: 1110), BADBABA
(num: 1111), BADBABA
(num: 1112), BADBABA, despoiling, lilyflowers
(num: 1113), BADBABA, backand, irked
(num: 1114), BADBABA
(num: 1115), BADBABA, fountains, fountains, grieve, divining
(num: 1116), BADBABA
(num: 1117), BADBABA, rim, rim, MORGUL
(num: 1118), BADBABA, stout, stout
(num: 1119), BADBABA, furlong, furlong, orcarrows, orcarrows
(num: 1120), BADBABA, let, let, snored, snored, outflung
(num: 1121), BADBABA, gar
(num: 1122), BADBABA, body, body, maruvan
(num: 1123), BADBABA
(num: 1124), BADBABA
(num: 1125), BADBABA
(num: 1126), BADBABA, wanderers, wanderers, harms
(num: 1127), BADBABA
(num: 1128), BADBABA, sneered, deposed
(num: 1129), BADBABA
(num: 1130), BADBABA, suspiciouslooking, braids, braids, stonecircle
(num: 1131), BADBABA
(num: 1132), BADBABA, unsullied
(num: 1133), BADBABA, Hardening
(num: 1134), BADBABA
(num: 1135), BADBABA, waistcoat, waistcoat, pipeweed, pipeweed, forehead, forehead, halfhigh
(num: 1136), BADBABA, portageway, portageway, meagre
(num: 1137), BADBABA
(num: 1138), BADBABA, snore, snore
(num: 1139), BADBABA, defences, oddlooking, oddlooking, queens, queens
(num: 1140), BADBABA, lantern, lantern, laboured, laboured
(num: 1141), BADBABA
(num: 1142), BADBABA, frowned, Shiremuster, Shadowmere
(num: 1143), BADBABA
(num: 1144), BADBABA, cocks
(num: 1145), BADBABA, soldier, soldier
(num: 1146), BADBABA, Thats, Thats, si, si
(num: 1147), BADBABA
(num: 1148), BADBABA, elvencloaks, elvencloaks
(num: 1149), BADBABA, lea, lea
(num: 1150), BADBABA, clasping, clasping
(num: 1151), BADBABA, hurryings
(num: 1152), BADBABA
(num: 1153), BADBABA, Valour, Valour
(num: 1154), BADBABA
(num: 1155), BADBABA
(num: 1156), BADBABA, camea
(num: 1157), BADBABA, Clopclop
(num: 1158), BADBABA
(num: 1159), BADBABA
(num: 1160), BADBABA, lightningblast
(num: 1161), BADBABA, orcscratch
(num: 1162), BADBABA, hearth, hearth, contribute, knifed
(num: 1163), BADBABA, fivestringed
(num: 1164), BADBABA
(num: 1165), BADBABA, unsaddled
(num: 1166), BADBABA, coining
(num: 1167), BADBABA, laving
(num: 1168), BADBABA, splashed, splashed
(num: 1169), BADBABA, triumph, triumph
(num: 1170), BADBABA, heavier, heavier
(num: 1171), BADBABA, retreat, retreat
(num: 1172), BADBABA, hosts, hosts
(num: 1173), BADBABA, played, played, treetalk, oathbreakers
(num: 1174), BADBABA, trouble, trouble
(num: 1175), BADBABA
(num: 1176), BADBABA, smashing, woodman
(num: 1177), BADBABA
(num: 1178), BADBABA, if, if, waterways, waterways
(num: 1179), BADBABA, ye, ye, neglect
(num: 1180), BADBABA, annthennath, mymakil, mymakil
(num: 1181), BADBABA, Eve, unquiet, gorging
(num: 1182), BADBABA, browner, confer
(num: 1183), BADBABA
(num: 1184), BADBABA, Killem, renowned, renowned, tie, tie
(num: 1185), BADBABA, begged, begged, Level
(num: 1186), BADBABA, turns, turns, unlovely, fret
(num: 1187), BADBABA
(num: 1188), BADBABA
(num: 1189), BADBABA, pads, pads
(num: 1190), BADBABA, dithering
(num: 1191), BADBABA, IV, IV, rampant
(num: 1192), BADBABA, sanddunes
(num: 1193), BADBABA
(num: 1194), BADBABA, dismiss, dismiss
(num: 1195), BADBABA, sloping, sloping, halfburned
(num: 1196), BADBABA, Sunll, exiled
(num: 1197), BADBABA, Says, Says
(num: 1198), BADBABA, stagger, stagger
(num: 1199), BADBABA, Its, Its, beast, beast, skyfields
(num: 1200), BADBABA
(num: 1201), BADBABA
(num: 1202), BADBABA, mountainstreams, stabbed, stabbed, greyclad, greyclad
(num: 1203), BADBABA, barrier, barrier
(num: 1204), BADBABA, hats, beech, Always, Always
(num: 1205), BADBABA, breeches, breeches
(num: 1206), BADBABA, coldly
(num: 1207), BADBABA
(num: 1208), BADBABA, correct, Evil, Evil, Shirehistorians
(num: 1209), BADBABA, narrow, narrow, mountainborders
(num: 1210), BADBABA, greenyellow
(num: 1211), BADBABA, ladders, ladders, farmhouses, Fearfully
(num: 1212), BADBABA, blotted, blotted
(num: 1213), BADBABA
(num: 1214), BADBABA
(num: 1215), BADBABA, misfortunes, aimlessly, sill, sill
(num: 1216), BADBABA
(num: 1217), BADBABA
(num: 1218), BADBABA, fourth, fourth
(num: 1219), BADBABA, lettered, lettered
(num: 1220), BADBABA
(num: 1221), BADBABA
(num: 1222), BADBABA, destruction, clambered, clambered, END, END
(num: 1223), BADBABA
(num: 1224), BADBABA, band, band, waterless, waterless
(num: 1225), BADBABA, contentedly, contentedly, possessing, possessing
(num: 1226), BADBABA, comprehending
(num: 1227), BADBABA
(num: 1228), BADBABA, black, black
(num: 1229), BADBABA, flame, flame, descend, descend
(num: 1230), BADBABA, burglarexpert, wakenot
(num: 1231), BADBABA, scrambling, scrambling, Southfarthing, Southfarthing, Mortal, Mortal
(num: 1232), BADBABA
(num: 1233), BADBABA
(num: 1234), BADBABA, forestgloom, allies, allies
(num: 1235), BADBABA, Thag, orcstuff, orcstuff
(num: 1236), BADBABA, scrubbed
(num: 1237), BADBABA
(num: 1238), BADBABA, waist, riddle, riddle
(num: 1239), BADBABA, judgements
(num: 1240), BADBABA
(num: 1241), BADBABA
(num: 1242), BADBABA
(num: 1243), BADBABA, happen, stones, stones, husbandmen, husbandmen
(num: 1244), BADBABA
(num: 1245), BADBABA, Unmasked, foreign, foreign, Aiglos
(num: 1246), BADBABA
(num: 1247), BADBABA
(num: 1248), BADBABA
(num: 1249), BADBABA
(num: 1250), BADBABA, Concerning, Concerning
(num: 1251), BADBABA, popular, popular
(num: 1252), BADBABA
(num: 1253), BADBABA, solemn, solemn, actually, actually, alight, alight, dullwitted
(num: 1254), BADBABA
(num: 1255), BADBABA
(num: 1256), BADBABA, shrouding
(num: 1257), BADBABA, undone, blanket, blanket, bringer
(num: 1258), BADBABA
(num: 1259), BADBABA, account, account, greyness, Gelin, Gelin
(num: 1260), BADBABA, hesitatingly
(num: 1261), BADBABA
(num: 1262), BADBABA, Tobold, Tobold, ma, ma
(num: 1263), BADBABA, speed, speed, Listen, Listen
(num: 1264), BADBABA
(num: 1265), BADBABA, trying, trying, prank, alder, alder
(num: 1266), BADBABA
(num: 1267), BADBABA, fluffy
(num: 1268), BADBABA, Nowhere, Nowhere
(num: 1269), BADBABA
(num: 1270), BADBABA, water, water, terrors
(num: 1271), BADBABA
(num: 1272), BADBABA, wherever, wherever, wielding, wielding
(num: 1273), BADBABA
(num: 1274), BADBABA, limited, limited, permanently, permanently
(num: 1275), BADBABA
(num: 1276), BADBABA
(num: 1277), BADBABA, sparkled, sparkled
(num: 1278), BADBABA
(num: 1279), BADBABA
(num: 1280), BADBABA
(num: 1281), BADBABA
(num: 1282), BADBABA, plates, plates, override
(num: 1283), BADBABA, glittering, glittering
(num: 1284), BADBABA
(num: 1285), BADBABA, This, This, climb, climb
(num: 1286), BADBABA
(num: 1287), BADBABA, removal, removal
(num: 1288), BADBABA
(num: 1289), BADBABA, save, save
(num: 1290), BADBABA
(num: 1291), BADBABA, embrasures, unmingled
(num: 1292), BADBABA
(num: 1293), BADBABA, himWhat, thereand
(num: 1294), BADBABA, presence, stronger, stronger, repented
(num: 1295), BADBABA
(num: 1296), BADBABA, perpetually
(num: 1297), BADBABA, out, out
(num: 1298), BADBABA, untroubling
(num: 1299), BADBABA, Djagol
(num: 1300), BADBABA, robbers, robbers
(num: 1301), BADBABA, green, green
(num: 1302), BADBABA
(num: 1303), BADBABA
(num: 1304), BADBABA, jogging, jogging
(num: 1305), BADBABA
(num: 1306), BADBABA, mystery, mystery
(num: 1307), BADBABA, Elflady
(num: 1308), BADBABA, Nonetheless, Nonetheless
(num: 1309), BADBABA, Rabbit, Rabbit
(num: 1310), BADBABA
(num: 1311), BADBABA, appointed, cock, cock
(num: 1312), BADBABA
(num: 1313), BADBABA, foretelling, foretelling, leaftip, newplanted
(num: 1314), BADBABA
(num: 1315), BADBABA, Odd, millyard
(num: 1316), BADBABA, climber, friendship, friendship
(num: 1317), BADBABA, Tuesday
(num: 1318), BADBABA
(num: 1319), BADBABA
(num: 1320), BADBABA, genuinely
(num: 1321), BADBABA, ninnyhammer, ninnyhammer
(num: 1322), BADBABA, standards, standards
(num: 1323), BADBABA
(num: 1324), BADBABA, Expect, vomited, vomited
(num: 1325), BADBABA, squeak, squeak
(num: 1326), BADBABA
(num: 1327), BADBABA, Tis, Tis
(num: 1328), BADBABA
(num: 1329), BADBABA, alluded
(num: 1330), BADBABA, duck, Too, Too
(num: 1331), BADBABA
(num: 1332), BADBABA, loosely, loosely
(num: 1333), BADBABA
(num: 1334), BADBABA
(num: 1335), BADBABA, Caveyard
(num: 1336), BADBABA
(num: 1337), BADBABA
(num: 1338), BADBABA
(num: 1339), BADBABA
(num: 1340), BADBABA, hobbits, hobbits, new, new
(num: 1341), BADBABA, chairs, chairs, hacks
(num: 1342), BADBABA, seized, seized, steward, steward
(num: 1343), BADBABA
(num: 1344), BADBABA, basis, Shadowmen
(num: 1345), BADBABA, limb, limb
(num: 1346), BADBABA
(num: 1347), BADBABA, hurriedly, hurriedly
(num: 1348), BADBABA
(num: 1349), BADBABA, Yesterday, Yesterday
(num: 1350), BADBABA, mockpoliteness, pockethandkerchiefs, pockethandkerchiefs
(num: 1351), BADBABA, boatload
(num: 1352), BADBABA, Envinyatar
(num: 1353), BADBABA, clump, success, success, profound, profound
(num: 1354), BADBABA, drained, drained, hornlike
(num: 1355), BADBABA
(num: 1356), BADBABA, Necromancer, Necromancer, snakeses
(num: 1357), BADBABA, dungeons, dungeons, cares, cares
(num: 1358), BADBABA, pickle, pickle, armpit, musing, musing
(num: 1359), BADBABA, Dnhere, Dnhere
(num: 1360), BADBABA, profou
(num: 1361), BADBABA, blankets, blankets
(num: 1362), BADBABA
(num: 1363), BADBABA, spider, spider
(num: 1364), BADBABA
(num: 1365), BADBABA, wonderful, wonderful
(num: 1366), BADBABA
(num: 1367), BADBABA, Plague
(num: 1368), BADBABA, stools, stools
(num: 1369), BADBABA
(num: 1370), BADBABA
(num: 1371), BADBABA, garner, boasted
(num: 1372), BADBABA
(num: 1373), BADBABA, wrest
(num: 1374), BADBABA
(num: 1375), BADBABA, ruin, ruin, despaired, despaired, intelligence, intelligence
(num: 1376), BADBABA
(num: 1377), BADBABA, tickled, Angren, Angren
(num: 1378), BADBABA, raised, raised, Isildurs, Isildurs
(num: 1379), BADBABA
(num: 1380), BADBABA
(num: 1381), BADBABA, Some, Some
(num: 1382), BADBABA, veranda, veranda, slumbering, Shagrats, Shagrats
(num: 1383), BADBABA
(num: 1384), BADBABA, caging
(num: 1385), BADBABA, Flames
(num: 1386), BADBABA
(num: 1387), BADBABA, Youre, Youre
(num: 1388), BADBABA, wouldst
(num: 1389), BADBABA, licking, licking, assortment
(num: 1390), BADBABA
(num: 1391), BADBABA, ding, ding
(num: 1392), BADBABA, views, views
(num: 1393), BADBABA, likely, likely
(num: 1394), BADBABA, grumble, grumble
(num: 1395), BADBABA
(num: 1396), BADBABA
(num: 1397), BADBABA, aback, facing, facing, whitepaved
(num: 1398), BADBABA, unrevealed, sin
(num: 1399), BADBABA, stand, stand, Monstrous
(num: 1400), BADBABA
(num: 1401), BADBABA, price, price, misinterpreting
(num: 1402), BADBABA
(num: 1403), BADBABA, distances, distances
(num: 1404), BADBABA, audacious, audacious, wrinkled, wrinkled
(num: 1405), BADBABA, satisfy, satisfy
(num: 1406), BADBABA
(num: 1407), BADBABA
(num: 1408), BADBABA
(num: 1409), BADBABA, swor, swor
(num: 1410), BADBABA, chiefly, chiefly, terraces, terraces
(num: 1411), BADBABA
(num: 1412), BADBABA, done, Before, Before
(num: 1413), BADBABA, Shoot
(num: 1414), BADBABA, gold, gold, handkerchiefs, Picking, Picking
(num: 1415), BADBABA
(num: 1416), BADBABA
(num: 1417), BADBABA, orcshirt
(num: 1418), BADBABA
(num: 1419), BADBABA, knowvery, larch, uninjured
(num: 1420), BADBABA
(num: 1421), BADBABA, bout, bout
(num: 1422), BADBABA
(num: 1423), BADBABA, grim, grim, Sunless, Inglorion, Inglorion
(num: 1424), BADBABA, Dora, ves, ves
(num: 1425), BADBABA, pointed, pointed, valour, valour
(num: 1426), BADBABA, supposed, supposed
(num: 1427), BADBABA, heas, repaired, repaired
(num: 1428), BADBABA, move, move, ringing, ringing
(num: 1429), BADBABA, sped, sped
(num: 1430), BADBABA
(num: 1431), BADBABA
(num: 1432), BADBABA
(num: 1433), BADBABA
(num: 1434), BADBABA, filling, filling, pricking
(num: 1435), BADBABA, hood, hood, trickle, trickle, undersized
(num: 1436), BADBABA, simply, simply
(num: 1437), BADBABA, began, began, parleying
(num: 1438), BADBABA, sounded, sounded, Appoint
(num: 1439), BADBABA, jo
(num: 1440), BADBABA
(num: 1441), BADBABA, Doubly
(num: 1442), BADBABA
(num: 1443), BADBABA
(num: 1444), BADBABA
(num: 1445), BADBABA, angrily, angrily, Lodgings, incantation, incantation
(num: 1446), BADBABA
(num: 1447), BADBABA
(num: 1448), BADBABA, brooches
(num: 1449), BADBABA, twist, promises, promises, lazily
(num: 1450), BADBABA, slouched
(num: 1451), BADBABA, westlands, Argonath, Argonath, anchored
(num: 1452), BADBABA, swordblades, palfrey, palfrey
(num: 1453), BADBABA, smiled, Swiftly, Swiftly
(num: 1454), BADBABA
(num: 1455), BADBABA, idiotic, lively, lively, grove, grove
(num: 1456), BADBABA
(num: 1457), BADBABA
(num: 1458), BADBABA
(num: 1459), BADBABA
(num: 1460), BADBABA, depredations, lust, lust, ghostly, ghostly
(num: 1461), BADBABA, Panic
(num: 1462), BADBABA
(num: 1463), BADBABA, purses, felled, felled
(num: 1464), BADBABA, skirted, skirted
(num: 1465), BADBABA, humped
(num: 1466), BADBABA, pleasure, pleasure, campcooking
(num: 1467), BADBABA, din, din
(num: 1468), BADBABA, brackets, Key, Key
(num: 1469), BADBABA
(num: 1470), BADBABA
(num: 1471), BADBABA, come, come, cupboard, horned, horned
(num: 1472), BADBABA, Presumed, skies, skies
(num: 1473), BADBABA
(num: 1474), BADBABA, saved, saved, crowned, crowned
(num: 1475), BADBABA, rut
(num: 1476), BADBABA, bexre, prints, prints
(num: 1477), BADBABA, glowered, Curtain, Curtain
(num: 1478), BADBABA, brightly, brightly
(num: 1479), BADBABA, Dwarves, Dwarves
(num: 1480), BADBABA
(num: 1481), BADBABA
(num: 1482), BADBABA
(num: 1483), BADBABA
(num: 1484), BADBABA, slunk, slunk
(num: 1485), BADBABA, numb
(num: 1486), BADBABA
(num: 1487), BADBABA
(num: 1488), BADBABA, bathed, bathed, overlapping
(num: 1489), BADBABA, bottommost
(num: 1490), BADBABA
(num: 1491), BADBABA
(num: 1492), BADBABA
(num: 1493), BADBABA, rea
(num: 1494), BADBABA
(num: 1495), BADBABA, fortnight, fortnight
(num: 1496), BADBABA
(num: 1497), BADBABA, wellfarmed, stirrupcup, Elanor, Elanor
(num: 1498), BADBABA
(num: 1499), BADBABA
(num: 1500), BADBABA
(num: 1501), BADBABA, convenience, convenience
(num: 1502), BADBABA
(num: 1503), BADBABA, above, above
(num: 1504), BADBABA
(num: 1505), BADBABA
(num: 1506), BADBABA
(num: 1507), BADBABA
(num: 1508), BADBABA
(num: 1509), BADBABA
(num: 1510), BADBABA, relieve, Ruling, beechen, beechen
(num: 1511), BADBABA
(num: 1512), BADBABA, unwearyingly
(num: 1513), BADBABA
(num: 1514), BADBABA
(num: 1515), BADBABA, booby, flock, y, y
(num: 1516), BADBABA, trenches, trenches
(num: 1517), BADBABA
(num: 1518), BADBABA, breathlessness
(num: 1519), BADBABA, haymaking
(num: 1520), BADBABA, insectlike
(num: 1521), BADBABA
(num: 1522), BADBABA, knowledge, knowledge, Drat, Drat
(num: 1523), BADBABA, Morgullord, sunless, sunless, Absurdly
(num: 1524), BADBABA, storms, storms, destroyer
(num: 1525), BADBABA, bodyguard, bodyguard
(num: 1526), BADBABA, wellgroomed
(num: 1527), BADBABA, resin
(num: 1528), BADBABA, patient, patient
(num: 1529), BADBABA, Havens, Havens
(num: 1530), BADBABA, calls, calls
(num: 1531), BADBABA, grassland, grassland, Brm
(num: 1532), BADBABA
(num: 1533), BADBABA
(num: 1534), BADBABA, stouter
(num: 1535), BADBABA
(num: 1536), BADBABA
(num: 1537), BADBABA, repaid, repaid
(num: 1538), BADBABA
(num: 1539), BADBABA, willed
(num: 1540), BADBABA, dew, dew, Ps
(num: 1541), BADBABA
(num: 1542), BADBABA, undid, undid
(num: 1543), BADBABA, Clearer
(num: 1544), BADBABA
(num: 1545), BADBABA
(num: 1546), BADBABA, apples, apples, apparent
(num: 1547), BADBABA
(num: 1548), BADBABA
(num: 1549), BADBABA, miller, miller, whimpering, whimpering
(num: 1550), BADBABA, hobble, lullaby
(num: 1551), BADBABA, these, these
(num: 1552), BADBABA
(num: 1553), BADBABA
(num: 1554), BADBABA, Westward, Westward
(num: 1555), BADBABA, snorted, snorted
(num: 1556), BADBABA, scrap
(num: 1557), BADBABA, article
(num: 1558), BADBABA, Barely, Treebea
(num: 1559), BADBABA
(num: 1560), BADBABA
(num: 1561), BADBABA, audience, audience, pleasenice
(num: 1562), BADBABA
(num: 1563), BADBABA, Stoningland
(num: 1564), BADBABA, exposed, defy, defy
(num: 1565), BADBABA, scantily
(num: 1566), BADBABA
(num: 1567), BADBABA, otter
(num: 1568), BADBABA, attached
(num: 1569), BADBABA, Tol, Tol
(num: 1570), BADBABA, reflection, reflection
(num: 1571), BADBABA
(num: 1572), BADBABA, boast, boast
(num: 1573), BADBABA
(num: 1574), BADBABA, slopes, slopes
(num: 1575), BADBABA, strewn, strewn, despondently, despondently
(num: 1576), BADBABA, where, where
(num: 1577), BADBABA
(num: 1578), BADBABA
(num: 1579), BADBABA, dratted, dratted, tads
(num: 1580), BADBABA, recalled, recalled, eleni
(num: 1581), BADBABA, blew, blew, unmercifully, licked, licked
(num: 1582), BADBABA, Calaciryo, dreamshadows
(num: 1583), BADBABA, fist, Rocks
(num: 1584), BADBABA, ancestors, ancestors, hunched, hunched
(num: 1585), BADBABA, Driven
(num: 1586), BADBABA, bebother
(num: 1587), BADBABA, jarred, barrow, barrow
(num: 1588), BADBABA, Blade, Blade
(num: 1589), BADBABA
(num: 1590), BADBABA, stillness, stillness
(num: 1591), BADBABA
(num: 1592), BADBABA, Milo
(num: 1593), BADBABA
(num: 1594), BADBABA, enchanted, enchanted
(num: 1595), BADBABA
(num: 1596), BADBABA, Bolgers, Bolgers
(num: 1597), BADBABA
(num: 1598), BADBABA, weaving, weaving
(num: 1599), BADBABA
(num: 1600), BADBABA
(num: 1601), BADBABA, Five, Five
(num: 1602), BADBABA, kinder, kinder
(num: 1603), BADBABA, faithless, faithless
(num: 1604), BADBABA, arewithout, tossed, tossed, innwall
(num: 1605), BADBABA, Step, Step
(num: 1606), BADBABA, swells, gratefully, gratefully
(num: 1607), BADBABA, tooth, tooth
(num: 1608), BADBABA, retirement
(num: 1609), BADBABA
(num: 1610), BADBABA
(num: 1611), BADBABA, Lor, Lor, ops
(num: 1612), BADBABA, Lord, Lord, hobbitsize
(num: 1613), BADBABA, longunnoticed
(num: 1614), BADBABA, scoundrels
(num: 1615), BADBABA, Tookishness, reveal, reveal, sortie, sortie
(num: 1616), BADBABA, stoneflags
(num: 1617), BADBABA
(num: 1618), BADBABA, terribly, Bringing
(num: 1619), BADBABA, belong, belong, revenge, revenge
(num: 1620), BADBABA, horrible, horrible, halfimagined, Marcho, clanged, clanged
(num: 1621), BADBABA, unbeknown, twinkled, twinkled
(num: 1622), BADBABA, resolution
(num: 1623), BADBABA, wolvesespecially, treebole, mazes
(num: 1624), BADBABA, haps, haps
(num: 1625), BADBABA, imbibed
(num: 1626), BADBABA, Slash
(num: 1627), BADBABA
(num: 1628), BADBABA, promised, promised, Luck, Luck
(num: 1629), BADBABA, willowmeads, willowmeads
(num: 1630), BADBABA
(num: 1631), BADBABA, Eastfarthing, Eastfarthing, vigorously, valiant, valiant
(num: 1632), BADBABA
(num: 1633), BADBABA, rung, rung
(num: 1634), BADBABA, books, books, Laugh, campingground
(num: 1635), BADBABA
(num: 1636), BADBABA, lessons
(num: 1637), BADBABA, misseth, knowest
(num: 1638), BADBABA, steel, steel, mountainpalace
(num: 1639), BADBABA, cornlands
(num: 1640), BADBABA, diary, Cries, wrappings
(num: 1641), BADBABA, uncounted, uncounted
(num: 1642), BADBABA, dike, dike, follies, follies
(num: 1643), BADBABA, heated, nu
(num: 1644), BADBABA, yore, repay, repay
(num: 1645), BADBABA, castles, dressed, dressed, overmuch, overmuch
(num: 1646), BADBABA, cup, cup
(num: 1647), BADBABA
(num: 1648), BADBABA, Hero, Hero
(num: 1649), BADBABA
(num: 1650), BADBABA, longlimbed
(num: 1651), BADBABA, excited, excited, jumble
(num: 1652), BADBABA, Gebir, Gebir, Hunger, Hunger
(num: 1653), BADBABA
(num: 1654), BADBABA, pool, pool
(num: 1655), BADBABA, cases
(num: 1656), BADBABA, shambling, collection, collection
(num: 1657), BADBABA, rutted, rutted
(num: 1658), BADBABA, haunting, dinning
(num: 1659), BADBABA, rockets, rockets, Tricksy
(num: 1660), BADBABA, crashed, crashed
(num: 1661), BADBABA, Bounders, Bounders
(num: 1662), BADBABA, sign, sign, squeaker, gleaned
(num: 1663), BADBABA
(num: 1664), BADBABA, Westfoldmen, Westfoldmen
(num: 1665), BADBABA
(num: 1666), BADBABA, gnawingly, C
(num: 1667), BADBABA, smoothsided, Shirefashion
(num: 1668), BADBABA
(num: 1669), BADBABA, draws, draws
(num: 1670), BADBABA, saying, saying, swooped, swooped, collapsed, collapsed
(num: 1671), BADBABA, traces, traces
(num: 1672), BADBABA, blackberry
(num: 1673), BADBABA
(num: 1674), BADBABA
(num: 1675), BADBABA
(num: 1676), BADBABA, flying, flying, astruggling, Firienwood
(num: 1677), BADBABA, quotations
(num: 1678), BADBABA, undersizedburglar
(num: 1679), BADBABA
(num: 1680), BADBABA, lose, lose, crippled, singular
(num: 1681), BADBABA
(num: 1682), BADBABA
(num: 1683), BADBABA
(num: 1684), BADBABA, ninth
(num: 1685), BADBABA, heirs, heirs
(num: 1686), BADBABA
(num: 1687), BADBABA, silent, silent, differences
(num: 1688), BADBABA
(num: 1689), BADBABA, blotting
(num: 1690), BADBABA
(num: 1691), BADBABA, Grimbold, Grimbold
(num: 1692), BADBABA, surpassed, surpassed
(num: 1693), BADBABA, ter, ter, elvenhoods
(num: 1694), BADBABA, Gluins, Gluins, Memory, battlements, battlements
(num: 1695), BADBABA
(num: 1696), BADBABA
(num: 1697), BADBABA, Curses
(num: 1698), BADBABA
(num: 1699), BADBABA, dragonnoises, smeared, smeared, cushion
(num: 1700), BADBABA, Hoy, Hoy, endangered
(num: 1701), BADBABA, bursting, beating, beating, feelings, feelings, northernmost, northernmost, passwords, passwords
(num: 1702), BADBABA
(num: 1703), BADBABA, willowcracks
(num: 1704), BADBABA
(num: 1705), BADBABA, bred, bred, lamplit, lamplit, murderous, murderous
(num: 1706), BADBABA, Ask, Ask
(num: 1707), BADBABA
(num: 1708), BADBABA, cans
(num: 1709), BADBABA
(num: 1710), BADBABA, monstrous, monstrous
(num: 1711), BADBABA, swelling, swelling, Mundburg, Mundburg, corruption
(num: 1712), BADBABA, beer, beer, gnashed, gnashed, guardrooms
(num: 1713), BADBABA, Imlad, Imlad
(num: 1714), BADBABA
(num: 1715), BADBABA, eventually, eventually, Ents, Ents
(num: 1716), BADBABA, fen, fen, Wed
(num: 1717), BADBABA, dogs, dogs, Again, enclosure, PROLOGUE, pledge
(num: 1718), BADBABA, stomachs, backarappers
(num: 1719), BADBABA, faults
(num: 1720), BADBABA, deny, deny
(num: 1721), BADBABA, snakes, snakes
(num: 1722), BADBABA, pulled, explained, explained
(num: 1723), BADBABA
(num: 1724), BADBABA, justly, justly
(num: 1725), BADBABA, gobbling
(num: 1726), BADBABA, bleary
(num: 1727), BADBABA, runs, Bard, Bard, allegory, allegory, minister
(num: 1728), BADBABA, Bravo, senses, senses
(num: 1729), BADBABA
(num: 1730), BADBABA, Harsh
(num: 1731), BADBABA, cherry
(num: 1732), BADBABA, Kills, feed, feed, Daur
(num: 1733), BADBABA, silly, silly, palm, FRODO, stinted
(num: 1734), BADBABA
(num: 1735), BADBABA
(num: 1736), BADBABA
(num: 1737), BADBABA, asunder, asunder
(num: 1738), BADBABA
(num: 1739), BADBABA
(num: 1740), BADBABA, Nicotiana
(num: 1741), BADBABA, floured
(num: 1742), BADBABA, nonetheless, nonetheless
(num: 1743), BADBABA
(num: 1744), BADBABA
(num: 1745), BADBABA, underfed
(num: 1746), BADBABA, PRANCING, PRANCING
(num: 1747), BADBABA
(num: 1748), BADBABA
(num: 1749), BADBABA, Huorndark
(num: 1750), BADBABA, Rushey
(num: 1751), BADBABA, lace, lace
(num: 1752), BADBABA, departed, departed, carrionfowl, carrionfowl
(num: 1753), BADBABA
(num: 1754), BADBABA, spooks, spooks
(num: 1755), BADBABA, appease
(num: 1756), BADBABA, agility, agility
(num: 1757), BADBABA, sift, eased, eased
(num: 1758), BADBABA, Invisible
(num: 1759), BADBABA, warming, warming, southernmost, southernmost
(num: 1760), BADBABA
(num: 1761), BADBABA, drowsiness, drowsiness, enlighten, cedar, cedar
(num: 1762), BADBABA, smother, smother
(num: 1763), BADBABA, tomfool
(num: 1764), BADBABA, ches
(num: 1765), BADBABA, spot, spot, mountainstone
(num: 1766), BADBABA, Dire, orcpassage
(num: 1767), BADBABA, burglaror, crouch, Hbma, Hbma
(num: 1768), BADBABA
(num: 1769), BADBABA, BRACEGIRDLE, Wormtongue, Wormtongue
(num: 1770), BADBABA
(num: 1771), BADBABA, mined, mined
(num: 1772), BADBABA
(num: 1773), BADBABA
(num: 1774), BADBABA, Goblinwars
(num: 1775), BADBABA, imagination, imagination
(num: 1776), BADBABA
(num: 1777), BADBABA
(num: 1778), BADBABA
(num: 1779), BADBABA, couches
(num: 1780), BADBABA
(num: 1781), BADBABA, Sometimes, Sometimes
(num: 1782), BADBABA, fatbodied
(num: 1783), BADBABA, scenes, scenes
(num: 1784), BADBABA
(num: 1785), BADBABA, ashes, ashes, gangrel, gangrel
(num: 1786), BADBABA, stinging, stinging
(num: 1787), BADBABA, Bruinen, Bruinen
(num: 1788), BADBABA
(num: 1789), BADBABA, son, son, hundred, hundred, Night, Night, Daro
(num: 1790), BADBABA, Folly, Folly
(num: 1791), BADBABA, perky, rash, rash
(num: 1792), BADBABA
(num: 1793), BADBABA
(num: 1794), BADBABA
(num: 1795), BADBABA
(num: 1796), BADBABA, ships, ships, Gently, Gently
(num: 1797), BADBABA
(num: 1798), BADBABA, miscarry
(num: 1799), BADBABA, errandriders, errandriders
(num: 1800), BADBABA, round, round, trammel
(num: 1801), BADBABA, derived, derived, folds, folds, forgives
(num: 1802), BADBABA, happened, happened, Starkhorn, Starkhorn
(num: 1803), BADBABA, stray, stray
(num: 1804), BADBABA
(num: 1805), BADBABA, cliffwall, cliffwall
(num: 1806), BADBABA, four, four, deciding, balusters
(num: 1807), BADBABA, lawns, lawns
(num: 1808), BADBABA, sitting, sitting
(num: 1809), BADBABA
(num: 1810), BADBABA, endlessly, endlessly, defeats, defeats
(num: 1811), BADBABA
(num: 1812), BADBABA
(num: 1813), BADBABA, afoot, afoot, Rammas, Rammas
(num: 1814), BADBABA
(num: 1815), BADBABA, Tidings, nightmare, Nenya, Nenya
(num: 1816), BADBABA
(num: 1817), BADBABA, bumping, bumping, looming, looming, broadbladed, broadbladed
(num: 1818), BADBABA, explore, explore, truehearted
(num: 1819), BADBABA, tipped, tipped
(num: 1820), BADBABA, badness
(num: 1821), BADBABA
(num: 1822), BADBABA
(num: 1823), BADBABA, sets, sets
(num: 1824), BADBABA
(num: 1825), BADBABA
(num: 1826), BADBABA, Swish, moisten
(num: 1827), BADBABA, Morgulduin, Morgulduin
(num: 1828), BADBABA, ponderous
(num: 1829), BADBABA, centre, centre, Angle
(num: 1830), BADBABA, nightwind, nightwind
(num: 1831), BADBABA
(num: 1832), BADBABA, Fala, ironshod, ironshod
(num: 1833), BADBABA
(num: 1834), BADBABA, clannish, cloven, cloven, hits
(num: 1835), BADBABA, burrows
(num: 1836), BADBABA, Monoliths
(num: 1837), BADBABA, eye, eye, abominable, abominable
(num: 1838), BADBABA, brighter, brighter, Sword, Sword
(num: 1839), BADBABA, whisper, ninepins
(num: 1840), BADBABA, Near, disappointment
(num: 1841), BADBABA, Days, Days, scum, scum, oper
(num: 1842), BADBABA, starling, starling, Thornbushes
(num: 1843), BADBABA, dragonets
(num: 1844), BADBABA, Ernil, Ernil
(num: 1845), BADBABA
(num: 1846), BADBABA, More, More, Mearas, Mearas
(num: 1847), BADBABA
(num: 1848), BADBABA, rsing
(num: 1849), BADBABA
(num: 1850), BADBABA, tracks, tracks
(num: 1851), BADBABA, parchingly, notched, notched
(num: 1852), BADBABA, Lucky, TOOK, gallant, gallant
(num: 1853), BADBABA, nightguards
(num: 1854), BADBABA
(num: 1855), BADBABA, gain, gain, Towards, Towards
(num: 1856), BADBABA, flipflapping, Baraddyr, Baraddyr
(num: 1857), BADBABA, hyacinths
(num: 1858), BADBABA, occurred, occurred, whizzed
(num: 1859), BADBABA, carelessly, usefulness, workmanship, workmanship, Weary, Kinsman
(num: 1860), BADBABA
(num: 1861), BADBABA, Messengers, Messengers, Foiled, waists
(num: 1862), BADBABA
(num: 1863), BADBABA, source, seemingly, barrows, barrows
(num: 1864), BADBABA, stands, stands, Unsay, Unsay
(num: 1865), BADBABA
(num: 1866), BADBABA
(num: 1867), BADBABA, sleepy, sleepy
(num: 1868), BADBABA, errors
(num: 1869), BADBABA, clemency
(num: 1870), BADBABA
(num: 1871), BADBABA, shrieking, shrieking, carriages
(num: 1872), BADBABA
(num: 1873), BADBABA, mend, Proudfoots, Proudfoots
(num: 1874), BADBABA
(num: 1875), BADBABA
(num: 1876), BADBABA, blind, blind, scribes, famisshed, famisshed, Weeks
(num: 1877), BADBABA, Ice, Ice, newdrawn
(num: 1878), BADBABA, covet
(num: 1879), BADBABA, broadening, broadening
(num: 1880), BADBABA, roar, roar, Woodhall, Woodhall
(num: 1881), BADBABA
(num: 1882), BADBABA, mountainthrone
(num: 1883), BADBABA, Bold
(num: 1884), BADBABA, shredding
(num: 1885), BADBABA
(num: 1886), BADBABA
(num: 1887), BADBABA
(num: 1888), BADBABA, youll, youll
(num: 1889), BADBABA, fernbrake, fernbrake
(num: 1890), BADBABA
(num: 1891), BADBABA, forbidding, forbidding, quarrelled, quarrelled
(num: 1892), BADBABA, Nar, Nar
(num: 1893), BADBABA, Ya, Ya, picture, picture
(num: 1894), BADBABA, nowhere, nowhere, Lay, Lay
(num: 1895), BADBABA, rattat
(num: 1896), BADBABA
(num: 1897), BADBABA, corsairs, corsairs
(num: 1898), BADBABA
(num: 1899), BADBABA, ridges, ridges, cupped, cupped
(num: 1900), BADBABA, lime, foremother, mossgatherer
(num: 1901), BADBABA, endless, endless
(num: 1902), BADBABA
(num: 1903), BADBABA
(num: 1904), BADBABA, Anduin, Anduin
(num: 1905), BADBABA
(num: 1906), BADBABA, food, food
(num: 1907), BADBABA, betray, betray
(num: 1908), BADBABA, breaking, Deep, Deep, ENT
(num: 1909), BADBABA
(num: 1910), BADBABA, sinuous, twilit, witness, witness
(num: 1911), BADBABA
(num: 1912), BADBABA, bunched, bunched
(num: 1913), BADBABA
(num: 1914), BADBABA, Maysunshine, Others, Others
(num: 1915), BADBABA, spate
(num: 1916), BADBABA, papers, papers, straightsided
(num: 1917), BADBABA, sprinkle
(num: 1918), BADBABA
(num: 1919), BADBABA, wail, wail
(num: 1920), BADBABA, aint, rams, deaths, deaths
(num: 1921), BADBABA
(num: 1922), BADBABA, distributed, Bows
(num: 1923), BADBABA, flowery
(num: 1924), BADBABA, convincing
(num: 1925), BADBABA
(num: 1926), BADBABA, Safest
(num: 1927), BADBABA, culled, nner
(num: 1928), BADBABA
(num: 1929), BADBABA, functions
(num: 1930), BADBABA
(num: 1931), BADBABA, folkll, northeastwards
(num: 1932), BADBABA
(num: 1933), BADBABA, fingertips
(num: 1934), BADBABA
(num: 1935), BADBABA
(num: 1936), BADBABA, Folca
(num: 1937), BADBABA, convenient, convenient
(num: 1938), BADBABA
(num: 1939), BADBABA, watchpost, watchpost
(num: 1940), BADBABA
(num: 1941), BADBABA, misgives
(num: 1942), BADBABA
(num: 1943), BADBABA, champ, champ
(num: 1944), BADBABA
(num: 1945), BADBABA, cheering, cheering
(num: 1946), BADBABA, Pippins, Pippins, awaken
(num: 1947), BADBABA, token, token
(num: 1948), BADBABA, Seakings
(num: 1949), BADBABA, scorched, scorched
(num: 1950), BADBABA
(num: 1951), BADBABA, waybread, waybread
(num: 1952), BADBABA, buttend
(num: 1953), BADBABA, Window, gratified, hubbub
(num: 1954), BADBABA
(num: 1955), BADBABA
(num: 1956), BADBABA, wayward, wayward
(num: 1957), BADBABA
(num: 1958), BADBABA, chap, ours, ours, mislead
(num: 1959), BADBABA
(num: 1960), BADBABA
(num: 1961), BADBABA, Whiteskins, Whiteskins
(num: 1962), BADBABA, impatience, lavishly
(num: 1963), BADBABA, mailshirts
(num: 1964), BADBABA, Hithoel, Hithoel
(num: 1965), BADBABA, touching, Edrendil, Edrendil
(num: 1966), BADBABA, creeping, creeping, elfhost, elfhost
(num: 1967), BADBABA, bestow, whitening
(num: 1968), BADBABA
(num: 1969), BADBABA
(num: 1970), BADBABA, Eggses, Eggses, loops, grievously, grievously
(num: 1971), BADBABA, queer, queer, unmelted
(num: 1972), BADBABA
(num: 1973), BADBABA
(num: 1974), BADBABA, halfseen, halfseen
(num: 1975), BADBABA
(num: 1976), BADBABA, certainly, certainly, bewilder
(num: 1977), BADBABA
(num: 1978), BADBABA, clearcut, gobbler, gobbler
(num: 1979), BADBABA, health, health, Bombadils, Bombadils
(num: 1980), BADBABA, network
(num: 1981), BADBABA, humming, Tomorrow, Tomorrow
(num: 1982), BADBABA, Bad, Bad
(num: 1983), BADBABA, figureeights, Bright, Bright
(num: 1984), BADBABA
(num: 1985), BADBABA
(num: 1986), BADBABA
(num: 1987), BADBABA, crebain, crebain
(num: 1988), BADBABA
(num: 1989), BADBABA
(num: 1990), BADBABA, tide, tide, discomfort
(num: 1991), BADBABA, subdued, subdued
(num: 1992), BADBABA, useless, useless, Sleepy, standard, standard
(num: 1993), BADBABA
(num: 1994), BADBABA
(num: 1995), BADBABA, biting, biting
(num: 1996), BADBABA, equipped
(num: 1997), BADBABA, vessel, vessel, moves, moves
(num: 1998), BADBABA
(num: 1999), BADBABA
(num: 2000), BADBABA, throbbing, throbbing, Himthey
(num: 2001), BADBABA
(num: 2002), BADBABA, unclenching
(num: 2003), BADBABA, bottom, bottom, wrists, wrists
(num: 2004), BADBABA, leaps, leaps
(num: 2005), BADBABA
(num: 2006), BADBABA, muscles, coastlands, coastlands
(num: 2007), BADBABA, shuddered, shuddered
(num: 2008), BADBABA, polish, polish
(num: 2009), BADBABA
(num: 2010), BADBABA, hChapter, hChapter
(num: 2011), BADBABA, splendidly, splendidly
(num: 2012), BADBABA, himself, himself, lowseated, oldest, oldest, Throw, Throw
(num: 2013), BADBABA, Lembas, Lembas
(num: 2014), BADBABA, remove, remove
(num: 2015), BADBABA
(num: 2016), BADBABA, shingle
(num: 2017), BADBABA
(num: 2018), BADBABA, flews
(num: 2019), BADBABA
(num: 2020), BADBABA, second, second
(num: 2021), BADBABA
(num: 2022), BADBABA, Pour, foods, ball, ball
(num: 2023), BADBABA
(num: 2024), BADBABA, person, person
(num: 2025), BADBABA
(num: 2026), BADBABA, grab, grab
(num: 2027), BADBABA, lightunless
(num: 2028), BADBABA, unheard, unheard, Elen, Rock, Rock
(num: 2029), BADBABA, belch
(num: 2030), BADBABA, shaken, shaken, Dike, Dike
(num: 2031), BADBABA, Paleblue
(num: 2032), BADBABA
(num: 2033), BADBABA, fills, fills, dwellers, dwellers
(num: 2034), BADBABA, declared, declared
(num: 2035), BADBABA, Beechbone
(num: 2036), BADBABA, Barrelrider, Barrelrider
(num: 2037), BADBABA
(num: 2038), BADBABA, crackling, crackling, Breathe
(num: 2039), BADBABA, jewelled, funguses
(num: 2040), BADBABA, blackleather
(num: 2041), BADBABA
(num: 2042), BADBABA
(num: 2043), BADBABA, Legolass
(num: 2044), BADBABA, hobbitcloak
(num: 2045), BADBABA, worry, bats, bats, remnant, remnant
(num: 2046), BADBABA, loping, loping
(num: 2047), BADBABA, Desperately, Desperately
(num: 2048), BADBABA
(num: 2049), BADBABA
(num: 2050), BADBABA, often, lads, lads, Crack, Crack, series, Elvendom
(num: 2051), BADBABA
(num: 2052), BADBABA, hobbitholes, hobbitholes
(num: 2053), BADBABA, yerself, yerself
(num: 2054), BADBABA, cleave, cleave
(num: 2055), BADBABA
(num: 2056), BADBABA, elffriend, elffriend
(num: 2057), BADBABA, cavalry, cavalry
(num: 2058), BADBABA
(num: 2059), BADBABA, Mayhap
(num: 2060), BADBABA
(num: 2061), BADBABA, swallow, swallow
(num: 2062), BADBABA, waterskin
(num: 2063), BADBABA
(num: 2064), BADBABA, Buds
(num: 2065), BADBABA, Fellowship, Fellowship
(num: 2066), BADBABA, proved, proved, intention, intention
(num: 2067), BADBABA
(num: 2068), BADBABA, pays, pays
(num: 2069), BADBABA, sheerly
(num: 2070), BADBABA, mor, mor
(num: 2071), BADBABA, unfortunately
(num: 2072), BADBABA, axe, axe
(num: 2073), BADBABA, liking, liking
(num: 2074), BADBABA
(num: 2075), BADBABA, coffee, coffee, Brandywine, Brandywine, ruts
(num: 2076), BADBABA, Otherwise, Otherwise, beads, beads, pinion
(num: 2077), BADBABA, noblehearted
(num: 2078), BADBABA, displease, displease
(num: 2079), BADBABA, escaped, escaped, wains, wains
(num: 2080), BADBABA, impatient, impatient
(num: 2081), BADBABA, inlaid, strike, strike, unease
(num: 2082), BADBABA
(num: 2083), BADBABA, goldenred, goldenred
(num: 2084), BADBABA
(num: 2085), BADBABA, eastern, eastern, fury, fury
(num: 2086), BADBABA, world, world, tracery, tracery, Peaks
(num: 2087), BADBABA, surveyed, surveyed
(num: 2088), BADBABA, grip, grip
(num: 2089), BADBABA, reason, reason, elfhair, robbery
(num: 2090), BADBABA
(num: 2091), BADBABA, Flapping
(num: 2092), BADBABA
(num: 2093), BADBABA, unscathed, unscathed
(num: 2094), BADBABA, wavering, wavering, forebodes, forebodes
(num: 2095), BADBABA
(num: 2096), BADBABA, like, like, Foreword, Foreword, discoveries
(num: 2097), BADBABA, Men, Men, undeterred, lurch
(num: 2098), BADBABA
(num: 2099), BADBABA, dwarfs, dwarfs
(num: 2100), BADBABA
(num: 2101), BADBABA, Jomunds, Jomunds
(num: 2102), BADBABA
(num: 2103), BADBABA, swirling, swirling
(num: 2104), BADBABA
(num: 2105), BADBABA
(num: 2106), BADBABA, taste, taste, wrestling, wrestling
(num: 2107), BADBABA, horror, horror
(num: 2108), BADBABA
(num: 2109), BADBABA, turnkey, govern, govern, Moontower
(num: 2110), BADBABA
(num: 2111), BADBABA
(num: 2112), BADBABA, standstill, standstill, toeless
(num: 2113), BADBABA, burzumishi
(num: 2114), BADBABA, trunk, trunk
(num: 2115), BADBABA
(num: 2116), BADBABA, beepastures
(num: 2117), BADBABA
(num: 2118), BADBABA, winged, winged
(num: 2119), BADBABA, explored, explored, tortured
(num: 2120), BADBABA, indignant, indignant, brightened, brightened
(num: 2121), BADBABA
(num: 2122), BADBABA, company, company, Enemy, Enemy, stonecrops, torrents
(num: 2123), BADBABA, third, third
(num: 2124), BADBABA, size, size, Arkenstone, Arkenstone, mariner
(num: 2125), BADBABA
(num: 2126), BADBABA, banquets, banquets, gatekeeper, gatekeeper
(num: 2127), BADBABA
(num: 2128), BADBABA, particular, partly, partly, trapdoor, trapdoor
(num: 2129), BADBABA
(num: 2130), BADBABA, ate, ate, orthanc
(num: 2131), BADBABA
(num: 2132), BADBABA, lulled, lulled
(num: 2133), BADBABA, unneeded, muchneeded
(num: 2134), BADBABA
(num: 2135), BADBABA
(num: 2136), BADBABA, carefully, carefully, strayed, strayed, quivered, quivered
(num: 2137), BADBABA, resource
(num: 2138), BADBABA, Bolg, Bolg
(num: 2139), BADBABA, sluggard, exclaim
(num: 2140), BADBABA, load, unfolding, unfolding
(num: 2141), BADBABA
(num: 2142), BADBABA
(num: 2143), BADBABA, blasts, blasts
(num: 2144), BADBABA, Ent, Ent
(num: 2145), BADBABA
(num: 2146), BADBABA, burra, Try, Try
(num: 2147), BADBABA
(num: 2148), BADBABA, Wi, Wi, dens, dens
(num: 2149), BADBABA, armoured, armoured
(num: 2150), BADBABA, boorar
(num: 2151), BADBABA, shouted, shouted
(num: 2152), BADBABA, clattered, clattered
(num: 2153), BADBABA
(num: 2154), BADBABA, lop
(num: 2155), BADBABA, hastens
(num: 2156), BADBABA
(num: 2157), BADBABA, ivy, ivy
(num: 2158), BADBABA, Oldbucks
(num: 2159), BADBABA
(num: 2160), BADBABA, Shirriff, Shirriff
(num: 2161), BADBABA, Hullo, Hullo, Footpads
(num: 2162), BADBABA
(num: 2163), BADBABA
(num: 2164), BADBABA
(num: 2165), BADBABA, Westgate, Westgate
(num: 2166), BADBABA, accusing
(num: 2167), BADBABA
(num: 2168), BADBABA, bowed, bowed, waters, waters, holiday, holiday, halloo
(num: 2169), BADBABA
(num: 2170), BADBABA, Morgai, Morgai
(num: 2171), BADBABA
(num: 2172), BADBABA, breezy
(num: 2173), BADBABA, lofty, plight, dried, dried
(num: 2174), BADBABA, Buckland, Buckland, biers
(num: 2175), BADBABA, goggling, fungusgrowth
(num: 2176), BADBABA
(num: 2177), BADBABA, unguessable
(num: 2178), BADBABA
(num: 2179), BADBABA, blackberries, text, starglimmer, Gorbags, Gorbags
(num: 2180), BADBABA, wholly, wholly, mock
(num: 2181), BADBABA, Untidy, prowled
(num: 2182), BADBABA, personality, Swanship
(num: 2183), BADBABA, show, show
(num: 2184), BADBABA
(num: 2185), BADBABA, reading, reading
(num: 2186), BADBABA, oromardi
(num: 2187), BADBABA, folly, folly
(num: 2188), BADBABA, dismay, dismay
(num: 2189), BADBABA, alternative, dwindles
(num: 2190), BADBABA
(num: 2191), BADBABA, stifled, stifled
(num: 2192), BADBABA, nearest, nearest
(num: 2193), BADBABA
(num: 2194), BADBABA, catching, famished, famished
(num: 2195), BADBABA, Voices
(num: 2196), BADBABA, kings, kings
(num: 2197), BADBABA
(num: 2198), BADBABA, cursing, cursing, dikes, dikes
(num: 2199), BADBABA, fled, fled
(num: 2200), BADBABA
(num: 2201), BADBABA, plaited, sav
(num: 2202), BADBABA, startand, elfcake, songif
(num: 2203), BADBABA, repeat, brighteyed, brighteyed
(num: 2204), BADBABA
(num: 2205), BADBABA
(num: 2206), BADBABA, afterwards, afterwards, squashed, remarkably, remarkably
(num: 2207), BADBABA
(num: 2208), BADBABA, pleading, widewalkers
(num: 2209), BADBABA
(num: 2210), BADBABA, graver, Stronger, Stronger
(num: 2211), BADBABA
(num: 2212), BADBABA, sly, lances
(num: 2213), BADBABA
(num: 2214), BADBABA, Which, Which, Meddle
(num: 2215), BADBABA
(num: 2216), BADBABA
(num: 2217), BADBABA, smack, smack
(num: 2218), BADBABA, trotting, trotting
(num: 2219), BADBABA, nything
(num: 2220), BADBABA
(num: 2221), BADBABA, willowwand, willowwand, Illnews
(num: 2222), BADBABA, wayunless, entrapped
(num: 2223), BADBABA, inclined, inclined, falter, Messenger, Messenger, earthy, whipping, whipping
(num: 2224), BADBABA, laugh, laugh, rested, rested
(num: 2225), BADBABA, cunningly, Walking, acutting
(num: 2226), BADBABA, Gollums, Gollums, lindelorendor, craftsmen, craftsmen
(num: 2227), BADBABA, windings, windings
(num: 2228), BADBABA, topped
(num: 2229), BADBABA, sighed, twinkling, twinkling
(num: 2230), BADBABA
(num: 2231), BADBABA, attempted, connexion, connexion, Erui
(num: 2232), BADBABA, Whoever, Whoever
(num: 2233), BADBABA, glow, glow
(num: 2234), BADBABA
(num: 2235), BADBABA, sla
(num: 2236), BADBABA, inward, inward
(num: 2237), BADBABA
(num: 2238), BADBABA, e, e
(num: 2239), BADBABA, bemused
(num: 2240), BADBABA, Bake, baggagecarrier, Mellyrn, Sons, Sons
(num: 2241), BADBABA, smell, smell, Evenstar, Evenstar
(num: 2242), BADBABA, shuffled, shuffled
(num: 2243), BADBABA
(num: 2244), BADBABA
(num: 2245), BADBABA, handle, handle, purchase, purchase
(num: 2246), BADBABA, Aragorn, Aragorn
(num: 2247), BADBABA, lazybones
(num: 2248), BADBABA, marksmen
(num: 2249), BADBABA, contest, contest
(num: 2250), BADBABA, herbs, herbs
(num: 2251), BADBABA
(num: 2252), BADBABA, scaring, scaring
(num: 2253), BADBABA, descended, descended
(num: 2254), BADBABA
(num: 2255), BADBABA, pattered, pattered
(num: 2256), BADBABA, meddling, meddling
(num: 2257), BADBABA, forbid, forbid
(num: 2258), BADBABA, as, as, uncomfortable, uncomfortable, skyhigh, ower
(num: 2259), BADBABA, attacked, attacked, pages, pages
(num: 2260), BADBABA, End, End
(num: 2261), BADBABA, decision, decision, Nimloth, Nimloth
(num: 2262), BADBABA, slimy, slimy, seizing, seizing
(num: 2263), BADBABA, boasts, Tools
(num: 2264), BADBABA, listlessly, scout, scout, Calembel
(num: 2265), BADBABA
(num: 2266), BADBABA, pride, pride, spirals, unable, unable
(num: 2267), BADBABA, earthwall
(num: 2268), BADBABA, curses, curses
(num: 2269), BADBABA
(num: 2270), BADBABA, mountainvales, barer
(num: 2271), BADBABA, ponies, ponies
(num: 2272), BADBABA
(num: 2273), BADBABA, Oak, Bane, Bane
(num: 2274), BADBABA, homeward, homeward
(num: 2275), BADBABA, merged
(num: 2276), BADBABA, whence, whence
(num: 2277), BADBABA, sticks, sticks
(num: 2278), BADBABA, feelers
(num: 2279), BADBABA
(num: 2280), BADBABA, gnaw, gnaw
(num: 2281), BADBABA
(num: 2282), BADBABA, washed, washed, bur, ogres, candles, candles
(num: 2283), BADBABA, thumping, marked, marked, weighs
(num: 2284), BADBABA, reek, reek
(num: 2285), BADBABA, Growing
(num: 2286), BADBABA, disappearance, disappearance
(num: 2287), BADBABA, Hall, Hall, Mellon
(num: 2288), BADBABA, replenishing
(num: 2289), BADBABA, farmhouse, Iarwain, Iarwain
(num: 2290), BADBABA
(num: 2291), BADBABA, Mouthless, vineyards, vineyards, singled, singly, goblinfaces, expectation
(num: 2292), BADBABA
(num: 2293), BADBABA
(num: 2294), BADBABA, nywhere
(num: 2295), BADBABA, N, N, ridingponies
(num: 2296), BADBABA
(num: 2297), BADBABA
(num: 2298), BADBABA, g, g
(num: 2299), BADBABA
(num: 2300), BADBABA, unexpected, unexpected, wrinkles, wrinkles
(num: 2301), BADBABA, Loud, Loud
(num: 2302), BADBABA, covered, covered, twentieth, twentieth
(num: 2303), BADBABA
(num: 2304), BADBABA
(num: 2305), BADBABA
(num: 2306), BADBABA
(num: 2307), BADBABA, continuing, murdering, murdering
(num: 2308), BADBABA
(num: 2309), BADBABA
(num: 2310), BADBABA, asking, asking
(num: 2311), BADBABA, shall, shall, ldnt
(num: 2312), BADBABA
(num: 2313), BADBABA
(num: 2314), BADBABA, Thief, clothed, clothed, fated, fated
(num: 2315), BADBABA, baggage, baggage
(num: 2316), BADBABA, turf, turf, orccompany
(num: 2317), BADBABA
(num: 2318), BADBABA, stood, stood
(num: 2319), BADBABA
(num: 2320), BADBABA, crack, shivered, shivered
(num: 2321), BADBABA, Adventures
(num: 2322), BADBABA, applicability, applicability, cartwrights
(num: 2323), BADBABA, felling, felling
(num: 2324), BADBABA
(num: 2325), BADBABA, Supper, Supper, nazg, nazg
(num: 2326), BADBABA, fatter, fatter, forbade, hooked
(num: 2327), BADBABA
(num: 2328), BADBABA, Theres, Theres
(num: 2329), BADBABA, temptation, temptation
(num: 2330), BADBABA, robe, robe
(num: 2331), BADBABA
(num: 2332), BADBABA, littleknown, guises, guises
(num: 2333), BADBABA, mumblings, Therein
(num: 2334), BADBABA, searched, searched, convinced, unmoved, unmoved
(num: 2335), BADBABA, Lebennin, Lebennin
(num: 2336), BADBABA
(num: 2337), BADBABA, lingered, lingered, disorder, longstemmed
(num: 2338), BADBABA, evileyed, dow
(num: 2339), BADBABA
(num: 2340), BADBABA, spouthole
(num: 2341), BADBABA, loyal, loyal
(num: 2342), BADBABA, duties, duties
(num: 2343), BADBABA, Ted, Ted
(num: 2344), BADBABA
(num: 2345), BADBABA, Mound
(num: 2346), BADBABA, laugha
(num: 2347), BADBABA, tougher, tougher
(num: 2348), BADBABA, outof
(num: 2349), BADBABA
(num: 2350), BADBABA
(num: 2351), BADBABA, sought, sought
(num: 2352), BADBABA
(num: 2353), BADBABA
(num: 2354), BADBABA, sonorous
(num: 2355), BADBABA
(num: 2356), BADBABA, quickly, quickly
(num: 2357), BADBABA, Causeway, Causeway
(num: 2358), BADBABA, Firelight
(num: 2359), BADBABA
(num: 2360), BADBABA, Northern, im, Swordsman, Colours, twin
(num: 2361), BADBABA
(num: 2362), BADBABA, dancing, dancing
(num: 2363), BADBABA, mentioned, furtive, furtive
(num: 2364), BADBABA, Returns
(num: 2365), BADBABA, immemorial, locks, locks
(num: 2366), BADBABA, trembled, crowded, crowded, bosses, brazen, brazen
(num: 2367), BADBABA
(num: 2368), BADBABA, Wargs, Wargs
(num: 2369), BADBABA, shamed, shamed
(num: 2370), BADBABA, dwarfrunes
(num: 2371), BADBABA
(num: 2372), BADBABA, diamond, diamond, arising, arising
(num: 2373), BADBABA, blankly, blankly
(num: 2374), BADBABA, brats, brats
(num: 2375), BADBABA, fulness, ominously, ominously
(num: 2376), BADBABA
(num: 2377), BADBABA, turn, turn
(num: 2378), BADBABA, sail, sail, treekiller, treekiller
(num: 2379), BADBABA, giving, giving
(num: 2380), BADBABA, meantime, meantime
(num: 2381), BADBABA, earthenware, streamed, streamed
(num: 2382), BADBABA, traitor, traitor
(num: 2383), BADBABA
(num: 2384), BADBABA, wrapped, wrapped
(num: 2385), BADBABA
(num: 2386), BADBABA
(num: 2387), BADBABA, Mans
(num: 2388), BADBABA, Indeed, Indeed
(num: 2389), BADBABA, pleased, pleased
(num: 2390), BADBABA, Swear, Swear, retched
(num: 2391), BADBABA
(num: 2392), BADBABA, siegetowers, siegetowers
(num: 2393), BADBABA, Wonder, Wonder, veined, eglantine
(num: 2394), BADBABA, Shell, Shell, Accursed, thatll, thatll
(num: 2395), BADBABA
(num: 2396), BADBABA
(num: 2397), BADBABA, gazed, gazed, piercingclear
(num: 2398), BADBABA, slapping, Victory, Victory
(num: 2399), BADBABA, idleness, idleness
(num: 2400), BADBABA
(num: 2401), BADBABA, uncharted
(num: 2402), BADBABA
(num: 2403), BADBABA
(num: 2404), BADBABA
(num: 2405), BADBABA, ironmongery
(num: 2406), BADBABA, Downlands
(num: 2407), BADBABA, greater, greater
(num: 2408), BADBABA, confines, confines
(num: 2409), BADBABA
(num: 2410), BADBABA
(num: 2411), BADBABA
(num: 2412), BADBABA, propose, propose
(num: 2413), BADBABA
(num: 2414), BADBABA, Young, Young
(num: 2415), BADBABA, married, married
(num: 2416), BADBABA, NOTE
(num: 2417), BADBABA
(num: 2418), BADBABA, rocks, rocks
(num: 2419), BADBABA, bathrooms, hushed, dying, dying, lessen, lessen
(num: 2420), BADBABA
(num: 2421), BADBABA, brow, brow, eatingyou, models
(num: 2422), BADBABA, Woods, Woods
(num: 2423), BADBABA, hotter, welcome, welcome, visitor, visitor, bargainif, reedthicket
(num: 2424), BADBABA, lefthand, hobgoblins, Pretty
(num: 2425), BADBABA
(num: 2426), BADBABA, Passage, ungracious, tresses
(num: 2427), BADBABA, haunt, haunt
(num: 2428), BADBABA, joyful, joyful
(num: 2429), BADBABA
(num: 2430), BADBABA, ten, ten
(num: 2431), BADBABA, overtaken, overtaken, stain, stain
(num: 2432), BADBABA
(num: 2433), BADBABA
(num: 2434), BADBABA, hereabouts
(num: 2435), BADBABA
(num: 2436), BADBABA, chimney, regains, regains
(num: 2437), BADBABA, pillars, pillars, abit, teacher, bough, bough, springcleaning
(num: 2438), BADBABA, huddled, huddled
(num: 2439), BADBABA, Widow
(num: 2440), BADBABA, scratches, scratches
(num: 2441), BADBABA, flow, flow, Wars
(num: 2442), BADBABA
(num: 2443), BADBABA
(num: 2444), BADBABA, evil, evil
(num: 2445), BADBABA
(num: 2446), BADBABA, Thrbin, Thrbin, throaty
(num: 2447), BADBABA
(num: 2448), BADBABA
(num: 2449), BADBABA
(num: 2450), BADBABA
(num: 2451), BADBABA, squashing
(num: 2452), BADBABA, neighbourhood, neighbourhood, production, beardless, flecked, flecked
(num: 2453), BADBABA
(num: 2454), BADBABA
(num: 2455), BADBABA, amusement, amusement
(num: 2456), BADBABA, cometh
(num: 2457), BADBABA, proceedings, pits, pits, suspects
(num: 2458), BADBABA, redress
(num: 2459), BADBABA
(num: 2460), BADBABA, picked, picked, arm, arm
(num: 2461), BADBABA, flounder
(num: 2462), BADBABA, respected, ewer, throttling, throttling
(num: 2463), BADBABA, buildings, buildings, Elvenlord, Elvenlord
(num: 2464), BADBABA
(num: 2465), BADBABA, ringand, abou
(num: 2466), BADBABA
(num: 2467), BADBABA, corridor, corridor
(num: 2468), BADBABA, sprang, temper, temper, watchtower, watchtower
(num: 2469), BADBABA, bog, bog, creased, hardier, hardier
(num: 2470), BADBABA, undamaged, undamaged
(num: 2471), BADBABA, Horselords, Horselords
(num: 2472), BADBABA, Firemountain
(num: 2473), BADBABA, summertime, Second, Second, Briefly, Strangely, sharpness
(num: 2474), BADBABA, bump, bump, Gardeners
(num: 2475), BADBABA, Hbmas
(num: 2476), BADBABA, horsethieving
(num: 2477), BADBABA, gladdened, leaked, leaked
(num: 2478), BADBABA, passage, passage, agree, agree, Guesthouse, Guesthouse
(num: 2479), BADBABA, Jumped, oppressed, oppressed
(num: 2480), BADBABA
(num: 2481), BADBABA, north, north, perceptible, perceptible
(num: 2482), BADBABA
(num: 2483), BADBABA, undergroundnot
(num: 2484), BADBABA, drivers, drivers
(num: 2485), BADBABA
(num: 2486), BADBABA, purposed, purposed
(num: 2487), BADBABA
(num: 2488), BADBABA, multiplied, multiplied
(num: 2489), BADBABA
(num: 2490), BADBABA
(num: 2491), BADBABA, horns, horns, Unnoticed
(num: 2492), BADBABA, westmansweed
(num: 2493), BADBABA, Murderers, Murderers, Pippin, Pippin, mistaking, mistaking
(num: 2494), BADBABA
(num: 2495), BADBABA
(num: 2496), BADBABA
(num: 2497), BADBABA, Cabbages, matriarch, statues, statues
(num: 2498), BADBABA, delighted, delighted, goal, goal
(num: 2499), BADBABA, settlement, documents, documents, onions
(num: 2500), BADBABA, cash, sledge, talesif, wouldto
(num: 2501), BADBABA, desolate, desolate, Dig
(num: 2502), BADBABA, wielder, Brandir, Brandir
(num: 2503), BADBABA, darken, darken, prancing
(num: 2504), BADBABA, regiments, regiments
(num: 2505), BADBABA
(num: 2506), BADBABA
(num: 2507), BADBABA
(num: 2508), BADBABA, points, points
(num: 2509), BADBABA
(num: 2510), BADBABA, crew
(num: 2511), BADBABA
(num: 2512), BADBABA
(num: 2513), BADBABA, throated
(num: 2514), BADBABA
(num: 2515), BADBABA, throng, throng, Sammath, Sammath, Gardens
(num: 2516), BADBABA, immense, immense, strain, strain
(num: 2517), BADBABA, comical, comical
(num: 2518), BADBABA, dances, dances
(num: 2519), BADBABA, suggested, suggested
(num: 2520), BADBABA, crossly, crossly
(num: 2521), BADBABA, equal, equal
(num: 2522), BADBABA
(num: 2523), BADBABA, falling, falling, sneer, sneer
(num: 2524), BADBABA, beset, beset
(num: 2525), BADBABA, shaggy, shaggy
(num: 2526), BADBABA, treasures, treasures, handbell, handbell
(num: 2527), BADBABA, leg, leg, nb
(num: 2528), BADBABA
(num: 2529), BADBABA, discreetly, winds, winds, glumly
(num: 2530), BADBABA
(num: 2531), BADBABA
(num: 2532), BADBABA, designed, designed
(num: 2533), BADBABA
(num: 2534), BADBABA, throw, throw
(num: 2535), BADBABA
(num: 2536), BADBABA
(num: 2537), BADBABA, bye, bye
(num: 2538), BADBABA
(num: 2539), BADBABA, cook, cook
(num: 2540), BADBABA
(num: 2541), BADBABA
(num: 2542), BADBABA, wrung, wrung, ultimate
(num: 2543), BADBABA, bellys, Stonehousefolk
(num: 2544), BADBABA, accursed, accursed, heavylidded
(num: 2545), BADBABA
(num: 2546), BADBABA
(num: 2547), BADBABA, THE, THE
(num: 2548), BADBABA, rat, rat, Brazen
(num: 2549), BADBABA, causing
(num: 2550), BADBABA, denied, denied
(num: 2551), BADBABA
(num: 2552), BADBABA, gasped, gasped, darts, darts
(num: 2553), BADBABA, pebbles, pebbles, Tirelessly
(num: 2554), BADBABA, calendars, spoon, spoon, elixirs
(num: 2555), BADBABA, appeared, appeared
(num: 2556), BADBABA, immeasurable, immeasurable, Coomb, Coomb, outlands
(num: 2557), BADBABA
(num: 2558), BADBABA
(num: 2559), BADBABA
(num: 2560), BADBABA, Findegil
(num: 2561), BADBABA, jutting, jutting, staining
(num: 2562), BADBABA, jackintheboxes
(num: 2563), BADBABA, usually, usually
(num: 2564), BADBABA, imagine, imagine, plus, palms, palms
(num: 2565), BADBABA
(num: 2566), BADBABA, omen, omen
(num: 2567), BADBABA, loaf, snares, snares
(num: 2568), BADBABA, spun, spun, Lamedon, Lamedon
(num: 2569), BADBABA, total, total
(num: 2570), BADBABA, greatgreatgreatgranduncle
(num: 2571), BADBABA, mass, mass, goaded
(num: 2572), BADBABA
(num: 2573), BADBABA, ush
(num: 2574), BADBABA
(num: 2575), BADBABA, perish, kennel, kennel, remaining, emergency
(num: 2576), BADBABA
(num: 2577), BADBABA, imitated, roughhewn, roughhewn
(num: 2578), BADBABA, rising, rising, hornets, gardening, gardening, glisten
(num: 2579), BADBABA, muttering, muttering, lame, Receive, Receive
(num: 2580), BADBABA, worshipped, worshipped
(num: 2581), BADBABA, buttered, intent, intent
(num: 2582), BADBABA, hurry, hurry
(num: 2583), BADBABA, filled, filled
(num: 2584), BADBABA, leather, leather
(num: 2585), BADBABA
(num: 2586), BADBABA, marketpool
(num: 2587), BADBABA, coalmining
(num: 2588), BADBABA
(num: 2589), BADBABA
(num: 2590), BADBABA, study, study, Cuio
(num: 2591), BADBABA, cars
(num: 2592), BADBABA, Nobll
(num: 2593), BADBABA, persuasion
(num: 2594), BADBABA, Pop, scraps, scraps, accomplish, accomplish
(num: 2595), BADBABA
(num: 2596), BADBABA, fire, fire, binders, allured, allured
(num: 2597), BADBABA, Pity, Pity, elfwrought
(num: 2598), BADBABA
(num: 2599), BADBABA
(num: 2600), BADBABA, sooner, sooner, throes, throes, sweetly
(num: 2601), BADBABA, distrustful, fal, mithrilrings
(num: 2602), BADBABA, wheels, wheels
(num: 2603), BADBABA, cells, cells, speech, speech, stupidly
(num: 2604), BADBABA, setto
(num: 2605), BADBABA, Tirith, Tirith, Bosses
(num: 2606), BADBABA
(num: 2607), BADBABA
(num: 2608), BADBABA
(num: 2609), BADBABA, alarmed, alarmed
(num: 2610), BADBABA
(num: 2611), BADBABA, Closed, contrast, spending, spending
(num: 2612), BADBABA, chances, chances
(num: 2613), BADBABA
(num: 2614), BADBABA
(num: 2615), BADBABA, speaks, speaks
(num: 2616), BADBABA
(num: 2617), BADBABA
(num: 2618), BADBABA, embrasure, embrasure
(num: 2619), BADBABA, sack, sack, Barrowdowns, Barrowdowns, pork
(num: 2620), BADBABA, stepsat
(num: 2621), BADBABA
(num: 2622), BADBABA, yammered, yammered
(num: 2623), BADBABA
(num: 2624), BADBABA
(num: 2625), BADBABA, grated, unShirelike
(num: 2626), BADBABA
(num: 2627), BADBABA
(num: 2628), BADBABA, risen, risen
(num: 2629), BADBABA, grow, grow, wallowing, Arnach
(num: 2630), BADBABA
(num: 2631), BADBABA
(num: 2632), BADBABA
(num: 2633), BADBABA, manshape
(num: 2634), BADBABA
(num: 2635), BADBABA, unchanging, unchanging, pleasing
(num: 2636), BADBABA
(num: 2637), BADBABA, Phial, Phial
(num: 2638), BADBABA, dreadful, map, map, bickering, career, Lend, Lend
(num: 2639), BADBABA, origin, origin
(num: 2640), BADBABA, keel
(num: 2641), BADBABA
(num: 2642), BADBABA, but, but
(num: 2643), BADBABA, dress, dress
(num: 2644), BADBABA, soundly, soundly
(num: 2645), BADBABA, wer, wer
(num: 2646), BADBABA, store, store, manning
(num: 2647), BADBABA, Throughout
(num: 2648), BADBABA, treacheries, wicker
(num: 2649), BADBABA
(num: 2650), BADBABA, Preciou
(num: 2651), BADBABA, seaward, seaward
(num: 2652), BADBABA, somewhere, somewhere
(num: 2653), BADBABA, blemish, blemish
(num: 2654), BADBABA
(num: 2655), BADBABA, games, webbut
(num: 2656), BADBABA
(num: 2657), BADBABA, sad, sad, suggests, noiseless, troubling, troubling, rifts
(num: 2658), BADBABA
(num: 2659), BADBABA
(num: 2660), BADBABA, worsted, worsted
(num: 2661), BADBABA, dish, dish, rod, rod, seethough
(num: 2662), BADBABA, jets
(num: 2663), BADBABA, meanwhile, required, required
(num: 2664), BADBABA
(num: 2665), BADBABA
(num: 2666), BADBABA, beckoning, beckoning
(num: 2667), BADBABA, furnished, furnished
(num: 2668), BADBABA
(num: 2669), BADBABA
(num: 2670), BADBABA, plea, plea
(num: 2671), BADBABA
(num: 2672), BADBABA, destroyed, destroyed, Faramir, horsemen, horsemen
(num: 2673), BADBABA
(num: 2674), BADBABA, smooth, smooth, completed, longfingered
(num: 2675), BADBABA, despa
(num: 2676), BADBABA
(num: 2677), BADBABA, gleams, gleams
(num: 2678), BADBABA
(num: 2679), BADBABA
(num: 2680), BADBABA, Peregrin, Peregrin, racked
(num: 2681), BADBABA, scouting
(num: 2682), BADBABA
(num: 2683), BADBABA, mark, mark, compare, compare
(num: 2684), BADBABA, popgun, regretted, mountainsfrom, southeastern, bronze, bronze
(num: 2685), BADBABA, wed, Goblins, Goblins
(num: 2686), BADBABA, II, midsummer, midsummer
(num: 2687), BADBABA, ss, ss, gravest, gravest, unfamiliar
(num: 2688), BADBABA, die, die, watchfires, watchfires
(num: 2689), BADBABA, unslinging, unslinging, eaking
(num: 2690), BADBABA, hot, hot, eyries, eyries
(num: 2691), BADBABA, crashes, crashes, corrections
(num: 2692), BADBABA, opinion, opinion
(num: 2693), BADBABA, riddance
(num: 2694), BADBABA
(num: 2695), BADBABA, FryingPan
(num: 2696), BADBABA, obvious, obvious, greybeard
(num: 2697), BADBABA, tarry, tarry
(num: 2698), BADBABA, Removed
(num: 2699), BADBABA, lowly, lowly
(num: 2700), BADBABA, harken, harken
(num: 2701), BADBABA
(num: 2702), BADBABA, callers, callers
(num: 2703), BADBABA, sustenance
(num: 2704), BADBABA
(num: 2705), BADBABA
(num: 2706), BADBABA, befriended, befriended
(num: 2707), BADBABA, simmering
(num: 2708), BADBABA
(num: 2709), BADBABA, strengthening, strengthening
(num: 2710), BADBABA
(num: 2711), BADBABA, lyin, lyin, lingering, lingering
(num: 2712), BADBABA
(num: 2713), BADBABA, Gandalf, Gandalf
(num: 2714), BADBABA, directto, spearthrust
(num: 2715), BADBABA, companion, companion
(num: 2716), BADBABA, sinking, sinking
(num: 2717), BADBABA, respite, underfoot
(num: 2718), BADBABA, lashes, staunched
(num: 2719), BADBABA, thunderstorms, birth, gaped, gaped
(num: 2720), BADBABA, arranged, arranged, terrific, terrific
(num: 2721), BADBABA, sharpest, sharpest
(num: 2722), BADBABA
(num: 2723), BADBABA
(num: 2724), BADBABA
(num: 2725), BADBABA, bones, bones
(num: 2726), BADBABA, marketplace, beforehand, beforehand, bewitched
(num: 2727), BADBABA, roomty
(num: 2728), BADBABA, swanwings
(num: 2729), BADBABA, confused, confused, greensward, greensward
(num: 2730), BADBABA, devilry, devilry
(num: 2731), BADBABA
(num: 2732), BADBABA, Open, Open
(num: 2733), BADBABA, Orthancstone, Orthancstone
(num: 2734), BADBABA
(num: 2735), BADBABA, Ancient, Ancient, tearless, Sinome
(num: 2736), BADBABA, visiting, visiting, Outlands, Outlands
(num: 2737), BADBABA, plague, plague
(num: 2738), BADBABA, float, Crazy, Qs, lump, lump
(num: 2739), BADBABA, gongs, lush, turmoil, turmoil
(num: 2740), BADBABA
(num: 2741), BADBABA
(num: 2742), BADBABA, strip, strip
(num: 2743), BADBABA, trade, trade, whipthong
(num: 2744), BADBABA, swung, swung, fluttered, fluttered, multitude, noticeable
(num: 2745), BADBABA, appealingly
(num: 2746), BADBABA, folding
(num: 2747), BADBABA, topic
(num: 2748), BADBABA, related, related
(num: 2749), BADBABA
(num: 2750), BADBABA, beth, swordhand
(num: 2751), BADBABA, selling, selling
(num: 2752), BADBABA
(num: 2753), BADBABA, woollen, woollen
(num: 2754), BADBABA
(num: 2755), BADBABA, hoodsthe, emptyhanded, stifflike, swooned, shalt, shalt, Settle
(num: 2756), BADBABA, shock, shock, tinkling, tinkling
(num: 2757), BADBABA, eyeing, eyeing
(num: 2758), BADBABA, usurpers, bundled, accents
(num: 2759), BADBABA
(num: 2760), BADBABA
(num: 2761), BADBABA, elfcharge
(num: 2762), BADBABA
(num: 2763), BADBABA, exact, exact, oughtnt, flatness
(num: 2764), BADBABA, descried, descried
(num: 2765), BADBABA, circus
(num: 2766), BADBABA
(num: 2767), BADBABA, hates, hates, Western, Western, Elfmagic, Elfmagic
(num: 2768), BADBABA, quaking, Greenwaycrossing, Late, Late
(num: 2769), BADBABA
(num: 2770), BADBABA
(num: 2771), BADBABA, homes, homes
(num: 2772), BADBABA, doesnt, doesnt, Mitheithel, Mitheithel
(num: 2773), BADBABA, connected, connected, treeslayer
(num: 2774), BADBABA, scramble, scramble
(num: 2775), BADBABA
(num: 2776), BADBABA, scurrying
(num: 2777), BADBABA
(num: 2778), BADBABA, Drogos, Drogos
(num: 2779), BADBABA, fairworking
(num: 2780), BADBABA, Thror, Thror, dillo, dillo
(num: 2781), BADBABA, Glade, Glade, leafshaped, leafshaped, lends
(num: 2782), BADBABA
(num: 2783), BADBABA, fool, fool, Yaharriheyl
(num: 2784), BADBABA, avalanches
(num: 2785), BADBABA, stroll, stroll
(num: 2786), BADBABA
(num: 2787), BADBABA
(num: 2788), BADBABA, hearties, hearties, Rewards
(num: 2789), BADBABA
(num: 2790), BADBABA
(num: 2791), BADBABA
(num: 2792), BADBABA
(num: 2793), BADBABA, thingss
(num: 2794), BADBABA
(num: 2795), BADBABA, tor, tor
(num: 2796), BADBABA, Besi
(num: 2797), BADBABA, danger, danger
(num: 2798), BADBABA, Up, Up
(num: 2799), BADBABA, Rapids, Rapids
(num: 2800), BADBABA, thoughts, thoughts, darkest, darkest
(num: 2801), BADBABA
(num: 2802), BADBABA, spite, spite, carpenter
(num: 2803), BADBABA, reeks, reeks
(num: 2804), BADBABA, heel, heel, Thousands
(num: 2805), BADBABA, vastaess, Kingdom, Kingdom, Watchmen
(num: 2806), BADBABA
(num: 2807), BADBABA
(num: 2808), BADBABA, shone, shone
(num: 2809), BADBABA, fleeting, fleeting, Sickle
(num: 2810), BADBABA, memories, memories, threaded, devise
(num: 2811), BADBABA
(num: 2812), BADBABA, remorsefully
(num: 2813), BADBABA
(num: 2814), BADBABA, fireside, fireside, rollings, whortleberry, whortleberry
(num: 2815), BADBABA, bellstems
(num: 2816), BADBABA, families, entertain
(num: 2817), BADBABA
(num: 2818), BADBABA, largely, largely, frame, frame
(num: 2819), BADBABA, hoofprints, unwelcome, flashing, flashing
(num: 2820), BADBABA
(num: 2821), BADBABA
(num: 2822), BADBABA, These, These, fightwith
(num: 2823), BADBABA, stubbed, stubbed
(num: 2824), BADBABA, Poor, Poor, battleaxes, battleaxes
(num: 2825), BADBABA
(num: 2826), BADBABA, rune, rune, ropewalk
(num: 2827), BADBABA
(num: 2828), BADBABA
(num: 2829), BADBABA, thinning, thinning
(num: 2830), BADBABA
(num: 2831), BADBABA, object
(num: 2832), BADBABA, fireweed, habitation
(num: 2833), BADBABA
(num: 2834), BADBABA, arguing, arguing, straightway, straightway
(num: 2835), BADBABA
(num: 2836), BADBABA, Goblinses, Goblinses
(num: 2837), BADBABA
(num: 2838), BADBABA, lists, lists
(num: 2839), BADBABA, shepherd
(num: 2840), BADBABA, jugs, jugs, vigorous
(num: 2841), BADBABA
(num: 2842), BADBABA, Neldoreth, Neldoreth
(num: 2843), BADBABA
(num: 2844), BADBABA, Yes, Yes, noonmeal, vivid
(num: 2845), BADBABA, lowspirited, wou, wou, keenedged
(num: 2846), BADBABA, By, By
(num: 2847), BADBABA
(num: 2848), BADBABA, foolishly, foolishly, sharers, sharers
(num: 2849), BADBABA
(num: 2850), BADBABA
(num: 2851), BADBABA, own, own, BREE, nef, nef, Henceforward
(num: 2852), BADBABA
(num: 2853), BADBABA
(num: 2854), BADBABA
(num: 2855), BADBABA
(num: 2856), BADBABA, outwards, outwards, kiss, kiss
(num: 2857), BADBABA, teen
(num: 2858), BADBABA, foresttrack
(num: 2859), BADBABA, elfcaves, candle, candle, pleasantly, Dusst
(num: 2860), BADBABA
(num: 2861), BADBABA
(num: 2862), BADBABA, celebration, Hello
(num: 2863), BADBABA, laughingfolk
(num: 2864), BADBABA, withhold, Wolf, Wolf
(num: 2865), BADBABA, any, any
(num: 2866), BADBABA, untrusty
(num: 2867), BADBABA
(num: 2868), BADBABA, enraged, sapphire, sapphire
(num: 2869), BADBABA, Look, value, sacks, sacks
(num: 2870), BADBABA, pitiable, pitiable
(num: 2871), BADBABA, elmwoods
(num: 2872), BADBABA, fed, fed, foe, foe, Raising, Raising
(num: 2873), BADBABA, influences
(num: 2874), BADBABA, Puddifoots, Ingold, Ingold, reflect
(num: 2875), BADBABA, KING, KING
(num: 2876), BADBABA, dangerously, dangerously
(num: 2877), BADBABA, pole, pole, husbanding
(num: 2878), BADBABA, fall, fall, longplanned, longplanned
(num: 2879), BADBABA, stem, stem
(num: 2880), BADBABA, ominous, ominous
(num: 2881), BADBABA, potholes, staunch, Wraithlord
(num: 2882), BADBABA, Stern
(num: 2883), BADBABA, scabbards
(num: 2884), BADBABA, poor, poor, beauty, beauty
(num: 2885), BADBABA, perilous, perilous, halfshrouded, dwarfman
(num: 2886), BADBABA
(num: 2887), BADBABA, argue, argue, Snows, Eastemnet, Eastemnet, Boys
(num: 2888), BADBABA, secret, secret
(num: 2889), BADBABA
(num: 2890), BADBABA, suppertime, joy, joy
(num: 2891), BADBABA
(num: 2892), BADBABA, beginning, beginning, stalwart
(num: 2893), BADBABA
(num: 2894), BADBABA
(num: 2895), BADBABA, issued, issued, palest, kissed, kissed
(num: 2896), BADBABA
(num: 2897), BADBABA, decided, decided, surge, wiles
(num: 2898), BADBABA, cork, chase, unintelligible, unintelligible
(num: 2899), BADBABA, bitter, bitter, wreck, wreck
(num: 2900), BADBABA
(num: 2901), BADBABA, volume, volume, nextdoor
(num: 2902), BADBABA, unguessed, unguessed
(num: 2903), BADBABA, rings, rings, fume, fume, cleaning, cleaning
(num: 2904), BADBABA
(num: 2905), BADBABA
(num: 2906), BADBABA
(num: 2907), BADBABA, seldom, seldom, Brambles
(num: 2908), BADBABA, autumns, autumns
(num: 2909), BADBABA, lumps, lumps
(num: 2910), BADBABA, ward, ward
(num: 2911), BADBABA, wishing, wishing, Done, flinch
(num: 2912), BADBABA, Baranduin, Baranduin, Woodelf
(num: 2913), BADBABA
(num: 2914), BADBABA, greediest
(num: 2915), BADBABA
(num: 2916), BADBABA, Elfrunes
(num: 2917), BADBABA
(num: 2918), BADBABA, drowns
(num: 2919), BADBABA
(num: 2920), BADBABA, basin, basin
(num: 2921), BADBABA, ransom
(num: 2922), BADBABA, territory
(num: 2923), BADBABA, Shores
(num: 2924), BADBABA
(num: 2925), BADBABA, Thingol, Thingol
(num: 2926), BADBABA
(num: 2927), BADBABA, unbroken, unbroken, lazed
(num: 2928), BADBABA
(num: 2929), BADBABA, Herblore, Herblore, fosse, fosse, upraised, upraised
(num: 2930), BADBABA
(num: 2931), BADBABA, consult, lids, lids
(num: 2932), BADBABA, touches, touches
(num: 2933), BADBABA, Pardon, competing, screes
(num: 2934), BADBABA, Wanderers, audibly
(num: 2935), BADBABA
(num: 2936), BADBABA
(num: 2937), BADBABA
(num: 2938), BADBABA
(num: 2939), BADBABA, vanishing, vanishing
(num: 2940), BADBABA, H, H
(num: 2941), BADBABA
(num: 2942), BADBABA
(num: 2943), BADBABA, painful, painful, aver, elvensword, rubbleheap
(num: 2944), BADBABA
(num: 2945), BADBABA, stage, stage, fringes
(num: 2946), BADBABA
(num: 2947), BADBABA
(num: 2948), BADBABA, singingnot
(num: 2949), BADBABA, pony, pony, conceal, conceal
(num: 2950), BADBABA, tremble, tremble, itll, itll
(num: 2951), BADBABA
(num: 2952), BADBABA
(num: 2953), BADBABA, Lbthspell
(num: 2954), BADBABA, elvenwork
(num: 2955), BADBABA, spellbound
(num: 2956), BADBABA
(num: 2957), BADBABA, middleworld
(num: 2958), BADBABA, Flotsam, Flotsam
(num: 2959), BADBABA, immediate, stems, stems, Host, Host
(num: 2960), BADBABA
(num: 2961), BADBABA, mists, mists
(num: 2962), BADBABA, rivervalley
(num: 2963), BADBABA, hastening, hastening, autumncleaning, limping
(num: 2964), BADBABA, trod, orcpath
(num: 2965), BADBABA, Let, Let
(num: 2966), BADBABA
(num: 2967), BADBABA
(num: 2968), BADBABA, smithying
(num: 2969), BADBABA
(num: 2970), BADBABA, strangely, strangely, Giving, Giving
(num: 2971), BADBABA, evergreen, evergreen
(num: 2972), BADBABA
(num: 2973), BADBABA
(num: 2974), BADBABA
(num: 2975), BADBABA
(num: 2976), BADBABA, reeking, works, works, signpost
(num: 2977), BADBABA
(num: 2978), BADBABA, twisted, twisted, broom
(num: 2979), BADBABA, introduce, introduce
(num: 2980), BADBABA, slow, slow
(num: 2981), BADBABA, Pony, Pony, features, features
(num: 2982), BADBABA, mumbled
(num: 2983), BADBABA, possibly, possibly, taptom, taptom
(num: 2984), BADBABA, deliveries
(num: 2985), BADBABA
(num: 2986), BADBABA, wickedness, wickedness, Skirting
(num: 2987), BADBABA
(num: 2988), BADBABA
(num: 2989), BADBABA
(num: 2990), BADBABA, stopped, stopped, Worlds, agonow
(num: 2991), BADBABA, he, he, tellaided, manycoloured, manycoloured, ailing, ailing
(num: 2992), BADBABA, bita
(num: 2993), BADBABA, parapet, parapet
(num: 2994), BADBABA, vines, ecious
(num: 2995), BADBABA, Southwards, Dn, Dn
(num: 2996), BADBABA, menacing, menacing, league, league
(num: 2997), BADBABA, firefor, Holdwine
(num: 2998), BADBABA, unheralded, unheralded
(num: 2999), BADBABA, Handses
(num: 3000), BADBABA
(num: 3001), BADBABA
(num: 3002), BADBABA, prophecies, prophecies, Firefoot
(num: 3003), BADBABA
(num: 3004), BADBABA, circuitous
(num: 3005), BADBABA
(num: 3006), BADBABA
(num: 3007), BADBABA
(num: 3008), BADBABA, wa, wa, crossings, crossings
(num: 3009), BADBABA, Seven, cocked, cocked, conquering, fuming, fuming
(num: 3010), BADBABA, Old, Old, sheeps
(num: 3011), BADBABA, clattering, clattering, hotly
(num: 3012), BADBABA, sable, sable
(num: 3013), BADBABA, goat, ctory
(num: 3014), BADBABA
(num: 3015), BADBABA, crawled, crawled, lifetime, greathearts
(num: 3016), BADBABA, throve, throve, Concealment, sadending
(num: 3017), BADBABA
(num: 3018), BADBABA, ly, ly
(num: 3019), BADBABA, jackets, jackets
(num: 3020), BADBABA, tugging, tugging
(num: 3021), BADBABA, moneycounters
(num: 3022), BADBABA
(num: 3023), BADBABA, unwholesome, Melilot, fissh, fissh
(num: 3024), BADBABA
(num: 3025), BADBABA, feint, feint
(num: 3026), BADBABA
(num: 3027), BADBABA, borders, borders, Wet, reentered
(num: 3028), BADBABA, trampling, trampling, tears, tears, waylaying, waylaying
(num: 3029), BADBABA, Elladan, Elladan
(num: 3030), BADBABA, darling
(num: 3031), BADBABA, complex
(num: 3032), BADBABA, claps, longforsaken, Early, Early, tidying
(num: 3033), BADBABA
(num: 3034), BADBABA, makeup, quests, evils, evils
(num: 3035), BADBABA
(num: 3036), BADBABA
(num: 3037), BADBABA, Appledore, Appledore
(num: 3038), BADBABA, missed, missed, essential, essential, wrap, wrap
(num: 3039), BADBABA
(num: 3040), BADBABA
(num: 3041), BADBABA, purse, poisonstained
(num: 3042), BADBABA, Slinging
(num: 3043), BADBABA
(num: 3044), BADBABA, mustering, privately
(num: 3045), BADBABA, coiling, coiling, devi, devi
(num: 3046), BADBABA, Tintalll, streamlet
(num: 3047), BADBABA
(num: 3048), BADBABA
(num: 3049), BADBABA
(num: 3050), BADBABA, digging, digging
(num: 3051), BADBABA, Bywater, Bywater, spied, spied
(num: 3052), BADBABA
(num: 3053), BADBABA
(num: 3054), BADBABA
(num: 3055), BADBABA, generation, generation
(num: 3056), BADBABA, Bullroarer, Bullroarer, slowcoach, slowcoach
(num: 3057), BADBABA, omens
(num: 3058), BADBABA, logshape
(num: 3059), BADBABA, nighthours
(num: 3060), BADBABA, Nolegs, clasped, clasped
(num: 3061), BADBABA, transport
(num: 3062), BADBABA
(num: 3063), BADBABA
(num: 3064), BADBABA
(num: 3065), BADBABA
(num: 3066), BADBABA
(num: 3067), BADBABA, smelly, Toms, Toms
(num: 3068), BADBABA
(num: 3069), BADBABA, avoiding, avoiding
(num: 3070), BADBABA
(num: 3071), BADBABA, shield, shield, nigh, nigh
(num: 3072), BADBABA
(num: 3073), BADBABA
(num: 3074), BADBABA, want, want, chicken, recklessly, Boromirs, Boromirs
(num: 3075), BADBABA, disturbing, disturbing
(num: 3076), BADBABA, prolonged, prolonged
(num: 3077), BADBABA
(num: 3078), BADBABA, sparsely, sparsely
(num: 3079), BADBABA, bruise, bruise
(num: 3080), BADBABA, hole, hole, immovable, immovable
(num: 3081), BADBABA, also, also, builders, westside, reined, reined
(num: 3082), BADBABA, forks, forks
(num: 3083), BADBABA
(num: 3084), BADBABA, globe, globe, sooth
(num: 3085), BADBABA
(num: 3086), BADBABA
(num: 3087), BADBABA
(num: 3088), BADBABA, heres, heres, considerable, considerable, hornbut
(num: 3089), BADBABA, napping, napping, Eilenach, Eilenach
(num: 3090), BADBABA, interpreted
(num: 3091), BADBABA, fluttering, fluttering
(num: 3092), BADBABA, feels, feels
(num: 3093), BADBABA
(num: 3094), BADBABA, fiftieth, fiftieth, Baldor, Baldor
(num: 3095), BADBABA
(num: 3096), BADBABA, pours, nursery
(num: 3097), BADBABA
(num: 3098), BADBABA
(num: 3099), BADBABA, Horses, queen, chimneyshelf, chimneyshelf
(num: 3100), BADBABA, flocks, flocks, Maggot, Maggot
(num: 3101), BADBABA, hard, knocking, knocking
(num: 3102), BADBABA, noise, noise
(num: 3103), BADBABA, banquet, aright, aright
(num: 3104), BADBABA, Riverdaughter, Riverdaughter
(num: 3105), BADBABA
(num: 3106), BADBABA, reformed
(num: 3107), BADBABA, Booby, quavering, quavering, clop, haunts, haunts, ThreeFarthing, ThreeFarthing
(num: 3108), BADBABA, treeless, treeless, roars, thereby
(num: 3109), BADBABA
(num: 3110), BADBABA, helper, Stewardship
(num: 3111), BADBABA
(num: 3112), BADBABA, botanical, admittance
(num: 3113), BADBABA
(num: 3114), BADBABA, Ladys, Ladys
(num: 3115), BADBABA
(num: 3116), BADBABA, meshed
(num: 3117), BADBABA, contrive, contrive, gorgyn, gorgyn
(num: 3118), BADBABA, pleas
(num: 3119), BADBABA
(num: 3120), BADBABA, washingup
(num: 3121), BADBABA, risk, risk, travelled, travelled
(num: 3122), BADBABA
(num: 3123), BADBABA, valued, valued, tin
(num: 3124), BADBABA, efficient
(num: 3125), BADBABA
(num: 3126), BADBABA
(num: 3127), BADBABA
(num: 3128), BADBABA
(num: 3129), BADBABA
(num: 3130), BADBABA, Has, Has
(num: 3131), BADBABA, grunts, flagstone, mansflesh
(num: 3132), BADBABA
(num: 3133), BADBABA
(num: 3134), BADBABA
(num: 3135), BADBABA, manful
(num: 3136), BADBABA
(num: 3137), BADBABA, explain, explain
(num: 3138), BADBABA
(num: 3139), BADBABA
(num: 3140), BADBABA
(num: 3141), BADBABA, slingstones
(num: 3142), BADBABA, carrynuts
(num: 3143), BADBABA
(num: 3144), BADBABA, Westemnet, treekind
(num: 3145), BADBABA, aft, aft
(num: 3146), BADBABA, Thrice, Kindler, mountainkings
(num: 3147), BADBABA, nambril, nails, nails
(num: 3148), BADBABA, grumpy, grumpy, lowered, lowered
(num: 3149), BADBABA, Ringwinner
(num: 3150), BADBABA, youd, youd
(num: 3151), BADBABA, legend, legend, exits
(num: 3152), BADBABA, trough, trough
(num: 3153), BADBABA, oblivion
(num: 3154), BADBABA
(num: 3155), BADBABA, sweetscented, sweetscented
(num: 3156), BADBABA
(num: 3157), BADBABA, slaughtered, Berthiel, pronounce
(num: 3158), BADBABA, casts, pebble
(num: 3159), BADBABA
(num: 3160), BADBABA, oneleg, vampirelike
(num: 3161), BADBABA, idently
(num: 3162), BADBABA
(num: 3163), BADBABA, badgers, overthrow, overthrow
(num: 3164), BADBABA, relit
(num: 3165), BADBABA, pottering, beheaded
(num: 3166), BADBABA, Ioreth, Ioreth
(num: 3167), BADBABA, Been
(num: 3168), BADBABA
(num: 3169), BADBABA, slaughter, slaughter, ble
(num: 3170), BADBABA, tomtap, tomtap
(num: 3171), BADBABA, unknown, unknown
(num: 3172), BADBABA, rabbitcropped, listenings
(num: 3173), BADBABA
(num: 3174), BADBABA, familiar, familiar
(num: 3175), BADBABA, lder
(num: 3176), BADBABA, Springshe
(num: 3177), BADBABA
(num: 3178), BADBABA, she, she, minor, minor
(num: 3179), BADBABA, RECORDS, compensation, Dnadan, Dnadan
(num: 3180), BADBABA, two, two
(num: 3181), BADBABA
(num: 3182), BADBABA, rocky, uss, uss
(num: 3183), BADBABA
(num: 3184), BADBABA, fanprogress, unsaid
(num: 3185), BADBABA, consuming
(num: 3186), BADBABA, angry, angry
(num: 3187), BADBABA, heating
(num: 3188), BADBABA, unblinking, interruptions, interruptions
(num: 3189), BADBABA
(num: 3190), BADBABA, hindlegs
(num: 3191), BADBABA, wall, wall
(num: 3192), BADBABA, smile, smile
(num: 3193), BADBABA, hastily, hastily, tombs, tombs
(num: 3194), BADBABA, Please, marauding, marauding, Mondays
(num: 3195), BADBABA, hindrance, hindrance
(num: 3196), BADBABA
(num: 3197), BADBABA, neat, neat
(num: 3198), BADBABA
(num: 3199), BADBABA, further, further, estates, estates
(num: 3200), BADBABA
(num: 3201), BADBABA, seed, seed
(num: 3202), BADBABA
(num: 3203), BADBABA, Northrealm
(num: 3204), BADBABA
(num: 3205), BADBABA, fabled, fabled, surrenders
(num: 3206), BADBABA
(num: 3207), BADBABA, smithcraft
(num: 3208), BADBABA, grind, masking, Berhael
(num: 3209), BADBABA, endanger, shun, shun
(num: 3210), BADBABA, laden, laden, trappings
(num: 3211), BADBABA, In, In, dwellings, dwellings, robes, robes, Tauremorna
(num: 3212), BADBABA, riseth
(num: 3213), BADBABA
(num: 3214), BADBABA, abrupt, abrupt
(num: 3215), BADBABA
(num: 3216), BADBABA, indeed, indeed, Misery, countrified
(num: 3217), BADBABA, ornaments
(num: 3218), BADBABA, giants, giants, elvensheath, truant
(num: 3219), BADBABA
(num: 3220), BADBABA, way, way, Mushrooms, Mushrooms
(num: 3221), BADBABA
(num: 3222), BADBABA, forward, forward, swim, swim
(num: 3223), BADBABA, addressed, addressed
(num: 3224), BADBABA
(num: 3225), BADBABA, Much, Much
(num: 3226), BADBABA
(num: 3227), BADBABA, stoneslide, wellearned, wellearned
(num: 3228), BADBABA, Anything, Anything, Tall, Tall
(num: 3229), BADBABA
(num: 3230), BADBABA, foam, foam, beat, beat
(num: 3231), BADBABA, hoodsand, museum, museum, bode
(num: 3232), BADBABA
(num: 3233), BADBABA, swelled, swelled
(num: 3234), BADBABA, insectkind, Brockenbores
(num: 3235), BADBABA, Gorgoroth, Gorgoroth
(num: 3236), BADBABA, Robin, Robin
(num: 3237), BADBABA, Story
(num: 3238), BADBABA, private, private, Dbins
(num: 3239), BADBABA
(num: 3240), BADBABA, less, less, fugitives, fugitives, feeble
(num: 3241), BADBABA, peaceful, peaceful
(num: 3242), BADBABA
(num: 3243), BADBABA
(num: 3244), BADBABA, captured, cheered, cheered, accustomed, accustomed
(num: 3245), BADBABA
(num: 3246), BADBABA
(num: 3247), BADBABA
(num: 3248), BADBABA
(num: 3249), BADBABA, dreamless
(num: 3250), BADBABA
(num: 3251), BADBABA, trodden, trodden
(num: 3252), BADBABA
(num: 3253), BADBABA, beyes
(num: 3254), BADBABA
(num: 3255), BADBABA, redecorated, trumpet, trumpet
(num: 3256), BADBABA, hover, snowclad
(num: 3257), BADBABA
(num: 3258), BADBABA
(num: 3259), BADBABA
(num: 3260), BADBABA
(num: 3261), BADBABA, orcfeet, orcfeet
(num: 3262), BADBABA, good, good, pound
(num: 3263), BADBABA, expanse, expanse, blushing, blushing
(num: 3264), BADBABA
(num: 3265), BADBABA, crept, crept
(num: 3266), BADBABA
(num: 3267), BADBABA, examining
(num: 3268), BADBABA, require, require
(num: 3269), BADBABA, Shot
(num: 3270), BADBABA
(num: 3271), BADBABA
(num: 3272), BADBABA
(num: 3273), BADBABA
(num: 3274), BADBABA, Fewer
(num: 3275), BADBABA
(num: 3276), BADBABA, bill
(num: 3277), BADBABA
(num: 3278), BADBABA
(num: 3279), BADBABA, hiss, hiss, gulf, gulf
(num: 3280), BADBABA, voluntary, Halfast
(num: 3281), BADBABA, tries, tries, Ruffians
(num: 3282), BADBABA, mightiest, mightiest
(num: 3283), BADBABA
(num: 3284), BADBABA
(num: 3285), BADBABA, memorials
(num: 3286), BADBABA
(num: 3287), BADBABA, westwards, westwards
(num: 3288), BADBABA, flutter, ed, ed, fainted
(num: 3289), BADBABA, end, end
(num: 3290), BADBABA, depart, depart, creepers, slightest
(num: 3291), BADBABA
(num: 3292), BADBABA, snap, snap, dunno
(num: 3293), BADBABA
(num: 3294), BADBABA, unsuspecting, clinging, clinging
(num: 3295), BADBABA, unveiled, unveiled
(num: 3296), BADBABA
(num: 3297), BADBABA, Fairbairns, diffi, signifies
(num: 3298), BADBABA
(num: 3299), BADBABA
(num: 3300), BADBABA, peeping, peeping, clumsily
(num: 3301), BADBABA
(num: 3302), BADBABA, fixedly
(num: 3303), BADBABA
(num: 3304), BADBABA, stepped, stepped, partings
(num: 3305), BADBABA, fallen, fallen
(num: 3306), BADBABA
(num: 3307), BADBABA
(num: 3308), BADBABA, thousands, thousands
(num: 3309), BADBABA, encouragement
(num: 3310), BADBABA, clashed, clashed, byre, bliss
(num: 3311), BADBABA
(num: 3312), BADBABA, short, short, handloom
(num: 3313), BADBABA
(num: 3314), BADBABA, runners, stair, stair
(num: 3315), BADBABA, Fountain, Fountain
(num: 3316), BADBABA, washes, watervales, Fissh, Fissh
(num: 3317), BADBABA, Quicker, staggered, staggered, Rightly
(num: 3318), BADBABA
(num: 3319), BADBABA, softer, softer, swan, swan
(num: 3320), BADBABA, Smaugs, Smaugs, board, halfstripped
(num: 3321), BADBABA
(num: 3322), BADBABA, cheerful, cheerful, iling, lusting
(num: 3323), BADBABA
(num: 3324), BADBABA, Peace, Peace
(num: 3325), BADBABA
(num: 3326), BADBABA, Dazed
(num: 3327), BADBABA
(num: 3328), BADBABA, Somebody, Somebody, bolting, beers
(num: 3329), BADBABA, flooded, flooded
(num: 3330), BADBABA, Fast
(num: 3331), BADBABA, Nimrodel, Nimrodel, bellying
(num: 3332), BADBABA, thechance
(num: 3333), BADBABA, skewered
(num: 3334), BADBABA, Isen, Isen
(num: 3335), BADBABA, wayfarers, orcvoice, orcvoice
(num: 3336), BADBABA, small, small
(num: 3337), BADBABA
(num: 3338), BADBABA, Yellow, Yellow, lithe
(num: 3339), BADBABA
(num: 3340), BADBABA
(num: 3341), BADBABA, best, best, bandy, bandy
(num: 3342), BADBABA, poser, poser, ofa
(num: 3343), BADBABA, stickily, sling, sling, undertone
(num: 3344), BADBABA, Heath, roughly, roughly, leafwrappings, leafwrappings
(num: 3345), BADBABA, Odo, Odo, hobbittalk
(num: 3346), BADBABA
(num: 3347), BADBABA, Little, Little
(num: 3348), BADBABA
(num: 3349), BADBABA
(num: 3350), BADBABA
(num: 3351), BADBABA
(num: 3352), BADBABA, southerly, weighty, weighty
(num: 3353), BADBABA, hated, hated
(num: 3354), BADBABA, sorry, sorry, Todays, rumbles
(num: 3355), BADBABA, crackle, crackle
(num: 3356), BADBABA, greatthe, choices, choices
(num: 3357), BADBABA
(num: 3358), BADBABA
(num: 3359), BADBABA, foreseen, foreseen
(num: 3360), BADBABA
(num: 3361), BADBABA
(num: 3362), BADBABA, debating, debating
(num: 3363), BADBABA, yestre, Foot
(num: 3364), BADBABA, ashencold
(num: 3365), BADBABA, passion, passion
(num: 3366), BADBABA, Stripped
(num: 3367), BADBABA
(num: 3368), BADBABA
(num: 3369), BADBABA, cloth, cloth, perished, perished, turret, turret
(num: 3370), BADBABA
(num: 3371), BADBABA
(num: 3372), BADBABA
(num: 3373), BADBABA
(num: 3374), BADBABA
(num: 3375), BADBABA, dismally, Elvenriver
(num: 3376), BADBABA, excellent, excellent, baldric, Garn, Garn
(num: 3377), BADBABA
(num: 3378), BADBABA
(num: 3379), BADBABA
(num: 3380), BADBABA, Great, Great
(num: 3381), BADBABA, stages
(num: 3382), BADBABA
(num: 3383), BADBABA
(num: 3384), BADBABA, follows, follows
(num: 3385), BADBABA
(num: 3386), BADBABA, brought, brought, lowlying, mane, mane
(num: 3387), BADBABA, barking, barking, Hallows, Hallows
(num: 3388), BADBABA, Disturbed
(num: 3389), BADBABA
(num: 3390), BADBABA, patter, patter, victor, victor, admire
(num: 3391), BADBABA
(num: 3392), BADBABA, forestfloor
(num: 3393), BADBABA, enheartened
(num: 3394), BADBABA
(num: 3395), BADBABA, wasted, wasted, prospects
(num: 3396), BADBABA
(num: 3397), BADBABA, loneliness, timid, timid, keepers
(num: 3398), BADBABA
(num: 3399), BADBABA, stagnant, stagnant, inflamed, translucent
(num: 3400), BADBABA, enheartening
(num: 3401), BADBABA, madly, madly
(num: 3402), BADBABA, whenever, threats, frost, frost, unwithered
(num: 3403), BADBABA, letter, letter
(num: 3404), BADBABA
(num: 3405), BADBABA, sink, Consequently
(num: 3406), BADBABA
(num: 3407), BADBABA
(num: 3408), BADBABA, sluggish, ladies, ladies
(num: 3409), BADBABA, fund, nodding, Pressing
(num: 3410), BADBABA, bruises, bruises, Reluctantly, Reluctantly, thunderous
(num: 3411), BADBABA, Elfhelms, Elfhelms
(num: 3412), BADBABA, cleaner
(num: 3413), BADBABA, gossamer, gossamer
(num: 3414), BADBABA, packages, packages
(num: 3415), BADBABA, glede
(num: 3416), BADBABA
(num: 3417), BADBABA
(num: 3418), BADBABA
(num: 3419), BADBABA, swell, swell, slips
(num: 3420), BADBABA, eveningstar
(num: 3421), BADBABA
(num: 3422), BADBABA, chewing, misgivings, misgivings
(num: 3423), BADBABA, mathoms, mathoms
(num: 3424), BADBABA, lain, lain, marshalled, marshalled
(num: 3425), BADBABA, door, door
(num: 3426), BADBABA, upwards, steams, steams
(num: 3427), BADBABA, fists, fists
(num: 3428), BADBABA, ail, deft
(num: 3429), BADBABA, cornered, Fiveandforty
(num: 3430), BADBABA, metal, metal
(num: 3431), BADBABA, mauled
(num: 3432), BADBABA, blood, blood, blizzard
(num: 3433), BADBABA, clapped, clapped
(num: 3434), BADBABA, halter, yearns, yearns
(num: 3435), BADBABA
(num: 3436), BADBABA
(num: 3437), BADBABA, exaggeration, fly, fly
(num: 3438), BADBABA, fingered, understands, snla, itwas
(num: 3439), BADBABA, scales, scales, address, address, SB
(num: 3440), BADBABA, dwindling, dwindling
(num: 3441), BADBABA
(num: 3442), BADBABA, Leaves, Leaves, pranced
(num: 3443), BADBABA
(num: 3444), BADBABA
(num: 3445), BADBABA, mate, mate
(num: 3446), BADBABA, weasels
(num: 3447), BADBABA, intend, intend
(num: 3448), BADBABA, Call, Call
(num: 3449), BADBABA
(num: 3450), BADBABA
(num: 3451), BADBABA, treason, treason
(num: 3452), BADBABA, Lots, Lots, outthey
(num: 3453), BADBABA, fought, fought
(num: 3454), BADBABA, mace, mace
(num: 3455), BADBABA, typing, severe
(num: 3456), BADBABA, Sea, Sea, limestoneboulders
(num: 3457), BADBABA, communicative
(num: 3458), BADBABA
(num: 3459), BADBABA, scuttled, heath, heath
(num: 3460), BADBABA
(num: 3461), BADBABA
(num: 3462), BADBABA
(num: 3463), BADBABA
(num: 3464), BADBABA, fireblasted
(num: 3465), BADBABA, lamps, lamps, joking, joking
(num: 3466), BADBABA, art, art, relationships, ADELARD
(num: 3467), BADBABA
(num: 3468), BADBABA
(num: 3469), BADBABA
(num: 3470), BADBABA, hilly, hilly
(num: 3471), BADBABA
(num: 3472), BADBABA, shelving, shelving
(num: 3473), BADBABA, joyously, joyously, coughing, irrevocable
(num: 3474), BADBABA, verse, verse
(num: 3475), BADBABA, lit, lit, Marvelling
(num: 3476), BADBABA
(num: 3477), BADBABA, clenching
(num: 3478), BADBABA, icy, icy, paleblue, paleblue
(num: 3479), BADBABA, Ithilstone
(num: 3480), BADBABA, few, few
(num: 3481), BADBABA
(num: 3482), BADBABA, Humph
(num: 3483), BADBABA, dishes, dishes
(num: 3484), BADBABA, hu, inviting
(num: 3485), BADBABA, weeping, comrades, comrades, revealing, boding
(num: 3486), BADBABA, big, big, baring
(num: 3487), BADBABA, hammers, hammers
(num: 3488), BADBABA, And, And, hobbitbuilding
(num: 3489), BADBABA
(num: 3490), BADBABA, Leaving, Leaving
(num: 3491), BADBABA, smacking, swans, swans
(num: 3492), BADBABA, Alliance, Alliance
(num: 3493), BADBABA, Treepeople
(num: 3494), BADBABA, draggled, draggled, occasions, occasions
(num: 3495), BADBABA, fancy, fancy
(num: 3496), BADBABA, agh, Arod, Arod, dab
(num: 3497), BADBABA
(num: 3498), BADBABA
(num: 3499), BADBABA, growling, growling
(num: 3500), BADBABA, poisonous, poisonous
(num: 3501), BADBABA, sails, gaping, gaping
(num: 3502), BADBABA
(num: 3503), BADBABA
(num: 3504), BADBABA, rent, rent
(num: 3505), BADBABA, raftman
(num: 3506), BADBABA, Balin, Balin, afterthought, afterthought, fords, fords
(num: 3507), BADBABA, reaches, reaches
(num: 3508), BADBABA, position, position, noseguard
(num: 3509), BADBABA, Base
(num: 3510), BADBABA
(num: 3511), BADBABA, punch, punch
(num: 3512), BADBABA, Simple, scan
(num: 3513), BADBABA, mein, Mazarbul, Mazarbul
(num: 3514), BADBABA, thrones, thrones
(num: 3515), BADBABA
(num: 3516), BADBABA, cattle, cattle
(num: 3517), BADBABA
(num: 3518), BADBABA
(num: 3519), BADBABA
(num: 3520), BADBABA
(num: 3521), BADBABA, approaches, approaches, Et
(num: 3522), BADBABA, ankles, ankles, spluttering, spluttering, mates, mates
(num: 3523), BADBABA, wildfire
(num: 3524), BADBABA, brewing, cottage, Dernhelm, Dernhelm
(num: 3525), BADBABA, neatly, neatly, liquid, liquid
(num: 3526), BADBABA, LONG
(num: 3527), BADBABA, Nightingale
(num: 3528), BADBABA, of, of
(num: 3529), BADBABA
(num: 3530), BADBABA, pearls, pearls
(num: 3531), BADBABA, befell, befell
(num: 3532), BADBABA, goblininfested, creak, creak
(num: 3533), BADBABA
(num: 3534), BADBABA, Know, Know
(num: 3535), BADBABA, menace, menace, Gthwinl, Gthwinl, Made
(num: 3536), BADBABA
(num: 3537), BADBABA, insist, Hmm, Hmm
(num: 3538), BADBABA
(num: 3539), BADBABA
(num: 3540), BADBABA
(num: 3541), BADBABA
(num: 3542), BADBABA
(num: 3543), BADBABA, rid, tassels
(num: 3544), BADBABA, strayings, rinds, rue, Dare
(num: 3545), BADBABA, stings, stings
(num: 3546), BADBABA, hea, hea
(num: 3547), BADBABA, Mister, advice, advice, mouse, mouse, fearand
(num: 3548), BADBABA, bunny
(num: 3549), BADBABA, avenues, avenues, foebeleaguered
(num: 3550), BADBABA
(num: 3551), BADBABA, slip, slip
(num: 3552), BADBABA, share, share, cords, cords, Snowbourn, Snowbourn
(num: 3553), BADBABA, pathways
(num: 3554), BADBABA, mockingly
(num: 3555), BADBABA, Took, Took, mortals, mortals
(num: 3556), BADBABA, Looking, Looking, restrung
(num: 3557), BADBABA, venture, venture, elsewhere, elsewhere
(num: 3558), BADBABA, victory, victory
(num: 3559), BADBABA, yesterevening
(num: 3560), BADBABA, mothers, mothers, trussed, untroubled, untroubled
(num: 3561), BADBABA, yoursfor
(num: 3562), BADBABA, Ghvn, Ghvn
(num: 3563), BADBABA
(num: 3564), BADBABA
(num: 3565), BADBABA, sneering, orcweapon, stonewall
(num: 3566), BADBABA
(num: 3567), BADBABA, shingles, darksome, darksome
(num: 3568), BADBABA, mother, mother
(num: 3569), BADBABA, stormwrack
(num: 3570), BADBABA, poverty
(num: 3571), BADBABA, tread, tread
(num: 3572), BADBABA, listener, elenath, elenath
(num: 3573), BADBABA, forgetting, forgetting, Easterlings, Easterlings
(num: 3574), BADBABA, Boffin, Boffin
(num: 3575), BADBABA
(num: 3576), BADBABA, warg
(num: 3577), BADBABA, pull, pull, dislodged, Apparently
(num: 3578), BADBABA, inhaled, hobbitfamilies
(num: 3579), BADBABA, light, light, searches
(num: 3580), BADBABA, perian, perian
(num: 3581), BADBABA, anon, anon, feasted
(num: 3582), BADBABA, nicety, berth, hearest
(num: 3583), BADBABA
(num: 3584), BADBABA
(num: 3585), BADBABA, greyfeathered
(num: 3586), BADBABA, approach, approach
(num: 3587), BADBABA, relapsed
(num: 3588), BADBABA, benefactors, giantsize
(num: 3589), BADBABA, ithlond, rissk
(num: 3590), BADBABA, pausing, pausing, salted, salted
(num: 3591), BADBABA, purchased
(num: 3592), BADBABA, treestem
(num: 3593), BADBABA, pierced, pierced, wher, wher
(num: 3594), BADBABA, flaming, flaming, greyeyed, greyeyed
(num: 3595), BADBABA, knocks, knocks
(num: 3596), BADBABA, animal, animal
(num: 3597), BADBABA
(num: 3598), BADBABA
(num: 3599), BADBABA, childhood, childhood, everybodys
(num: 3600), BADBABA
(num: 3601), BADBABA, groaned, groaned, Capta
(num: 3602), BADBABA, relish, relish
(num: 3603), BADBABA, ruffians, ruffians
(num: 3604), BADBABA, spill, carcases, victims, victims
(num: 3605), BADBABA
(num: 3606), BADBABA, foxtrick
(num: 3607), BADBABA, mantelpiece, mantelpiece
(num: 3608), BADBABA
(num: 3609), BADBABA
(num: 3610), BADBABA, galloping, galloping, World, World
(num: 3611), BADBABA
(num: 3612), BADBABA, pocketsit, elevenses
(num: 3613), BADBABA, Nmenor, Nmenor
(num: 3614), BADBABA
(num: 3615), BADBABA, others, others, halfopened
(num: 3616), BADBABA
(num: 3617), BADBABA
(num: 3618), BADBABA
(num: 3619), BADBABA
(num: 3620), BADBABA
(num: 3621), BADBABA, ther, ther
(num: 3622), BADBABA, fleet, fleet
(num: 3623), BADBABA, downhearted, Books, Books
(num: 3624), BADBABA
(num: 3625), BADBABA
(num: 3626), BADBABA, reflected, reflected
(num: 3627), BADBABA
(num: 3628), BADBABA, partial
(num: 3629), BADBABA, estrangement, estrangement, hesitate, mistakes, mistakes
(num: 3630), BADBABA, slap, slap, wavered, wavered
(num: 3631), BADBABA, per, per
(num: 3632), BADBABA, trembles, trembles
(num: 3633), BADBABA, claim, claim
(num: 3634), BADBABA, across, across, Wardens, Wardens
(num: 3635), BADBABA
(num: 3636), BADBABA
(num: 3637), BADBABA
(num: 3638), BADBABA, obtained, obtained
(num: 3639), BADBABA
(num: 3640), BADBABA
(num: 3641), BADBABA
(num: 3642), BADBABA, forbidden, forbidden
(num: 3643), BADBABA, respectable, respectable, gifts, gifts, flakelike
(num: 3644), BADBABA, bleat
(num: 3645), BADBABA, impromptu
(num: 3646), BADBABA, looks, looks
(num: 3647), BADBABA, Excitable, multiplying, multiplying
(num: 3648), BADBABA, bolsters, bolsters
(num: 3649), BADBABA, Fattys, Fattys
(num: 3650), BADBABA, moved, moved
(num: 3651), BADBABA, Wherever, Wherever
(num: 3652), BADBABA
(num: 3653), BADBABA, cooking, cooking
(num: 3654), BADBABA, doughty, doughty
(num: 3655), BADBABA, spelt, jailor
(num: 3656), BADBABA
(num: 3657), BADBABA, cheer, cheer, hesitating, landmark
(num: 3658), BADBABA, eighty
(num: 3659), BADBABA, coat, coat
(num: 3660), BADBABA, hobbitfolk, hobbitfolk, shrivel, bivouac
(num: 3661), BADBABA
(num: 3662), BADBABA
(num: 3663), BADBABA
(num: 3664), BADBABA, oars, oars, hazards
(num: 3665), BADBABA, draw, draw, blazoned, blazoned
(num: 3666), BADBABA, Duilin, Duilin
(num: 3667), BADBABA, clammy, afterward, afterward
(num: 3668), BADBABA, hooting, hooting
(num: 3669), BADBABA, wea
(num: 3670), BADBABA
(num: 3671), BADBABA
(num: 3672), BADBABA
(num: 3673), BADBABA
(num: 3674), BADBABA, Elvenkin
(num: 3675), BADBABA
(num: 3676), BADBABA, growing, growing, shorter, shorter
(num: 3677), BADBABA, did, did, base, base
(num: 3678), BADBABA
(num: 3679), BADBABA
(num: 3680), BADBABA, Twice, Twice, louver
(num: 3681), BADBABA, Begging, Begging, Gatestream, Gatestream
(num: 3682), BADBABA, realised, disorders, Hobbitons
(num: 3683), BADBABA
(num: 3684), BADBABA
(num: 3685), BADBABA, lighten, lighten
(num: 3686), BADBABA
(num: 3687), BADBABA, misunderstanding, misunderstanding
(num: 3688), BADBABA
(num: 3689), BADBABA
(num: 3690), BADBABA
(num: 3691), BADBABA, spinners
(num: 3692), BADBABA, Swine, vice, vice
(num: 3693), BADBABA
(num: 3694), BADBABA, enamoured, enamoured
(num: 3695), BADBABA, wafer, wafer
(num: 3696), BADBABA, Easy, string, string, foretell, foretell, unresting
(num: 3697), BADBABA, eighth, eighth
(num: 3698), BADBABA
(num: 3699), BADBABA, spoil, spoil, Crown, striving, legging
(num: 3700), BADBABA, unravel
(num: 3701), BADBABA
(num: 3702), BADBABA, arts, arts, flakes, flakes
(num: 3703), BADBABA, policy, Shadow, Shadow, rods, tapestries
(num: 3704), BADBABA
(num: 3705), BADBABA, mocked, mocked
(num: 3706), BADBABA, swiftness, swiftness
(num: 3707), BADBABA, guessed, guessed, Till, Till
(num: 3708), BADBABA
(num: 3709), BADBABA, sources, sources, grate, grate
(num: 3710), BADBABA, rampart, rampart, orcfolk, orcfolk
(num: 3711), BADBABA
(num: 3712), BADBABA
(num: 3713), BADBABA, Unexpected, squirmed, squirmed
(num: 3714), BADBABA, Whenever, Whenever
(num: 3715), BADBABA, surprises
(num: 3716), BADBABA, trumpeters, dan
(num: 3717), BADBABA, Sackville, absence, absence
(num: 3718), BADBABA, dead, dead, delved, delved
(num: 3719), BADBABA, chamber, chamber, Halt, Halt, shimmer, shimmer, hinting
(num: 3720), BADBABA, pine, pine, hobbitface
(num: 3721), BADBABA, ripe, ripe, la, la, wretches, celandine
(num: 3722), BADBABA, vanimelda, unquietly
(num: 3723), BADBABA, Nan, Nan, assigned
(num: 3724), BADBABA, avenged, avenged
(num: 3725), BADBABA, burst, burst
(num: 3726), BADBABA
(num: 3727), BADBABA
(num: 3728), BADBABA, wit, wit, gleeful
(num: 3729), BADBABA
(num: 3730), BADBABA, ruined, midnight, midnight, defender
(num: 3731), BADBABA, berryo
(num: 3732), BADBABA, shooting, shooting, ore, ore, quote
(num: 3733), BADBABA, mount, mount
(num: 3734), BADBABA, unguarded, unguarded
(num: 3735), BADBABA, longest, longest
(num: 3736), BADBABA, chestnuts, willowleaves, Winged, Winged
(num: 3737), BADBABA, hung, hung
(num: 3738), BADBABA
(num: 3739), BADBABA, Elfkings, ancalima
(num: 3740), BADBABA
(num: 3741), BADBABA, Butwell, munching, munching
(num: 3742), BADBABA, wears, wears, cowering, cowering
(num: 3743), BADBABA
(num: 3744), BADBABA, splinters, splinters
(num: 3745), BADBABA, undecided, E, E
(num: 3746), BADBABA
(num: 3747), BADBABA, amended, amended
(num: 3748), BADBABA, hafted, knowingly
(num: 3749), BADBABA, present, present, housedwellers
(num: 3750), BADBABA, Noises, remembers, remembers, Morgulstuff
(num: 3751), BADBABA, six, six
(num: 3752), BADBABA
(num: 3753), BADBABA
(num: 3754), BADBABA, hisses, clubs, clubs
(num: 3755), BADBABA
(num: 3756), BADBABA, farms, farms
(num: 3757), BADBABA
(num: 3758), BADBABA, straps, straps
(num: 3759), BADBABA, pot, pot, hordes, necessaries
(num: 3760), BADBABA, radiant
(num: 3761), BADBABA, warriors, warriors, learnt, learnt
(num: 3762), BADBABA, Cerin, Cerin
(num: 3763), BADBABA, comes, comes
(num: 3764), BADBABA, nice, nice
(num: 3765), BADBABA
(num: 3766), BADBABA, titles, titles
(num: 3767), BADBABA, squat, squat
(num: 3768), BADBABA
(num: 3769), BADBABA, keeps, keeps, foodlike
(num: 3770), BADBABA
(num: 3771), BADBABA
(num: 3772), BADBABA
(num: 3773), BADBABA, lets, lets
(num: 3774), BADBABA, correction
(num: 3775), BADBABA, large, large, homegrown
(num: 3776), BADBABA, ounce
(num: 3777), BADBABA
(num: 3778), BADBABA, objected, objected
(num: 3779), BADBABA, smelt, smelt
(num: 3780), BADBABA
(num: 3781), BADBABA, smokes, smokes, sinews, sinews
(num: 3782), BADBABA
(num: 3783), BADBABA, rare, weasel
(num: 3784), BADBABA, posts, posts, happenings, happenings, hiring
(num: 3785), BADBABA, sheets
(num: 3786), BADBABA, fidgeted, fidgeted
(num: 3787), BADBABA
(num: 3788), BADBABA, larders, backs, backs, subjects, Truly, Truly
(num: 3789), BADBABA, strung, strung, eleventy, eleventy, elfspeech
(num: 3790), BADBABA
(num: 3791), BADBABA, boy, boy
(num: 3792), BADBABA, orcmail, orcmail
(num: 3793), BADBABA
(num: 3794), BADBABA
(num: 3795), BADBABA
(num: 3796), BADBABA, clear, clear
(num: 3797), BADBABA
(num: 3798), BADBABA, jelly, jelly
(num: 3799), BADBABA
(num: 3800), BADBABA
(num: 3801), BADBABA, records, records, pans, pans
(num: 3802), BADBABA
(num: 3803), BADBABA, lade, lade
(num: 3804), BADBABA
(num: 3805), BADBABA, hereafter, hereafter
(num: 3806), BADBABA
(num: 3807), BADBABA
(num: 3808), BADBABA, halfpast, mastery, mastery, pla, pla
(num: 3809), BADBABA
(num: 3810), BADBABA, Burst, ither
(num: 3811), BADBABA, glistens, glaring, glaring
(num: 3812), BADBABA, Wain
(num: 3813), BADBABA, shades, shades, flick
(num: 3814), BADBABA
(num: 3815), BADBABA
(num: 3816), BADBABA, meyou
(num: 3817), BADBABA
(num: 3818), BADBABA, swith
(num: 3819), BADBABA
(num: 3820), BADBABA
(num: 3821), BADBABA, studs, goblindwelling, Diary
(num: 3822), BADBABA
(num: 3823), BADBABA, Muil, Muil
(num: 3824), BADBABA
(num: 3825), BADBABA, bargains, bargains
(num: 3826), BADBABA, wizardry, Pip
(num: 3827), BADBABA, incantations, Whod, Whod
(num: 3828), BADBABA
(num: 3829), BADBABA, dewy, dewy
(num: 3830), BADBABA, Brockhouses, Brockhouses
(num: 3831), BADBABA, Below, Below
(num: 3832), BADBABA
(num: 3833), BADBABA
(num: 3834), BADBABA
(num: 3835), BADBABA, ruby, clipping
(num: 3836), BADBABA, drying, bu, bu
(num: 3837), BADBABA, Rumours, unseeing, unseeing
(num: 3838), BADBABA
(num: 3839), BADBABA, resung
(num: 3840), BADBABA, Seas, Seas
(num: 3841), BADBABA, wringing, unpeopled
(num: 3842), BADBABA, soaked, soaked
(num: 3843), BADBABA, hat, hat, trillillillolly
(num: 3844), BADBABA
(num: 3845), BADBABA
(num: 3846), BADBABA
(num: 3847), BADBABA, rubbish, pasture, pasture, posterndoor
(num: 3848), BADBABA, connexions, connexions
(num: 3849), BADBABA, consume
(num: 3850), BADBABA, trampled, trampled, Four, Four
(num: 3851), BADBABA, yourselvesand
(num: 3852), BADBABA, urged, urged
(num: 3853), BADBABA
(num: 3854), BADBABA
(num: 3855), BADBABA, Manlike
(num: 3856), BADBABA, better, better, makes, makes, blush
(num: 3857), BADBABA, tame, tame
(num: 3858), BADBABA, relative
(num: 3859), BADBABA, obtain, shrouds
(num: 3860), BADBABA, blacksmiths
(num: 3861), BADBABA, hideously, hideously, slavedriving
(num: 3862), BADBABA, twilight, twilight
(num: 3863), BADBABA, Thorins, Thorins
(num: 3864), BADBABA, Araw
(num: 3865), BADBABA
(num: 3866), BADBABA, comers, comers, knuckles, knuckles
(num: 3867), BADBABA, seriously, seriously
(num: 3868), BADBABA
(num: 3869), BADBABA, strengthfor
(num: 3870), BADBABA, Elfkindred
(num: 3871), BADBABA
(num: 3872), BADBABA, peats, nape
(num: 3873), BADBABA, scorn, scorn
(num: 3874), BADBABA, from, from, Doesnt, Doesnt
(num: 3875), BADBABA, springy, springy
(num: 3876), BADBABA, lesson, lesson
(num: 3877), BADBABA, enlarged, enlarged
(num: 3878), BADBABA, exceedingly, exceedingly
(num: 3879), BADBABA, piling, willowthickets
(num: 3880), BADBABA, deserves, deserves
(num: 3881), BADBABA, something, something, vastness, gash, gash
(num: 3882), BADBABA, suffocate
(num: 3883), BADBABA, peopled
(num: 3884), BADBABA
(num: 3885), BADBABA, ablaze, Women, Mordors, Mordors
(num: 3886), BADBABA, pebbly
(num: 3887), BADBABA
(num: 3888), BADBABA, Speed, Speed
(num: 3889), BADBABA, Dwarfkingdom, Dwarfkingdom, tiptoe
(num: 3890), BADBABA, beam, beam, Renewer
(num: 3891), BADBABA, lank, lank
(num: 3892), BADBABA
(num: 3893), BADBABA
(num: 3894), BADBABA, hiruva, flare, flare, stately
(num: 3895), BADBABA, engines, engines
(num: 3896), BADBABA, disappearing, disappearing
(num: 3897), BADBABA, hitting
(num: 3898), BADBABA
(num: 3899), BADBABA, eagerly, eagerly, gateposts, wills, wills
(num: 3900), BADBABA, dappled, dappled
(num: 3901), BADBABA
(num: 3902), BADBABA, silently, silently
(num: 3903), BADBABA, strode, strode, secondfloor, rs, Beregond, Beregond
(num: 3904), BADBABA, Herdsmen, Signal
(num: 3905), BADBABA, districts, Lose
(num: 3906), BADBABA, recovers, blacklike
(num: 3907), BADBABA, fringe, Therefore, Therefore, Calenardhon
(num: 3908), BADBABA, rammers, braver, unheeded, unheeded, Side, Side
(num: 3909), BADBABA, Eastern, Eastern
(num: 3910), BADBABA
(num: 3911), BADBABA, unpopular, unpopular, traps
(num: 3912), BADBABA, nuisances, Grave
(num: 3913), BADBABA, services, ostler, ostler, needle, Hopes
(num: 3914), BADBABA, shallower, shallower, singers
(num: 3915), BADBABA, Seeking
(num: 3916), BADBABA
(num: 3917), BADBABA, keystone, keystone
(num: 3918), BADBABA, Battle, Battle, irresistibly, irresistibly, concourse, concourse
(num: 3919), BADBABA, receive, receive
(num: 3920), BADBABA, expect, expect, cities, watery, Word, Word
(num: 3921), BADBABA, meals, meals, horrified, horrified, brigands, brigands
(num: 3922), BADBABA, fragment, Footsteps, Footsteps
(num: 3923), BADBABA, its, its, tracked, tracked
(num: 3924), BADBABA, Thieves, Thieves
(num: 3925), BADBABA, getting, getting
(num: 3926), BADBABA, Faithless, Mindolluin, Mindolluin
(num: 3927), BADBABA, mov
(num: 3928), BADBABA, wisdom, wisdom, cowed, cowed
(num: 3929), BADBABA
(num: 3930), BADBABA, Hornblower, Hornblower
(num: 3931), BADBABA, say, say, stonecrop
(num: 3932), BADBABA, Take, Take, hesitation, hesitation
(num: 3933), BADBABA
(num: 3934), BADBABA
(num: 3935), BADBABA, undead, undead
(num: 3936), BADBABA, visit, visit
(num: 3937), BADBABA, poorer, poorer, belongings, belongings
(num: 3938), BADBABA
(num: 3939), BADBABA
(num: 3940), BADBABA, incurable
(num: 3941), BADBABA, garrisoned, anigh
(num: 3942), BADBABA, bread, bread, ppeared
(num: 3943), BADBABA, trench, trench
(num: 3944), BADBABA
(num: 3945), BADBABA
(num: 3946), BADBABA, mathom, mathom
(num: 3947), BADBABA, knotted, knotted, gusts, surely, surely, ascend, ascend
(num: 3948), BADBABA, Companions, Companions
(num: 3949), BADBABA, Netted
(num: 3950), BADBABA, illfated
(num: 3951), BADBABA, Hoarwell, Hoarwell
(num: 3952), BADBABA, elf, elf
(num: 3953), BADBABA, since, since, Wall, Wall
(num: 3954), BADBABA, encounter
(num: 3955), BADBABA
(num: 3956), BADBABA, Tale, Tale, vigil, vigil, uncut
(num: 3957), BADBABA, cast, cast, enclosing, enclosing
(num: 3958), BADBABA
(num: 3959), BADBABA, masters, masters, anybodys
(num: 3960), BADBABA, shake, shake, wizardlords
(num: 3961), BADBABA
(num: 3962), BADBABA, October, October, fastening
(num: 3963), BADBABA, returns, returns
(num: 3964), BADBABA, carrier
(num: 3965), BADBABA, nourishing
(num: 3966), BADBABA, dog, thrown, thrown
(num: 3967), BADBABA
(num: 3968), BADBABA, waken, waken, jerked, jerked, aforetime
(num: 3969), BADBABA, Wrong, Wrong
(num: 3970), BADBABA
(num: 3971), BADBABA, Incbnus
(num: 3972), BADBABA
(num: 3973), BADBABA
(num: 3974), BADBABA, Jetsam, cooked, cooked
(num: 3975), BADBABA, Recently
(num: 3976), BADBABA, wobbly, wobbly
(num: 3977), BADBABA
(num: 3978), BADBABA, White, White, Him, Him
(num: 3979), BADBABA
(num: 3980), BADBABA
(num: 3981), BADBABA, saves
(num: 3982), BADBABA, trotted, trotted, squabbles, clocks
(num: 3983), BADBABA, feasts, feasts
(num: 3984), BADBABA, ease, ease
(num: 3985), BADBABA, just, just, summaries
(num: 3986), BADBABA, intently, loaves, loaves
(num: 3987), BADBABA, Ssss, Ssss, Myself
(num: 3988), BADBABA
(num: 3989), BADBABA, Aragor, Aragor
(num: 3990), BADBABA, remorse
(num: 3991), BADBABA
(num: 3992), BADBABA, bless, bless
(num: 3993), BADBABA, drop, drop, mound, mound, envelope, envelope
(num: 3994), BADBABA, tha, tha
(num: 3995), BADBABA, compensated
(num: 3996), BADBABA
(num: 3997), BADBABA, bend, labours, numbered, numbered
(num: 3998), BADBABA
(num: 3999), BADBABA
(num: 4000), BADBABA
(num: 4001), BADBABA, unbearable, unbearable
(num: 4002), BADBABA
(num: 4003), BADBABA, winebarrels
(num: 4004), BADBABA
(num: 4005), BADBABA
(num: 4006), BADBABA
(num: 4007), BADBABA
(num: 4008), BADBABA
(num: 4009), BADBABA
(num: 4010), BADBABA
(num: 4011), BADBABA, says, says, accounted, accounted
(num: 4012), BADBABA
(num: 4013), BADBABA, Right, Right
(num: 4014), BADBABA, cones, cones
(num: 4015), BADBABA
(num: 4016), BADBABA
(num: 4017), BADBABA
(num: 4018), BADBABA, fainter, fainter, plentiful
(num: 4019), BADBABA, pipes, pipes
(num: 4020), BADBABA, fogbound
(num: 4021), BADBABA, inadequate, inadequate, furled, furled
(num: 4022), BADBABA
(num: 4023), BADBABA
(num: 4024), BADBABA
(num: 4025), BADBABA
(num: 4026), BADBABA, Wetwang
(num: 4027), BADBABA
(num: 4028), BADBABA
(num: 4029), BADBABA, quoted, steadied, steadied
(num: 4030), BADBABA
(num: 4031), BADBABA, fidgeting, fidgeting
(num: 4032), BADBABA, mansion
(num: 4033), BADBABA, stinks, stinks
(num: 4034), BADBABA
(num: 4035), BADBABA, singing, singing
(num: 4036), BADBABA
(num: 4037), BADBABA
(num: 4038), BADBABA
(num: 4039), BADBABA
(num: 4040), BADBABA
(num: 4041), BADBABA, waving, waving, longwise
(num: 4042), BADBABA, brush, corn, corn
(num: 4043), BADBABA, quarriers, embroiled
(num: 4044), BADBABA, DONT, dwelt, dwelt
(num: 4045), BADBABA, prisoners, prisoners, foresight
(num: 4046), BADBABA
(num: 4047), BADBABA, thankyou
(num: 4048), BADBABA, barley
(num: 4049), BADBABA
(num: 4050), BADBABA, rust
(num: 4051), BADBABA, quickworded
(num: 4052), BADBABA, desert, desert, orcmines
(num: 4053), BADBABA
(num: 4054), BADBABA
(num: 4055), BADBABA, contrary, contrary
(num: 4056), BADBABA, owners, owners, Mymak, Mymak
(num: 4057), BADBABA
(num: 4058), BADBABA, hammer, tumbled, tumbled
(num: 4059), BADBABA, thornbrakes
(num: 4060), BADBABA, chips, chips
(num: 4061), BADBABA
(num: 4062), BADBABA, Whistles
(num: 4063), BADBABA, journeys, journeys
(num: 4064), BADBABA, freshcut
(num: 4065), BADBABA
(num: 4066), BADBABA, illused, bogeystories
(num: 4067), BADBABA
(num: 4068), BADBABA, horncall, horncall
(num: 4069), BADBABA
(num: 4070), BADBABA, corrupter
(num: 4071), BADBABA, bane, Softly, Telcontar
(num: 4072), BADBABA, kills, cause, cause, withdraw, withdraw
(num: 4073), BADBABA, divide, divide, brandmarks
(num: 4074), BADBABA, eyeshaped
(num: 4075), BADBABA, polite, answered, answered, dumb, dumb
(num: 4076), BADBABA, aarguing, Hee
(num: 4077), BADBABA
(num: 4078), BADBABA
(num: 4079), BADBABA, doorwards
(num: 4080), BADBABA, burglar, burglar, Shirereckoning, Shirereckoning, Paveyard
(num: 4081), BADBABA, noisome, noisome, truncheons
(num: 4082), BADBABA, southern, southern, aiding, aiding, Dunlendings, Dunlendings
(num: 4083), BADBABA, rhymes, rhymes
(num: 4084), BADBABA, themselves, themselves, businessespecially
(num: 4085), BADBABA, quickened, quickened
(num: 4086), BADBABA, Denethors, Denethors
(num: 4087), BADBABA, slipped, slipped
(num: 4088), BADBABA, obeyed, hammering, hammering
(num: 4089), BADBABA
(num: 4090), BADBABA, whooped
(num: 4091), BADBABA
(num: 4092), BADBABA, behaving, elvencake
(num: 4093), BADBABA
(num: 4094), BADBABA, Master, Master, oer, Wrap
(num: 4095), BADBABA, Summer, Summer
(num: 4096), BADBABA, told, told
(num: 4097), BADBABA, Gundabad, whi
(num: 4098), BADBABA, Remember, Remember
(num: 4099), BADBABA, smart, smart, enchantment, enchantment, chests, chests, bloodshot
(num: 4100), BADBABA
(num: 4101), BADBABA
(num: 4102), BADBABA
(num: 4103), BADBABA, foundered, foundered, temporary
(num: 4104), BADBABA, blending, blending, Fragments, irit
(num: 4105), BADBABA, fathomless
(num: 4106), BADBABA, mincing
(num: 4107), BADBABA
(num: 4108), BADBABA, rhyming
(num: 4109), BADBABA, lamp, lamp
(num: 4110), BADBABA
(num: 4111), BADBABA, prop, prop
(num: 4112), BADBABA, shroud
(num: 4113), BADBABA, aglimmer
(num: 4114), BADBABA
(num: 4115), BADBABA, Stumps
(num: 4116), BADBABA, Instead, Instead
(num: 4117), BADBABA
(num: 4118), BADBABA, Gandalfjumped, jugglers
(num: 4119), BADBABA, Grey, Grey
(num: 4120), BADBABA
(num: 4121), BADBABA
(num: 4122), BADBABA
(num: 4123), BADBABA, reconciliation, bastions, bastions
(num: 4124), BADBABA
(num: 4125), BADBABA
(num: 4126), BADBABA, sn, onward, onward
(num: 4127), BADBABA, What, What
(num: 4128), BADBABA, petals, laced, olive
(num: 4129), BADBABA
(num: 4130), BADBABA, tterbur
(num: 4131), BADBABA, Wellinghall, Wellinghall, Heather
(num: 4132), BADBABA, Heal
(num: 4133), BADBABA, lower, lower, spearhead
(num: 4134), BADBABA
(num: 4135), BADBABA, helping, helping, Grune
(num: 4136), BADBABA, Leader, leggy
(num: 4137), BADBABA, arise, arise
(num: 4138), BADBABA
(num: 4139), BADBABA, clawing, clawing
(num: 4140), BADBABA, Thither, arrangehere
(num: 4141), BADBABA
(num: 4142), BADBABA
(num: 4143), BADBABA, Undergate
(num: 4144), BADBABA, recent, recent
(num: 4145), BADBABA, Holes
(num: 4146), BADBABA
(num: 4147), BADBABA
(num: 4148), BADBABA
(num: 4149), BADBABA, pressing, pressing, Keen
(num: 4150), BADBABA
(num: 4151), BADBABA, stranger, stranger
(num: 4152), BADBABA
(num: 4153), BADBABA, ood, ood
(num: 4154), BADBABA
(num: 4155), BADBABA, cla
(num: 4156), BADBABA, satisfied, noser, reckoned, reckoned
(num: 4157), BADBABA, kingdomDale
(num: 4158), BADBABA, panted, panted
(num: 4159), BADBABA, firewriting
(num: 4160), BADBABA
(num: 4161), BADBABA, mincepies, bitterly, bitterly, itch
(num: 4162), BADBABA
(num: 4163), BADBABA, argued, argued, skipped, skipped
(num: 4164), BADBABA
(num: 4165), BADBABA
(num: 4166), BADBABA, Echoes, dwarftongue, dwarftongue
(num: 4167), BADBABA, ready, ready
(num: 4168), BADBABA
(num: 4169), BADBABA, mourn, mourn
(num: 4170), BADBABA
(num: 4171), BADBABA, hoofs, hoofs, skyless
(num: 4172), BADBABA, Sting, Sting, candlelight, northwards, northwards, ambush, ambush
(num: 4173), BADBABA, mountainsprings, peaching
(num: 4174), BADBABA
(num: 4175), BADBABA, hoped, hoped
(num: 4176), BADBABA
(num: 4177), BADBABA
(num: 4178), BADBABA, braided, braided
(num: 4179), BADBABA
(num: 4180), BADBABA, nonsense, nonsense
(num: 4181), BADBABA, Stand, Stand
(num: 4182), BADBABA
(num: 4183), BADBABA, votes
(num: 4184), BADBABA, doorway, doorway
(num: 4185), BADBABA
(num: 4186), BADBABA
(num: 4187), BADBABA
(num: 4188), BADBABA
(num: 4189), BADBABA, perilously, perilously
(num: 4190), BADBABA, bracelet, musty
(num: 4191), BADBABA
(num: 4192), BADBABA
(num: 4193), BADBABA
(num: 4194), BADBABA, mossgrown
(num: 4195), BADBABA
(num: 4196), BADBABA
(num: 4197), BADBABA, strikes, strikes
(num: 4198), BADBABA
(num: 4199), BADBABA
(num: 4200), BADBABA, begin, begin
(num: 4201), BADBABA, today, fierce, fierce, desired, Whoa, Whoa
(num: 4202), BADBABA, torn, torn
(num: 4203), BADBABA, print, print
(num: 4204), BADBABA
(num: 4205), BADBABA, hilt, hilt
(num: 4206), BADBABA, footpath, Dismayed, sensing
(num: 4207), BADBABA, stretch, stretch, Entmaiden, sagging, sagging
(num: 4208), BADBABA, wooded, wooded
(num: 4209), BADBABA, Elronds, Elronds, goldhung
(num: 4210), BADBABA, boys, boys
(num: 4211), BADBABA
(num: 4212), BADBABA, point, point
(num: 4213), BADBABA, tubs, tubs
(num: 4214), BADBABA, naught, naught
(num: 4215), BADBABA
(num: 4216), BADBABA, handful, handful
(num: 4217), BADBABA
(num: 4218), BADBABA, twohandled, dealings, dealings, stripes
(num: 4219), BADBABA, hook, hook, tempt, tempt, slippers
(num: 4220), BADBABA
(num: 4221), BADBABA, signing
(num: 4222), BADBABA, buttery
(num: 4223), BADBABA, hugest
(num: 4224), BADBABA
(num: 4225), BADBABA, cracked, cracked
(num: 4226), BADBABA, upland, upland
(num: 4227), BADBABA, lakes, lakes, Westmarch, Westmarch, dots
(num: 4228), BADBABA, claims, claims, Nmenoreans, hawthorn
(num: 4229), BADBABA, mineyou, afflicted
(num: 4230), BADBABA, unceasingly, unceasingly, Immortal, Twentyone, Twentyone
(num: 4231), BADBABA, idle, idle
(num: 4232), BADBABA, grimvoiced, grimvoiced, G, G, lung
(num: 4233), BADBABA, heralds, heralds
(num: 4234), BADBABA
(num: 4235), BADBABA
(num: 4236), BADBABA, steerless, boarded
(num: 4237), BADBABA, dragging, dragging, umbrella, umbrella
(num: 4238), BADBABA, intertwined
(num: 4239), BADBABA, sending, sending, oar
(num: 4240), BADBABA
(num: 4241), BADBABA, wives, sustaining, mailcoat, mailcoat
(num: 4242), BADBABA, bewilderment, bewilderment
(num: 4243), BADBABA, gnarled, gnarled, massing
(num: 4244), BADBABA, Awake, shred
(num: 4245), BADBABA, leathern, leathern
(num: 4246), BADBABA, leap, leap, inscribed
(num: 4247), BADBABA, manywindowed, manywindowed
(num: 4248), BADBABA, numbed
(num: 4249), BADBABA, Actually, Actually, latch
(num: 4250), BADBABA
(num: 4251), BADBABA, dwarves, dwarves, chained, chained, fleeing, fleeing
(num: 4252), BADBABA, leaping, leaping, openings, openings, convulsive
(num: 4253), BADBABA, rend, rend
(num: 4254), BADBABA
(num: 4255), BADBABA
(num: 4256), BADBABA
(num: 4257), BADBABA, saddled, nuzzled, nuzzled
(num: 4258), BADBABA, yet, yet, fit, fit, fingering, fingering
(num: 4259), BADBABA
(num: 4260), BADBABA
(num: 4261), BADBABA
(num: 4262), BADBABA
(num: 4263), BADBABA, princedom
(num: 4264), BADBABA
(num: 4265), BADBABA, matches, matches, banners, banners, remade
(num: 4266), BADBABA, allow, allow
(num: 4267), BADBABA, Reasons
(num: 4268), BADBABA, sheer, dates, dates
(num: 4269), BADBABA, broth, broth, oast, oast
(num: 4270), BADBABA, Wights
(num: 4271), BADBABA
(num: 4272), BADBABA, whispering, whispering
(num: 4273), BADBABA, Silly, Silly, writhen, writhen
(num: 4274), BADBABA
(num: 4275), BADBABA, incline, incline
(num: 4276), BADBABA, shifted, shifted
(num: 4277), BADBABA
(num: 4278), BADBABA, theyd
(num: 4279), BADBABA, uncomfortably, uncomfortably, peeps, ownership, pillowed, pillowed, uprooting, Il
(num: 4280), BADBABA
(num: 4281), BADBABA
(num: 4282), BADBABA, unconquered, unconquered
(num: 4283), BADBABA, Greyhame, Greyhame, rounding
(num: 4284), BADBABA, frankness, Ashamed
(num: 4285), BADBABA
(num: 4286), BADBABA, flabby, molesting, writhed, writhed, clutches
(num: 4287), BADBABA
(num: 4288), BADBABA
(num: 4289), BADBABA, earn, earn, groan, groan
(num: 4290), BADBABA, unlabelled, unlabelled
(num: 4291), BADBABA, wistfully, wistfully
(num: 4292), BADBABA, fancies, fancies, weregild
(num: 4293), BADBABA
(num: 4294), BADBABA
(num: 4295), BADBABA, Questioner
(num: 4296), BADBABA
(num: 4297), BADBABA, little, little, defiance, defiance
(num: 4298), BADBABA
(num: 4299), BADBABA, rehearsed
(num: 4300), BADBABA, harness, harness
(num: 4301), BADBABA, vaults, vaults
(num: 4302), BADBABA
(num: 4303), BADBABA
(num: 4304), BADBABA
(num: 4305), BADBABA, Row, Row, singer, singer
(num: 4306), BADBABA
(num: 4307), BADBABA
(num: 4308), BADBABA
(num: 4309), BADBABA, determined, determined
(num: 4310), BADBABA, while, while
(num: 4311), BADBABA, control, presses, maimed, maimed
(num: 4312), BADBABA, brook, brook
(num: 4313), BADBABA, Storeroom
(num: 4314), BADBABA, railways
(num: 4315), BADBABA, havoc, Whereve
(num: 4316), BADBABA, biter
(num: 4317), BADBABA, barely, barely, begs, begs
(num: 4318), BADBABA, bellies, Treasure
(num: 4319), BADBABA, Borne
(num: 4320), BADBABA, BURROWS
(num: 4321), BADBABA
(num: 4322), BADBABA, kitchen, kitchen, theme, Food, Food, surrendered, surrendered
(num: 4323), BADBABA
(num: 4324), BADBABA, describe, Dwarf, Dwarf, halfmocking
(num: 4325), BADBABA, penetrating
(num: 4326), BADBABA
(num: 4327), BADBABA, June, June
(num: 4328), BADBABA, him, him, eaves, eaves
(num: 4329), BADBABA, Morgulroad, Morgulroad
(num: 4330), BADBABA
(num: 4331), BADBABA, wine, wine, credible, islandshores, damper, traversing
(num: 4332), BADBABA
(num: 4333), BADBABA, understand, understand
(num: 4334), BADBABA, oddity
(num: 4335), BADBABA, staring, staring, bubbled, bubbled
(num: 4336), BADBABA, betterment, brilliantly, clashing
(num: 4337), BADBABA, guided, guided
(num: 4338), BADBABA, Morgulspells
(num: 4339), BADBABA, Evidently, Evidently, gorse
(num: 4340), BADBABA, slier
(num: 4341), BADBABA, Friendship
(num: 4342), BADBABA, rows, rows, mare
(num: 4343), BADBABA, term
(num: 4344), BADBABA, teens, increasingly
(num: 4345), BADBABA, boil, boil
(num: 4346), BADBABA, meaning, staying, orc, cosy, cosy
(num: 4347), BADBABA, objects, objects
(num: 4348), BADBABA, tom, Forgive, Forgive
(num: 4349), BADBABA, remuneration
(num: 4350), BADBABA, pinching, pinching
(num: 4351), BADBABA
(num: 4352), BADBABA, gem, Inthe, certainty, certainty
(num: 4353), BADBABA, All, All, cakeseedcake, bad, bad, thriving, acted, acted
(num: 4354), BADBABA, fill, fill, luggage, luggage
(num: 4355), BADBABA, reviving, Vanish
(num: 4356), BADBABA, Celebdil, Celebdil
(num: 4357), BADBABA
(num: 4358), BADBABA
(num: 4359), BADBABA, baked, baked, nicest
(num: 4360), BADBABA
(num: 4361), BADBABA
(num: 4362), BADBABA, possessed, possessed, bathroom
(num: 4363), BADBABA, smashed, smashed, flattery, flattery, Gollummanner
(num: 4364), BADBABA, perch, perch, vanguard, vanguard, peal
(num: 4365), BADBABA, shining, Off, Off, scornful, scornful
(num: 4366), BADBABA
(num: 4367), BADBABA
(num: 4368), BADBABA, fortified, Voice, Voice, footpads
(num: 4369), BADBABA, undergrowth, undergrowth
(num: 4370), BADBABA, keys, lies, lies
(num: 4371), BADBABA
(num: 4372), BADBABA, cord, cord
(num: 4373), BADBABA, edgewise
(num: 4374), BADBABA, given, given, feathers, feathers
(num: 4375), BADBABA
(num: 4376), BADBABA, Storm, Storm
(num: 4377), BADBABA
(num: 4378), BADBABA
(num: 4379), BADBABA, horse, horse
(num: 4380), BADBABA, Stay, Stay
(num: 4381), BADBABA, Lights, Lights
(num: 4382), BADBABA, rove
(num: 4383), BADBABA
(num: 4384), BADBABA, lilting
(num: 4385), BADBABA
(num: 4386), BADBABA
(num: 4387), BADBABA, Hey, Hey
(num: 4388), BADBABA
(num: 4389), BADBABA
(num: 4390), BADBABA
(num: 4391), BADBABA
(num: 4392), BADBABA, ere, ere, heels, heels
(num: 4393), BADBABA
(num: 4394), BADBABA, sinister, sinister
(num: 4395), BADBABA, crouches
(num: 4396), BADBABA
(num: 4397), BADBABA, foreleg, agin, perishing
(num: 4398), BADBABA, blushed, traffic, traffic, guardedthe, unlookedfor, unlookedfor
(num: 4399), BADBABA, flushing
(num: 4400), BADBABA, biscuitish, mown
(num: 4401), BADBABA, unbarred, unbarred
(num: 4402), BADBABA, origins, mountaintops, ramparts, fiefs, fiefs
(num: 4403), BADBABA, mighty, mighty, overagain, wor, wor, utlien
(num: 4404), BADBABA, Baruk, Upbourn
(num: 4405), BADBABA, harm, thieves, thieves, Foolishness
(num: 4406), BADBABA, clambering, clambering
(num: 4407), BADBABA, coloured, coloured, misjudged, misjudged
(num: 4408), BADBABA, suitable, suitable
(num: 4409), BADBABA, unimaginable
(num: 4410), BADBABA
(num: 4411), BADBABA, swish, swish, oliphauntses
(num: 4412), BADBABA
(num: 4413), BADBABA
(num: 4414), BADBABA, Undoubtedly
(num: 4415), BADBABA, Writer
(num: 4416), BADBABA
(num: 4417), BADBABA, swarm, cornmill, Haysend, Haysend
(num: 4418), BADBABA
(num: 4419), BADBABA, ashamed, neighboring, hobbitkind
(num: 4420), BADBABA, Mugwort, Mugwort, depression
(num: 4421), BADBABA, roll, roll, Elvenlady, coils, coils
(num: 4422), BADBABA, retreating, retreating, brokenly
(num: 4423), BADBABA
(num: 4424), BADBABA, teaching, teaching, Eorl, Eorl
(num: 4425), BADBABA, dwindled, dwindled, trespassers, odours
(num: 4426), BADBABA, dipping, dipping
(num: 4427), BADBABA
(num: 4428), BADBABA
(num: 4429), BADBABA, walls, walls, vanwa, vanwa, trusting, trusting
(num: 4430), BADBABA
(num: 4431), BADBABA
(num: 4432), BADBABA, nod, nod, developing, restful, restful, likewise, likewise
(num: 4433), BADBABA
(num: 4434), BADBABA, thronged, Blanco, axebearer
(num: 4435), BADBABA, name, name, front, front
(num: 4436), BADBABA, footprints, footprints
(num: 4437), BADBABA, inner, inner, Mustnt
(num: 4438), BADBABA, aga, aga, winded
(num: 4439), BADBABA, anxiety, anxiety, mountainmarches
(num: 4440), BADBABA
(num: 4441), BADBABA, intriguing, tend, tend, welter
(num: 4442), BADBABA, woodmans
(num: 4443), BADBABA, drives, drives, Hen, Hen
(num: 4444), BADBABA, twos
(num: 4445), BADBABA
(num: 4446), BADBABA, curtains, curtains
(num: 4447), BADBABA, arc
(num: 4448), BADBABA
(num: 4449), BADBABA, bawl, aloft, aloft
(num: 4450), BADBABA
(num: 4451), BADBABA, mouldered
(num: 4452), BADBABA
(num: 4453), BADBABA, nks, nks, recede
(num: 4454), BADBABA, porthole
(num: 4455), BADBABA, reproached
(num: 4456), BADBABA, expenses, expenses
(num: 4457), BADBABA, revising, marshals, marshals
(num: 4458), BADBABA
(num: 4459), BADBABA, squad
(num: 4460), BADBABA, precise, precise
(num: 4461), BADBABA, design, peculiar, peculiar, watchtowers, watchtowers
(num: 4462), BADBABA, mountaingates, fairest, fairest, instructing, bared, bared
(num: 4463), BADBABA, na, na
(num: 4464), BADBABA, regain, Halfings
(num: 4465), BADBABA
(num: 4466), BADBABA, tryst, tryst
(num: 4467), BADBABA
(num: 4468), BADBABA
(num: 4469), BADBABA, voicesI
(num: 4470), BADBABA, river, river, unhurt, unhurt
(num: 4471), BADBABA
(num: 4472), BADBABA, sharpen, sidedoors, crystal, crystal, rankle, gloating, gloating
(num: 4473), BADBABA, swordhilts, swordhilts
(num: 4474), BADBABA
(num: 4475), BADBABA
(num: 4476), BADBABA
(num: 4477), BADBABA, Drawn
(num: 4478), BADBABA, cheerylooking
(num: 4479), BADBABA, forsaken, forsaken, surging, surging
(num: 4480), BADBABA
(num: 4481), BADBABA, suppor, wafers, wafers
(num: 4482), BADBABA, realm, realm
(num: 4483), BADBABA, gardener, gardener
(num: 4484), BADBABA
(num: 4485), BADBABA, warnings, warnings, lass, lass
(num: 4486), BADBABA, shields, shields, nicely, urging, urging, gown, gown
(num: 4487), BADBABA
(num: 4488), BADBABA, Hollen
(num: 4489), BADBABA
(num: 4490), BADBABA
(num: 4491), BADBABA, overcame, sunrise, Sunlight, Sunlight
(num: 4492), BADBABA, Excitement, ruffled, ruffled
(num: 4493), BADBABA, Marshes, Marshes, Baraz, highcrowned, highcrowned, fever, fever
(num: 4494), BADBABA
(num: 4495), BADBABA
(num: 4496), BADBABA
(num: 4497), BADBABA
(num: 4498), BADBABA, snakelike
(num: 4499), BADBABA
(num: 4500), BADBABA, fish, fish
(num: 4501), BADBABA, deem, deem
(num: 4502), BADBABA, woodelf, Heave, acres, acres
(num: 4503), BADBABA
(num: 4504), BADBABA
(num: 4505), BADBABA, smoothfloored, logfire
(num: 4506), BADBABA, conscious, conscious
(num: 4507), BADBABA
(num: 4508), BADBABA, tophat, glory, commonly, commonly
(num: 4509), BADBABA, radiance, radiance
(num: 4510), BADBABA, written, written, quivers
(num: 4511), BADBABA, sale, sale, lording
(num: 4512), BADBABA
(num: 4513), BADBABA, stuffy, stuffy
(num: 4514), BADBABA, seas, seas
(num: 4515), BADBABA, opens, opens
(num: 4516), BADBABA, moonbeams
(num: 4517), BADBABA, largest, drowning, drowning
(num: 4518), BADBABA, unshod, unshod
(num: 4519), BADBABA, unfolded
(num: 4520), BADBABA
(num: 4521), BADBABA, family, family, emerald
(num: 4522), BADBABA, drinking, drinking, Pah, Spies
(num: 4523), BADBABA, drownded, drownded
(num: 4524), BADBABA, labels, labels
(num: 4525), BADBABA
(num: 4526), BADBABA, accorded
(num: 4527), BADBABA, lucky, lucky, smudge
(num: 4528), BADBABA, lordlings
(num: 4529), BADBABA
(num: 4530), BADBABA
(num: 4531), BADBABA, waking, waking, uncommonly, uncommonly
(num: 4532), BADBABA, ruler, Quick, Quick, pictures, beware, beware, Valar, Valar
(num: 4533), BADBABA, work, work, Fences, Hows
(num: 4534), BADBABA, gibbering
(num: 4535), BADBABA, blissful
(num: 4536), BADBABA, Somewhere, Somewhere
(num: 4537), BADBABA, beryl, beryl
(num: 4538), BADBABA, slung, marrow, marrow, thievery
(num: 4539), BADBABA, ink, ink, farmcarts
(num: 4540), BADBABA, restless, restless, Caverns
(num: 4541), BADBABA, ridged
(num: 4542), BADBABA, thither, thither
(num: 4543), BADBABA
(num: 4544), BADBABA
(num: 4545), BADBABA, Wndfara, Wndfara
(num: 4546), BADBABA
(num: 4547), BADBABA, moan
(num: 4548), BADBABA
(num: 4549), BADBABA, lights, lights, raise, raise
(num: 4550), BADBABA, Breakfast, devised, devised
(num: 4551), BADBABA, manhood, manhood
(num: 4552), BADBABA, measurement, measurement
(num: 4553), BADBABA, mistook, sweetened
(num: 4554), BADBABA, Asking, whirling, whirling
(num: 4555), BADBABA, refuge, recorded, recorded
(num: 4556), BADBABA, vedui
(num: 4557), BADBABA, approval, approval, craning
(num: 4558), BADBABA, deepthroated, deepthroated, drabhued
(num: 4559), BADBABA
(num: 4560), BADBABA, Green, Green, Encircling
(num: 4561), BADBABA, coomb, coomb
(num: 4562), BADBABA, Thrihyrne, Thrihyrne
(num: 4563), BADBABA, hollow, hollow
(num: 4564), BADBABA
(num: 4565), BADBABA
(num: 4566), BADBABA
(num: 4567), BADBABA, desirable
(num: 4568), BADBABA, Shy
(num: 4569), BADBABA
(num: 4570), BADBABA, how, how
(num: 4571), BADBABA
(num: 4572), BADBABA, Table, misgave
(num: 4573), BADBABA
(num: 4574), BADBABA, Excellent, sunk, fools, robbed, robbed
(num: 4575), BADBABA
(num: 4576), BADBABA, Breaking, Breaking
(num: 4577), BADBABA
(num: 4578), BADBABA
(num: 4579), BADBABA, bla
(num: 4580), BADBABA, beggar, beggar
(num: 4581), BADBABA, wolfguards, marges
(num: 4582), BADBABA
(num: 4583), BADBABA, mountainsides, mountainsides
(num: 4584), BADBABA
(num: 4585), BADBABA
(num: 4586), BADBABA, backed, backed
(num: 4587), BADBABA, Hills, Hills, comforts, comforts
(num: 4588), BADBABA
(num: 4589), BADBABA, jetsam
(num: 4590), BADBABA
(num: 4591), BADBABA, Darn
(num: 4592), BADBABA, Amroths
(num: 4593), BADBABA, Bracegirdle
(num: 4594), BADBABA, dawn, dawn
(num: 4595), BADBABA
(num: 4596), BADBABA, conjuring
(num: 4597), BADBABA
(num: 4598), BADBABA, fathoms, fathoms
(num: 4599), BADBABA, struggling, struggling
(num: 4600), BADBABA, Theyll, Theyll
(num: 4601), BADBABA, avoid, avoid, wrongly
(num: 4602), BADBABA, Smaugif
(num: 4603), BADBABA, log, log, tobaccojar, Reeds, Pimply
(num: 4604), BADBABA, doorstep, doorstep, Visible
(num: 4605), BADBABA
(num: 4606), BADBABA, Dreamlike
(num: 4607), BADBABA, retyped
(num: 4608), BADBABA
(num: 4609), BADBABA, burning, burning
(num: 4610), BADBABA, yard, yard
(num: 4611), BADBABA
(num: 4612), BADBABA
(num: 4613), BADBABA, hoots, approving, anemones, dotage, dotage
(num: 4614), BADBABA, Lugdush, Lugdush
(num: 4615), BADBABA
(num: 4616), BADBABA, Elves, Elves, flapping, flapping
(num: 4617), BADBABA
(num: 4618), BADBABA, tumble, tumble
(num: 4619), BADBABA, vanished, vanished
(num: 4620), BADBABA, anxiously, anxiously, fished, fished
(num: 4621), BADBABA, flexible
(num: 4622), BADBABA
(num: 4623), BADBABA, brink, brink, relaxed, worried, worried
(num: 4624), BADBABA, shuttingspell
(num: 4625), BADBABA, steadily, steadily
(num: 4626), BADBABA
(num: 4627), BADBABA, melting, melting, tankard, Kibilnvla, Kibilnvla
(num: 4628), BADBABA, those, those
(num: 4629), BADBABA, explains
(num: 4630), BADBABA, Heart, Heart
(num: 4631), BADBABA, Power, Power, musstnt, musstnt
(num: 4632), BADBABA
(num: 4633), BADBABA
(num: 4634), BADBABA, jumbled, imaginable
(num: 4635), BADBABA
(num: 4636), BADBABA
(num: 4637), BADBABA, ragtag, ragtag
(num: 4638), BADBABA, helpless, helpless
(num: 4639), BADBABA, slack
(num: 4640), BADBABA
(num: 4641), BADBABA, remorseful
(num: 4642), BADBABA, embraced, embraced, waggons, waggons
(num: 4643), BADBABA, akin, akin, restoring
(num: 4644), BADBABA, trudging, Barley, Barley
(num: 4645), BADBABA, went, went, oldlooking, Orc, Orc
(num: 4646), BADBABA
(num: 4647), BADBABA
(num: 4648), BADBABA, King, King, blackhanded
(num: 4649), BADBABA, frothed, frothed
(num: 4650), BADBABA, stamped, stamped
(num: 4651), BADBABA, foundwrapped
(num: 4652), BADBABA, hovered, hovered
(num: 4653), BADBABA, lashing, lashing
(num: 4654), BADBABA, read, read, crime, crime
(num: 4655), BADBABA, fitted, fitted
(num: 4656), BADBABA, hoot, hoot
(num: 4657), BADBABA, glinted, glinted
(num: 4658), BADBABA, stature, stature, restrained, restrained
(num: 4659), BADBABA, hauled, hauled, Forgetting, Harlond, Harlond
(num: 4660), BADBABA, painfulhe
(num: 4661), BADBABA, File
(num: 4662), BADBABA, viols, viols
(num: 4663), BADBABA, Guard, Guard
(num: 4664), BADBABA
(num: 4665), BADBABA, seless
(num: 4666), BADBABA, clumps, cleaving, cleaving
(num: 4667), BADBABA
(num: 4668), BADBABA, Finrod
(num: 4669), BADBABA
(num: 4670), BADBABA, larger, larger, Spluttering
(num: 4671), BADBABA, description, description
(num: 4672), BADBABA
(num: 4673), BADBABA
(num: 4674), BADBABA
(num: 4675), BADBABA
(num: 4676), BADBABA, outoftheway
(num: 4677), BADBABA, Golf
(num: 4678), BADBABA
(num: 4679), BADBABA, mailclad, mailclad
(num: 4680), BADBABA, porkpie
(num: 4681), BADBABA, goodnight
(num: 4682), BADBABA, pacing
(num: 4683), BADBABA
(num: 4684), BADBABA, Answers
(num: 4685), BADBABA, miruvor, miruvor
(num: 4686), BADBABA, image, image
(num: 4687), BADBABA, preciousss, preciousss, expression, expression
(num: 4688), BADBABA, huff
(num: 4689), BADBABA
(num: 4690), BADBABA, love, love, fending
(num: 4691), BADBABA, graveyard, graveyard
(num: 4692), BADBABA, buzzed
(num: 4693), BADBABA, foodbags, foodbags
(num: 4694), BADBABA
(num: 4695), BADBABA, wrongfully, displeases
(num: 4696), BADBABA, shrewd, shrewd, hearken, hearken
(num: 4697), BADBABA
(num: 4698), BADBABA, under, under, clearing, clearing, unreal, unreal
(num: 4699), BADBABA, willingly, willingly, hobnobbing
(num: 4700), BADBABA, safe, safe, grievance, grievance
(num: 4701), BADBABA, halflings, halflings
(num: 4702), BADBABA, astrayif
(num: 4703), BADBABA
(num: 4704), BADBABA, sideways, formless, formless
(num: 4705), BADBABA
(num: 4706), BADBABA, burdened, burdened, flocking
(num: 4707), BADBABA, holds, holds
(num: 4708), BADBABA, Northeast
(num: 4709), BADBABA
(num: 4710), BADBABA
(num: 4711), BADBABA, st, harder, harder
(num: 4712), BADBABA, Bare, Bare
(num: 4713), BADBABA, Winyards, Winyards, paleglimmering
(num: 4714), BADBABA, won, won, intelligent, forsooth
(num: 4715), BADBABA
(num: 4716), BADBABA, culty
(num: 4717), BADBABA, refuse, refuse, despairs
(num: 4718), BADBABA, prowls, Naith, Naith
(num: 4719), BADBABA, Hola, Hola
(num: 4720), BADBABA, portion, portion, Ringbearer, Ringbearer
(num: 4721), BADBABA
(num: 4722), BADBABA, Firienfeld, Firienfeld
(num: 4723), BADBABA, mat, mat, suggest, delete, mountainstream
(num: 4724), BADBABA, spoons, spoons
(num: 4725), BADBABA
(num: 4726), BADBABA
(num: 4727), BADBABA, wager, wager, worshipful, Noon, Noon
(num: 4728), BADBABA, canopy, canopy, scarves, scarves
(num: 4729), BADBABA
(num: 4730), BADBABA, Draw, Draw, outlying, outlying, Herefara
(num: 4731), BADBABA
(num: 4732), BADBABA, spent, spent
(num: 4733), BADBABA, Goodness, Varda, Varda, failedso
(num: 4734), BADBABA
(num: 4735), BADBABA
(num: 4736), BADBABA, treat, nibbled, nibbled, misled
(num: 4737), BADBABA
(num: 4738), BADBABA, interrupting, interrupting
(num: 4739), BADBABA, Bring, handcarts
(num: 4740), BADBABA
(num: 4741), BADBABA, burrowed, warns, warns
(num: 4742), BADBABA, imaginings
(num: 4743), BADBABA, landed, landed
(num: 4744), BADBABA
(num: 4745), BADBABA
(num: 4746), BADBABA
(num: 4747), BADBABA
(num: 4748), BADBABA, Gnaws
(num: 4749), BADBABA
(num: 4750), BADBABA
(num: 4751), BADBABA, officially, officially
(num: 4752), BADBABA, flashes, flashes, uneventful
(num: 4753), BADBABA, talons, talons
(num: 4754), BADBABA
(num: 4755), BADBABA, elements, Venerable, cordial, cordial
(num: 4756), BADBABA
(num: 4757), BADBABA, panelled
(num: 4758), BADBABA, esquire, esquire
(num: 4759), BADBABA, sternly, Small, Small
(num: 4760), BADBABA, Fell, jester, jester
(num: 4761), BADBABA, faraway, faraway
(num: 4762), BADBABA
(num: 4763), BADBABA
(num: 4764), BADBABA
(num: 4765), BADBABA
(num: 4766), BADBABA, earned, earned, heavylegged, slouching
(num: 4767), BADBABA, Menelvagor
(num: 4768), BADBABA, Wretched, knots, knots
(num: 4769), BADBABA
(num: 4770), BADBABA
(num: 4771), BADBABA, beechlogs
(num: 4772), BADBABA
(num: 4773), BADBABA, entstrides, entstrides
(num: 4774), BADBABA, travels, travels
(num: 4775), BADBABA, whiteness, whiteness
(num: 4776), BADBABA, farsighted, farsighted
(num: 4777), BADBABA
(num: 4778), BADBABA, lowing, lowing
(num: 4779), BADBABA
(num: 4780), BADBABA, PONY, PONY
(num: 4781), BADBABA, moving, moving, Elfwarrior, Elfwarrior
(num: 4782), BADBABA, colourless, colourless
(num: 4783), BADBABA
(num: 4784), BADBABA, please, please, tossi, unconcerned, unconcerned
(num: 4785), BADBABA, quickwhere, Feet, Feet
(num: 4786), BADBABA, Haste, Haste
(num: 4787), BADBABA
(num: 4788), BADBABA
(num: 4789), BADBABA
(num: 4790), BADBABA, parched, parched
(num: 4791), BADBABA, Sorrowfully
(num: 4792), BADBABA, pipe, pipe, wellpaved
(num: 4793), BADBABA, bites, bites
(num: 4794), BADBABA, swollen, swollen, Mourn
(num: 4795), BADBABA, reviewed
(num: 4796), BADBABA
(num: 4797), BADBABA, period
(num: 4798), BADBABA
(num: 4799), BADBABA, sleeves, sleeves, rally
(num: 4800), BADBABA, lived, lived, death, death, blossomed, blossomed
(num: 4801), BADBABA, should, should, Id, Id
(num: 4802), BADBABA
(num: 4803), BADBABA, fates
(num: 4804), BADBABA, fault, fault, summers, summers
(num: 4805), BADBABA, rewritten, arches, arches
(num: 4806), BADBABA, space, space, Dusk, Dusk
(num: 4807), BADBABA, pale, pale, seedplumes
(num: 4808), BADBABA, manhigh, manhigh
(num: 4809), BADBABA, April, April
(num: 4810), BADBABA, Stop, Stop
(num: 4811), BADBABA, cutthroats
(num: 4812), BADBABA, elfwoman, daybecame
(num: 4813), BADBABA
(num: 4814), BADBABA, Buttons, Buttons, ashen, ashen
(num: 4815), BADBABA, buttresses, buttresses, width, width
(num: 4816), BADBABA, deed, deed, errands, errands
(num: 4817), BADBABA
(num: 4818), BADBABA
(num: 4819), BADBABA
(num: 4820), BADBABA, trackers
(num: 4821), BADBABA, hundredandtwelfth, retell
(num: 4822), BADBABA, spiderrope, paces, paces, paddle, paddle, dives
(num: 4823), BADBABA, storytelling, storytelling
(num: 4824), BADBABA
(num: 4825), BADBABA, preparation, Osgiliath, Osgiliath
(num: 4826), BADBABA
(num: 4827), BADBABA, sufficiently, displays
(num: 4828), BADBABA, Tongues, correspondence
(num: 4829), BADBABA
(num: 4830), BADBABA
(num: 4831), BADBABA, behind, behind, butter, butter, besi
(num: 4832), BADBABA, leered
(num: 4833), BADBABA, foot, foot, numberless
(num: 4834), BADBABA
(num: 4835), BADBABA, ideas, offended, offended, willow, willow
(num: 4836), BADBABA, columns, columns
(num: 4837), BADBABA, Laying
(num: 4838), BADBABA, gaily, gaily, Stooping, Stooping
(num: 4839), BADBABA, Alas, Alas
(num: 4840), BADBABA
(num: 4841), BADBABA, Shirriffhouse, Shirriffhouse
(num: 4842), BADBABA, bloodred, bloodred
(num: 4843), BADBABA
(num: 4844), BADBABA, Dwarfdoors, tithe, tithe
(num: 4845), BADBABA, Dance, ngaurhoth
(num: 4846), BADBABA, Beat, erected
(num: 4847), BADBABA, Called
(num: 4848), BADBABA, dived, dived
(num: 4849), BADBABA
(num: 4850), BADBABA, pinetorch
(num: 4851), BADBABA, ought, ought, lines, lines, Hurry, satisfaction, VERY, encumber
(num: 4852), BADBABA, smells, smells
(num: 4853), BADBABA
(num: 4854), BADBABA, declare, declare
(num: 4855), BADBABA, bowshot, bowshot
(num: 4856), BADBABA
(num: 4857), BADBABA, Dimholt, Dimholt
(num: 4858), BADBABA, Anyhow, Anyhow
(num: 4859), BADBABA
(num: 4860), BADBABA
(num: 4861), BADBABA, Hugo
(num: 4862), BADBABA
(num: 4863), BADBABA
(num: 4864), BADBABA, hark, hark, panoply
(num: 4865), BADBABA, Thirdly, Marshal, Marshal, hai, hai
(num: 4866), BADBABA, stories, stories, knowing, knowing, sunbreaks, Beacon
(num: 4867), BADBABA, voices, voices, tribute, tribute, doorward, Dominion
(num: 4868), BADBABA
(num: 4869), BADBABA, ffection
(num: 4870), BADBABA, caged, caged
(num: 4871), BADBABA, resisted, resisted, seals
(num: 4872), BADBABA, somethings
(num: 4873), BADBABA, Moot, Moot
(num: 4874), BADBABA
(num: 4875), BADBABA, scattered, scattered
(num: 4876), BADBABA, Mark, Mark
(num: 4877), BADBABA
(num: 4878), BADBABA, faintest, faintest
(num: 4879), BADBABA, elffaces, stabling, kerb, rot, rot
(num: 4880), BADBABA
(num: 4881), BADBABA, plumped, shards, shards, orchosts
(num: 4882), BADBABA, medicine, medicine
(num: 4883), BADBABA
(num: 4884), BADBABA, invented, invented
(num: 4885), BADBABA, without, without, thrice, thrice, Hungry
(num: 4886), BADBABA, maidchildren
(num: 4887), BADBABA
(num: 4888), BADBABA, loudflowing, straddling
(num: 4889), BADBABA
(num: 4890), BADBABA
(num: 4891), BADBABA, crush, crush, Whys
(num: 4892), BADBABA
(num: 4893), BADBABA, DORA
(num: 4894), BADBABA, Woodland, scar
(num: 4895), BADBABA, hoisted, voted
(num: 4896), BADBABA, valuable, valuable
(num: 4897), BADBABA, flashed, flashed
(num: 4898), BADBABA, succour, succour
(num: 4899), BADBABA
(num: 4900), BADBABA, comer, comer
(num: 4901), BADBABA, created, Gothmog
(num: 4902), BADBABA, underneath, underneath
(num: 4903), BADBABA, domain, domain, clove, clove
(num: 4904), BADBABA, whatever, whatever, forestwater, graven, graven
(num: 4905), BADBABA
(num: 4906), BADBABA, converged, converged
(num: 4907), BADBABA, Greenfields, Greenfields
(num: 4908), BADBABA
(num: 4909), BADBABA
(num: 4910), BADBABA, noted, noted, opposed
(num: 4911), BADBABA, madder, mnriel, feebly, feebly
(num: 4912), BADBABA
(num: 4913), BADBABA, mountainwall, pkelshapes
(num: 4914), BADBABA, call, burglaryespecially, steered, steered, Dust, Dust, soils
(num: 4915), BADBABA, traditions, traditions, reatest
(num: 4916), BADBABA, master, master, goblindrivers
(num: 4917), BADBABA
(num: 4918), BADBABA
(num: 4919), BADBABA, longish, longish
(num: 4920), BADBABA, smoothskinned
(num: 4921), BADBABA
(num: 4922), BADBABA, dignity, dignity, Meriadoc, Meriadoc
(num: 4923), BADBABA
(num: 4924), BADBABA
(num: 4925), BADBABA, bottles, bottles, grocer
(num: 4926), BADBABA, smoke, smoke, mug, mug
(num: 4927), BADBABA, haggling
(num: 4928), BADBABA
(num: 4929), BADBABA, pity, pity
(num: 4930), BADBABA, affair, affair
(num: 4931), BADBABA, song, song, raids, learner, political, thundered, thundered
(num: 4932), BADBABA, stamp, stamp, Prisoner
(num: 4933), BADBABA
(num: 4934), BADBABA, Dwalins
(num: 4935), BADBABA
(num: 4936), BADBABA
(num: 4937), BADBABA
(num: 4938), BADBABA
(num: 4939), BADBABA
(num: 4940), BADBABA, dreary, dreary, firelit
(num: 4941), BADBABA, news, news, slam
(num: 4942), BADBABA, refusing, refusing
(num: 4943), BADBABA, fagend
(num: 4944), BADBABA, white, white
(num: 4945), BADBABA
(num: 4946), BADBABA, dinner, dinner
(num: 4947), BADBABA, lodge, lodge
(num: 4948), BADBABA, Udyn, nowt
(num: 4949), BADBABA
(num: 4950), BADBABA, soldiers, soldiers, manuscript
(num: 4951), BADBABA
(num: 4952), BADBABA, goods, goods, brethren, brethren
(num: 4953), BADBABA
(num: 4954), BADBABA
(num: 4955), BADBABA, Tongue, Tongue
(num: 4956), BADBABA, Frogmorton, Frogmorton
(num: 4957), BADBABA, bandage, bandage
(num: 4958), BADBABA
(num: 4959), BADBABA, fewer, fewer, dolven
(num: 4960), BADBABA, recite, Labels
(num: 4961), BADBABA
(num: 4962), BADBABA, parole
(num: 4963), BADBABA
(num: 4964), BADBABA, herdfolk, herdfolk
(num: 4965), BADBABA, prudence, prudence
(num: 4966), BADBABA, escarpment
(num: 4967), BADBABA
(num: 4968), BADBABA, evilly, evilly, Remnants
(num: 4969), BADBABA, squeaked, squeaked, mightier, arrangement, arrangement, headed
(num: 4970), BADBABA, devious
(num: 4971), BADBABA
(num: 4972), BADBABA, weeks, weeks
(num: 4973), BADBABA, Firstborn, Firstborn
(num: 4974), BADBABA
(num: 4975), BADBABA, hom, hom
(num: 4976), BADBABA, ones, ones, giant, giant, entertainments
(num: 4977), BADBABA, tower, tower, unspoilt, unspoilt
(num: 4978), BADBABA, Bilbo, Bilbo, sorcerer, sorcerer, severally, omir, omir, crumble, crumble, Pheriain
(num: 4979), BADBABA
(num: 4980), BADBABA
(num: 4981), BADBABA, crater
(num: 4982), BADBABA, Yellowing, trapdoors, trapdoors
(num: 4983), BADBABA, Tales, Tales
(num: 4984), BADBABA
(num: 4985), BADBABA
(num: 4986), BADBABA
(num: 4987), BADBABA, Hill, Hill
(num: 4988), BADBABA, Elven, Elven
(num: 4989), BADBABA, Sorry, elffriends, followers, followers
(num: 4990), BADBABA, miles, miles, reluctance, reluctance
(num: 4991), BADBABA, severed, Tauremornaluml
(num: 4992), BADBABA, struck, struck, beds, tighten, tighten
(num: 4993), BADBABA, landingstage, landingstage
(num: 4994), BADBABA, investigator, investigator
(num: 4995), BADBABA
(num: 4996), BADBABA, check, check, beautifuller
(num: 4997), BADBABA
(num: 4998), BADBABA
(num: 4999), BADBABA
(num: 5000), BADBABA, tokens, tokens
(num: 5001), BADBABA
(num: 5002), BADBABA, studying, studying
(num: 5003), BADBABA, Shadows, Shadows, slumping, fumbled, fumbled
(num: 5004), BADBABA, frisky, sprung, plod, nobility
(num: 5005), BADBABA, ff, ff, uniquely
(num: 5006), BADBABA, orctools
(num: 5007), BADBABA
(num: 5008), BADBABA, Painfully
(num: 5009), BADBABA, aired, hoping, hoping
(num: 5010), BADBABA
(num: 5011), BADBABA, length, length
(num: 5012), BADBABA, gasping, gasping
(num: 5013), BADBABA, ba, ba
(num: 5014), BADBABA, Bother
(num: 5015), BADBABA, fascinated, fascinated
(num: 5016), BADBABA, bleeding, bleeding
(num: 5017), BADBABA, askthe
(num: 5018), BADBABA, wizened, wizened
(num: 5019), BADBABA, hidden, hidden, women, spear, spear
(num: 5020), BADBABA
(num: 5021), BADBABA, topmost, topmost, Morgulrats
(num: 5022), BADBABA
(num: 5023), BADBABA, Armies, descent, descent, politic
(num: 5024), BADBABA
(num: 5025), BADBABA
(num: 5026), BADBABA, twiggy, groanings
(num: 5027), BADBABA, Goldberry, Goldberry
(num: 5028), BADBABA, wanes, wanes
(num: 5029), BADBABA
(num: 5030), BADBABA
(num: 5031), BADBABA
(num: 5032), BADBABA, Bergil, Bergil
(num: 5033), BADBABA
(num: 5034), BADBABA
(num: 5035), BADBABA
(num: 5036), BADBABA, cream, cream, cliffs, cliffs, Elvenlords, orchelm
(num: 5037), BADBABA, nightmarch
(num: 5038), BADBABA, belled
(num: 5039), BADBABA
(num: 5040), BADBABA, Dividing
(num: 5041), BADBABA, List
(num: 5042), BADBABA
(num: 5043), BADBABA, snag, snag, breathe, breathe
(num: 5044), BADBABA, EXCEPT
(num: 5045), BADBABA, ee, ee
(num: 5046), BADBABA, crystals, crystals
(num: 5047), BADBABA, Going, Going, Forn
(num: 5048), BADBABA
(num: 5049), BADBABA
(num: 5050), BADBABA
(num: 5051), BADBABA, It, It, different, different, lodes
(num: 5052), BADBABA
(num: 5053), BADBABA, Mithlond
(num: 5054), BADBABA, leafy, leafy
(num: 5055), BADBABA, soared, soared
(num: 5056), BADBABA, chest, everlasting, everlasting, Lithlad
(num: 5057), BADBABA, upsidedown, hounded
(num: 5058), BADBABA, Oldbuck, Oldbuck, chooses, chooses, blenched
(num: 5059), BADBABA, bolt, cram, cram, Vainly
(num: 5060), BADBABA
(num: 5061), BADBABA, Sundering, Sundering, durbatulyk, Hm, Hm
(num: 5062), BADBABA, Speech, Speech, compulsion
(num: 5063), BADBABA, Will, Will
(num: 5064), BADBABA, an, an
(num: 5065), BADBABA, thick, thick, chafed
(num: 5066), BADBABA, issuing, issuing, livery, livery
(num: 5067), BADBABA
(num: 5068), BADBABA, Against, Against
(num: 5069), BADBABA
(num: 5070), BADBABA, Wereworms
(num: 5071), BADBABA
(num: 5072), BADBABA, disprove
(num: 5073), BADBABA, moisty, elvenfingers
(num: 5074), BADBABA, sour
(num: 5075), BADBABA, delver, delver, mockery, mockery
(num: 5076), BADBABA, vaguely, vaguely, goblet
(num: 5077), BADBABA
(num: 5078), BADBABA, habitable
(num: 5079), BADBABA
(num: 5080), BADBABA
(num: 5081), BADBABA, steer, steer, Hard, Hard
(num: 5082), BADBABA, afford, afford
(num: 5083), BADBABA, dragons, dragons, inhabits
(num: 5084), BADBABA, circumstances
(num: 5085), BADBABA, Beorn, Beorn, allowancenow, eres
(num: 5086), BADBABA, forthby, longed, longed, digesting
(num: 5087), BADBABA
(num: 5088), BADBABA
(num: 5089), BADBABA, hor, hor
(num: 5090), BADBABA
(num: 5091), BADBABA, Fornost, Fornost
(num: 5092), BADBABA, Zirak
(num: 5093), BADBABA, Dreamdinners
(num: 5094), BADBABA, brooks
(num: 5095), BADBABA
(num: 5096), BADBABA, invaders
(num: 5097), BADBABA
(num: 5098), BADBABA, northgate, northgate
(num: 5099), BADBABA
(num: 5100), BADBABA, moss, Bucklanders, Bucklanders
(num: 5101), BADBABA, easiest, moonlight, moonlight, distrust, Descendant
(num: 5102), BADBABA, Angrenost
(num: 5103), BADBABA, painfully, painfully
(num: 5104), BADBABA
(num: 5105), BADBABA, occasionally, occasionally, curve, curve
(num: 5106), BADBABA, properly, properly
(num: 5107), BADBABA, stupid, stupid
(num: 5108), BADBABA, tick
(num: 5109), BADBABA, although, although, emblem, emblem
(num: 5110), BADBABA, forget, forget
(num: 5111), BADBABA
(num: 5112), BADBABA, hemlockumbels, calmer, calmer
(num: 5113), BADBABA, coal, coal, ght
(num: 5114), BADBABA, Fourteen, perilousnot
(num: 5115), BADBABA, watching, watching
(num: 5116), BADBABA
(num: 5117), BADBABA, l, l
(num: 5118), BADBABA, sleeve, sleeve
(num: 5119), BADBABA, Amon, Amon, insecure, Finduilas
(num: 5120), BADBABA, ough, ough
(num: 5121), BADBABA, distinguish, distinguish, dou
(num: 5122), BADBABA, rogue, Knock
(num: 5123), BADBABA, Eastward, Eastward
(num: 5124), BADBABA, treeroots, treeroots, hangs, hangs
(num: 5125), BADBABA, Whos, Whos, sunlight, sunlight
(num: 5126), BADBABA
(num: 5127), BADBABA, Seat, Seat, Khazvd, Khazvd, secr, vitals
(num: 5128), BADBABA
(num: 5129), BADBABA, cheated, cheated
(num: 5130), BADBABA
(num: 5131), BADBABA, Aglarond, Aglarond
(num: 5132), BADBABA
(num: 5133), BADBABA, plan, plan, Sorcerer
(num: 5134), BADBABA
(num: 5135), BADBABA
(num: 5136), BADBABA
(num: 5137), BADBABA, When, When, enemy, enemy, unpraised
(num: 5138), BADBABA
(num: 5139), BADBABA
(num: 5140), BADBABA, Flaming
(num: 5141), BADBABA, Galadhrim, Galadhrim, despatched
(num: 5142), BADBABA, ferry, ferry
(num: 5143), BADBABA
(num: 5144), BADBABA
(num: 5145), BADBABA, make, make
(num: 5146), BADBABA
(num: 5147), BADBABA
(num: 5148), BADBABA, degree, ON, ON, hythe, hythe
(num: 5149), BADBABA
(num: 5150), BADBABA
(num: 5151), BADBABA, scratching, scratching, folks, folks
(num: 5152), BADBABA
(num: 5153), BADBABA, guard, guard, joumeyings
(num: 5154), BADBABA, miners, Bearer, Bearer, schemes, schemes
(num: 5155), BADBABA, blessed, blessed
(num: 5156), BADBABA, untimely, untimely
(num: 5157), BADBABA, succoured, Haradrim, Haradrim
(num: 5158), BADBABA, materials, upturned, upturned
(num: 5159), BADBABA, council, council
(num: 5160), BADBABA, cluttered, cluttered
(num: 5161), BADBABA, Carc, Carc, summons, dryand
(num: 5162), BADBABA
(num: 5163), BADBABA, reputation, reputation, Withywindle, Withywindle
(num: 5164), BADBABA, preeminent
(num: 5165), BADBABA, Urukhai, Urukhai
(num: 5166), BADBABA, croak, croak, Stair, Stair
(num: 5167), BADBABA
(num: 5168), BADBABA, gigantic, gigantic
(num: 5169), BADBABA
(num: 5170), BADBABA
(num: 5171), BADBABA, fond, fond
(num: 5172), BADBABA
(num: 5173), BADBABA, varmint, etold
(num: 5174), BADBABA
(num: 5175), BADBABA, thywindle
(num: 5176), BADBABA
(num: 5177), BADBABA
(num: 5178), BADBABA, Goblincleaver, Goblincleaver
(num: 5179), BADBABA, cavetroll
(num: 5180), BADBABA, balcony, balcony
(num: 5181), BADBABA, shame, shame
(num: 5182), BADBABA
(num: 5183), BADBABA, hurtful
(num: 5184), BADBABA, seat, seat
(num: 5185), BADBABA, concentrated, stouthearted, stouthearted
(num: 5186), BADBABA, malediction
(num: 5187), BADBABA, damasked, damasked, Fangorns, Fangorns
(num: 5188), BADBABA, dragonfire, surpasses, Shirriffs, Shirriffs
(num: 5189), BADBABA, swaps
(num: 5190), BADBABA, snarling, snarling
(num: 5191), BADBABA, roof, roof, croaking, peering, peering, Bilboand, booth, booth
(num: 5192), BADBABA, Earth, cloudroof
(num: 5193), BADBABA
(num: 5194), BADBABA, swath, swath
(num: 5195), BADBABA, straying, straying, regretting, defended, defended
(num: 5196), BADBABA, outfall
(num: 5197), BADBABA, Farthing
(num: 5198), BADBABA, adrift, adrift
(num: 5199), BADBABA, spines
(num: 5200), BADBABA, Caras, Caras
(num: 5201), BADBABA, glare, departure, departure, cascade, Ninefingered
(num: 5202), BADBABA, ass, ass
(num: 5203), BADBABA, unassessably, hogback
(num: 5204), BADBABA, empty, empty, ladder, ladder, Stroke, Stroke
(num: 5205), BADBABA, gladness, domination, slumped, slumped
(num: 5206), BADBABA, impression, impression, Ringwraiths, Ringwraiths
(num: 5207), BADBABA, Blindfold, Blindfold
(num: 5208), BADBABA
(num: 5209), BADBABA, signal, Alive, Alive
(num: 5210), BADBABA, need, need
(num: 5211), BADBABA, fortresses, fortresses
(num: 5212), BADBABA, Suddenly, Suddenly, Dont, Dont, burnings, burnings
(num: 5213), BADBABA, Friend
(num: 5214), BADBABA, fear, fear
(num: 5215), BADBABA, wafts
(num: 5216), BADBABA, riding, riding, producing
(num: 5217), BADBABA
(num: 5218), BADBABA, flop, flop, drinks, drinks
(num: 5219), BADBABA, hang, troubled, fishbones
(num: 5220), BADBABA
(num: 5221), BADBABA, machinery
(num: 5222), BADBABA, Those, Those, subdue, subdue
(num: 5223), BADBABA, annexed, Elwing, Elwing, Ropes, Ropes
(num: 5224), BADBABA, hawk, hawk, toldee
(num: 5225), BADBABA
(num: 5226), BADBABA
(num: 5227), BADBABA
(num: 5228), BADBABA, preserve, preserve
(num: 5229), BADBABA, detached
(num: 5230), BADBABA, beacon, beacon
(num: 5231), BADBABA, rabbits, rabbits, Tie, Tie
(num: 5232), BADBABA, friendly, friendly, tapping, tapping
(num: 5233), BADBABA, hive, hive
(num: 5234), BADBABA
(num: 5235), BADBABA, younger, signs, signs, Walda
(num: 5236), BADBABA, Begone, Breehill, Breehill
(num: 5237), BADBABA
(num: 5238), BADBABA
(num: 5239), BADBABA, shamefaced
(num: 5240), BADBABA, toast, toast, supportable
(num: 5241), BADBABA, remark, remark, sneaking, sneaking
(num: 5242), BADBABA, lubber
(num: 5243), BADBABA
(num: 5244), BADBABA, snores, Roads, Roads
(num: 5245), BADBABA, roadside, roadside
(num: 5246), BADBABA, inhabited, inhabited, tormented, tormented, slamming
(num: 5247), BADBABA, discomfiture, discomfiture
(num: 5248), BADBABA, Show, Show, inevitable, inevitable, brough
(num: 5249), BADBABA, proceeds
(num: 5250), BADBABA, referring, referring, loom
(num: 5251), BADBABA
(num: 5252), BADBABA, irisswords
(num: 5253), BADBABA
(num: 5254), BADBABA, goblinsoldiers
(num: 5255), BADBABA, enemys, enemys
(num: 5256), BADBABA
(num: 5257), BADBABA
(num: 5258), BADBABA, knifework, herded
(num: 5259), BADBABA
(num: 5260), BADBABA, Halls, Comfort, Comfort
(num: 5261), BADBABA
(num: 5262), BADBABA, bosom, bosom
(num: 5263), BADBABA, chains, chains, Except, payment, payment
(num: 5264), BADBABA, Mathomhouse, Mathomhouse, aim, aim
(num: 5265), BADBABA
(num: 5266), BADBABA, events, events, scented, scented, Blasts, rebeltalk
(num: 5267), BADBABA
(num: 5268), BADBABA, Hornburg, Hornburg
(num: 5269), BADBABA, cargo, pathless, pathless
(num: 5270), BADBABA, Frodo, Frodo
(num: 5271), BADBABA, throne, throne
(num: 5272), BADBABA, wire, wire, fealty, fealty
(num: 5273), BADBABA, hunger, rug
(num: 5274), BADBABA, hapless
(num: 5275), BADBABA, estimable, horsebreeders
(num: 5276), BADBABA, foeman
(num: 5277), BADBABA, hopeif
(num: 5278), BADBABA
(num: 5279), BADBABA, truants, truants
(num: 5280), BADBABA, harbourless, unfinished
(num: 5281), BADBABA, wentup
(num: 5282), BADBABA
(num: 5283), BADBABA
(num: 5284), BADBABA, traceries
(num: 5285), BADBABA
(num: 5286), BADBABA
(num: 5287), BADBABA, rags, riot, Kilithe, elventongues
(num: 5288), BADBABA, jealous, clouded, clouded, ver, ver
(num: 5289), BADBABA, idiot
(num: 5290), BADBABA, blared, blared
(num: 5291), BADBABA, twelfth, twelfth
(num: 5292), BADBABA
(num: 5293), BADBABA, ducked, ducked
(num: 5294), BADBABA, rate, rate
(num: 5295), BADBABA, slayer
(num: 5296), BADBABA
(num: 5297), BADBABA, Fifteen, Fifteen, caressed, caressed
(num: 5298), BADBABA, perfectly, perfectly, picnic, picnic
(num: 5299), BADBABA
(num: 5300), BADBABA, Hobbi, soap
(num: 5301), BADBABA
(num: 5302), BADBABA
(num: 5303), BADBABA
(num: 5304), BADBABA
(num: 5305), BADBABA, paw, fitful, fitful
(num: 5306), BADBABA, Co, mithrilcoat, Tasarinan, Tasarinan
(num: 5307), BADBABA
(num: 5308), BADBABA, vigilance, vigilance, iders
(num: 5309), BADBABA, Packs
(num: 5310), BADBABA, Patience, Oho
(num: 5311), BADBABA
(num: 5312), BADBABA
(num: 5313), BADBABA
(num: 5314), BADBABA
(num: 5315), BADBABA
(num: 5316), BADBABA
(num: 5317), BADBABA, gruffly, gruffly, Entdraughts
(num: 5318), BADBABA, riddling, riddling, grub
(num: 5319), BADBABA, comings, comings
(num: 5320), BADBABA, number, number
(num: 5321), BADBABA, burglars, burglars, grows, thatched, thatched
(num: 5322), BADBABA, grimed, grimed
(num: 5323), BADBABA, dear, dear, blistered
(num: 5324), BADBABA, Service
(num: 5325), BADBABA, Conin
(num: 5326), BADBABA, quicker, quicker
(num: 5327), BADBABA, benefits, griping
(num: 5328), BADBABA, Maps
(num: 5329), BADBABA, friend, friend, wink, nown
(num: 5330), BADBABA, decrepit, oppose, oppose
(num: 5331), BADBABA, Gripping
(num: 5332), BADBABA, Blessed, Blessed
(num: 5333), BADBABA, spinney, Bombadillo, Bombadillo
(num: 5334), BADBABA
(num: 5335), BADBABA
(num: 5336), BADBABA, Bolger, Bolger
(num: 5337), BADBABA, nab
(num: 5338), BADBABA, ich
(num: 5339), BADBABA, devil
(num: 5340), BADBABA, soup, range, range
(num: 5341), BADBABA, buried, buried, burrow, Drums
(num: 5342), BADBABA, boggy, boggy, homesteads, homesteads
(num: 5343), BADBABA, signals
(num: 5344), BADBABA, yassen
(num: 5345), BADBABA
(num: 5346), BADBABA, toy, toy
(num: 5347), BADBABA, explaining, explaining, increasing, sips, pineclad
(num: 5348), BADBABA
(num: 5349), BADBABA, bidden, bidden, rights, potencies
(num: 5350), BADBABA, grimness
(num: 5351), BADBABA
(num: 5352), BADBABA, slenderest, instructed
(num: 5353), BADBABA, reminded, reminded, bonds, bonds
(num: 5354), BADBABA
(num: 5355), BADBABA, unfastening
(num: 5356), BADBABA, marvellously, marvellously
(num: 5357), BADBABA, bulwark, Forcing
(num: 5358), BADBABA, Carcs
(num: 5359), BADBABA, hobbitboys
(num: 5360), BADBABA, spurs, spurs, foggy, foggy, pastured, attended
(num: 5361), BADBABA, previously
(num: 5362), BADBABA
(num: 5363), BADBABA
(num: 5364), BADBABA
(num: 5365), BADBABA
(num: 5366), BADBABA
(num: 5367), BADBABA, Whatever, Whatever
(num: 5368), BADBABA, durst
(num: 5369), BADBABA, threatened, threatened, patted, patted
(num: 5370), BADBABA, is, is
(num: 5371), BADBABA
(num: 5372), BADBABA, sprawled, sprawled
(num: 5373), BADBABA
(num: 5374), BADBABA
(num: 5375), BADBABA, fevered, fevered
(num: 5376), BADBABA, Sleepily
(num: 5377), BADBABA
(num: 5378), BADBABA, Elvenkings, Elvenkings
(num: 5379), BADBABA
(num: 5380), BADBABA
(num: 5381), BADBABA, bay, bay, lifelike, lifelike
(num: 5382), BADBABA, strungup
(num: 5383), BADBABA, past, past
(num: 5384), BADBABA, Midyears, throughand, proclaim
(num: 5385), BADBABA, Whither, Whither
(num: 5386), BADBABA, girt, poplars
(num: 5387), BADBABA
(num: 5388), BADBABA
(num: 5389), BADBABA, suspecting
(num: 5390), BADBABA, Full, Full
(num: 5391), BADBABA, lf, lf
(num: 5392), BADBABA
(num: 5393), BADBABA
(num: 5394), BADBABA, fourlegged, flatter, flatter
(num: 5395), BADBABA
(num: 5396), BADBABA
(num: 5397), BADBABA
(num: 5398), BADBABA, Voiceless
(num: 5399), BADBABA, thrill, thrill
(num: 5400), BADBABA, affinity
(num: 5401), BADBABA, shutin, Hsh, birdsnesting
(num: 5402), BADBABA
(num: 5403), BADBABA, accused, accused
(num: 5404), BADBABA, squib
(num: 5405), BADBABA, typed
(num: 5406), BADBABA, too, too, flattened, drawbacks, herb, herb
(num: 5407), BADBABA
(num: 5408), BADBABA, Saddle
(num: 5409), BADBABA, thousand, thousand, streaming, streaming, voyage, voyage
(num: 5410), BADBABA, Drea
(num: 5411), BADBABA, harping
(num: 5412), BADBABA, pie, pie, soil, soil
(num: 5413), BADBABA
(num: 5414), BADBABA
(num: 5415), BADBABA, dung
(num: 5416), BADBABA, abroad, abroad, nothingness, nothingness
(num: 5417), BADBABA
(num: 5418), BADBABA, Fallen, Fallen
(num: 5419), BADBABA, early, early, acorns, archery
(num: 5420), BADBABA, hoist, dreamlike, dreamlike
(num: 5421), BADBABA
(num: 5422), BADBABA
(num: 5423), BADBABA, Face, Face
(num: 5424), BADBABA
(num: 5425), BADBABA, uttered
(num: 5426), BADBABA
(num: 5427), BADBABA, Ferny, Ferny
(num: 5428), BADBABA
(num: 5429), BADBABA
(num: 5430), BADBABA, understood, understood, apply
(num: 5431), BADBABA, moors, moors, gainsaid, gainsaid
(num: 5432), BADBABA, obedient, thinned, Swans, bight
(num: 5433), BADBABA, theres, entered, entered, quietfooted, Southerner, Southerner
(num: 5434), BADBABA
(num: 5435), BADBABA, copper, Touched, Northward, Northward
(num: 5436), BADBABA
(num: 5437), BADBABA, steepclimbing
(num: 5438), BADBABA, sickly, shirt, shirt, deluded, deluded
(num: 5439), BADBABA
(num: 5440), BADBABA, hemmed, hemmed, Rousing
(num: 5441), BADBABA, wat
(num: 5442), BADBABA
(num: 5443), BADBABA
(num: 5444), BADBABA
(num: 5445), BADBABA, signatures
(num: 5446), BADBABA
(num: 5447), BADBABA, webs, webs, thriceforged, Strange, Strange
(num: 5448), BADBABA
(num: 5449), BADBABA
(num: 5450), BADBABA, velvety, tribes, Evereve
(num: 5451), BADBABA, whiter, whiter
(num: 5452), BADBABA, natives
(num: 5453), BADBABA
(num: 5454), BADBABA, browns
(num: 5455), BADBABA, assured, assured
(num: 5456), BADBABA, Wailing
(num: 5457), BADBABA, Flee, troops, troops
(num: 5458), BADBABA, Olurin
(num: 5459), BADBABA, fleets, fleets
(num: 5460), BADBABA, lover, lover
(num: 5461), BADBABA, amazed, amazed, dwellso, Brego, Brego
(num: 5462), BADBABA, helmets, squirrels, squirrels
(num: 5463), BADBABA, frown, frown, Guardtowers
(num: 5464), BADBABA, rightand
(num: 5465), BADBABA, date, date
(num: 5466), BADBABA, ray, ray, drenching
(num: 5467), BADBABA
(num: 5468), BADBABA, Tralalalally, Tralalalally, betters, oliphaunt, oliphaunt
(num: 5469), BADBABA
(num: 5470), BADBABA
(num: 5471), BADBABA, nobodys, Eight, Eight, crowhaunted
(num: 5472), BADBABA, chanted
(num: 5473), BADBABA, spur, spur
(num: 5474), BADBABA, Lob, Lob, avail, avail
(num: 5475), BADBABA, resting, resting, kinsman, kinsman
(num: 5476), BADBABA, find, find, sorts, sorts, armpits, armpits
(num: 5477), BADBABA
(num: 5478), BADBABA
(num: 5479), BADBABA, astride
(num: 5480), BADBABA
(num: 5481), BADBABA, spire, spire
(num: 5482), BADBABA
(num: 5483), BADBABA, youngest, youngest, booms
(num: 5484), BADBABA, owed, owed
(num: 5485), BADBABA, wither, wither
(num: 5486), BADBABA, ever, ever, realms, realms
(num: 5487), BADBABA, dingdongaling, habit, planning, planning
(num: 5488), BADBABA, girded
(num: 5489), BADBABA, thus, thus, lineage, lineage
(num: 5490), BADBABA
(num: 5491), BADBABA
(num: 5492), BADBABA
(num: 5493), BADBABA
(num: 5494), BADBABA
(num: 5495), BADBABA, wetter, Safely, Safely
(num: 5496), BADBABA, Our, Our, packet, packet
(num: 5497), BADBABA
(num: 5498), BADBABA, riversides, volumes, volumes, tasted, tasted, summermoths
(num: 5499), BADBABA, offence, niche, niche
(num: 5500), BADBABA, limped, limped
(num: 5501), BADBABA
(num: 5502), BADBABA, stifling, stifling
(num: 5503), BADBABA
(num: 5504), BADBABA, foreboded, foreboded
(num: 5505), BADBABA, Calamities, relating, Beregonds, Beregonds
(num: 5506), BADBABA, lamenting, lamenting, established, primeval, fibre
(num: 5507), BADBABA, hopeless, hopeless
(num: 5508), BADBABA
(num: 5509), BADBABA, trothplighted
(num: 5510), BADBABA
(num: 5511), BADBABA, Belike
(num: 5512), BADBABA
(num: 5513), BADBABA
(num: 5514), BADBABA
(num: 5515), BADBABA, allows, allows
(num: 5516), BADBABA, implored, penstrokes, outraged
(num: 5517), BADBABA, fun, fun, Shortly
(num: 5518), BADBABA
(num: 5519), BADBABA
(num: 5520), BADBABA, groans, groans
(num: 5521), BADBABA, darkness, darkness, cowardly, Prologue, Prologue
(num: 5522), BADBABA, face, face, Deadmens, Deadmens
(num: 5523), BADBABA, laketown, swine, swine
(num: 5524), BADBABA
(num: 5525), BADBABA, scanty, tail, tail, earnest, Tirion, Tirion, swooping, swooping
(num: 5526), BADBABA, youve, youve
(num: 5527), BADBABA, boldest, boldest, Thought
(num: 5528), BADBABA, blades, looped, commodious
(num: 5529), BADBABA, ken
(num: 5530), BADBABA, mesh, Thingols, S, S
(num: 5531), BADBABA
(num: 5532), BADBABA, orcaxes
(num: 5533), BADBABA
(num: 5534), BADBABA, starve, starve, Dry
(num: 5535), BADBABA, ornemalin
(num: 5536), BADBABA
(num: 5537), BADBABA, blossoming, blossoming
(num: 5538), BADBABA, keenest
(num: 5539), BADBABA, immediately, immediately, Further, Further
(num: 5540), BADBABA, dungeonhall
(num: 5541), BADBABA, ram, ram, Rich
(num: 5542), BADBABA, shrunk, shrunk
(num: 5543), BADBABA
(num: 5544), BADBABA
(num: 5545), BADBABA
(num: 5546), BADBABA, cat, cat, Rowlie
(num: 5547), BADBABA, frequent, Something, Something, indoors, indoors
(num: 5548), BADBABA, topsides
(num: 5549), BADBABA, gorsebushes
(num: 5550), BADBABA, childless
(num: 5551), BADBABA
(num: 5552), BADBABA, Say, Say, Hasufel, Hasufel
(num: 5553), BADBABA, goings, Borgil, orchards, orchards
(num: 5554), BADBABA, overwhelming, overwhelming, thorn, thorn
(num: 5555), BADBABA, Uncle, Uncle
(num: 5556), BADBABA, Dream
(num: 5557), BADBABA, forties, hartstongue, Gatebreaking, Gatebreaking
(num: 5558), BADBABA, rooftop, rooftop
(num: 5559), BADBABA
(num: 5560), BADBABA
(num: 5561), BADBABA
(num: 5562), BADBABA
(num: 5563), BADBABA, scaly, solemnly, solemnly
(num: 5564), BADBABA, mountainpath
(num: 5565), BADBABA, wolfriders, wolfriders
(num: 5566), BADBABA, Bucklebury, Bucklebury, lengthen, Crouched
(num: 5567), BADBABA, overhung, overhung
(num: 5568), BADBABA, among, among, openeyed, openeyed
(num: 5569), BADBABA
(num: 5570), BADBABA, houseif, Swan, Swan
(num: 5571), BADBABA, glance, glance, scarceheard
(num: 5572), BADBABA, edge, edge
(num: 5573), BADBABA, parting, parting
(num: 5574), BADBABA, Elvespartly, Fat
(num: 5575), BADBABA, krimpatul
(num: 5576), BADBABA
(num: 5577), BADBABA, army, army, sawedged
(num: 5578), BADBABA, beaten, beaten
(num: 5579), BADBABA, game, game, swear, swear
(num: 5580), BADBABA, blameless, blameless
(num: 5581), BADBABA, Clearly, Clearly
(num: 5582), BADBABA, Bobs
(num: 5583), BADBABA, forestpath, swathed, swathed
(num: 5584), BADBABA, ordered, ordered, carries, Within, Within
(num: 5585), BADBABA
(num: 5586), BADBABA, shabbily, submit, submit, pert
(num: 5587), BADBABA, hillcountry
(num: 5588), BADBABA, refusal, refusal
(num: 5589), BADBABA
(num: 5590), BADBABA, Insect
(num: 5591), BADBABA, overshadowed, overshadowed, fourfooted
(num: 5592), BADBABA, overhang
(num: 5593), BADBABA
(num: 5594), BADBABA, prostrate, prostrate
(num: 5595), BADBABA, overpowered, Edoras, Edoras
(num: 5596), BADBABA, ions, display
(num: 5597), BADBABA, vital
(num: 5598), BADBABA, snowy, entering, cloudless, cloudless
(num: 5599), BADBABA, fathers, fathers, elder, elder, lifesize
(num: 5600), BADBABA, idly
(num: 5601), BADBABA, protection, protection
(num: 5602), BADBABA, infalling
(num: 5603), BADBABA
(num: 5604), BADBABA, waterlands
(num: 5605), BADBABA, remaking
(num: 5606), BADBABA
(num: 5607), BADBABA, Several, Several, overmatched, Melui, Melui
(num: 5608), BADBABA
(num: 5609), BADBABA
(num: 5610), BADBABA
(num: 5611), BADBABA, Ever, Ever
(num: 5612), BADBABA, Must, replaced, Close, Close, bridgeend, bridgeend
(num: 5613), BADBABA, incomers
(num: 5614), BADBABA
(num: 5615), BADBABA
(num: 5616), BADBABA, truer
(num: 5617), BADBABA, snowan, triumphs
(num: 5618), BADBABA, halves, thornbushes, peaceall
(num: 5619), BADBABA, steaming, steaming, trumpeted
(num: 5620), BADBABA, danced, danced
(num: 5621), BADBABA, orcdraught, apes, suspense, suspense
(num: 5622), BADBABA, thornbush, filtered, filtered
(num: 5623), BADBABA
(num: 5624), BADBABA, antiquated, laita, laita
(num: 5625), BADBABA, withdrawing, withdrawing
(num: 5626), BADBABA, attractive
(num: 5627), BADBABA
(num: 5628), BADBABA, notches
(num: 5629), BADBABA, am, am
(num: 5630), BADBABA, shout, shout, orphan
(num: 5631), BADBABA, lurched, lurched
(num: 5632), BADBABA, newrisen, eveningrest
(num: 5633), BADBABA, throned
(num: 5634), BADBABA
(num: 5635), BADBABA
(num: 5636), BADBABA, swinging, grassy, grassy
(num: 5637), BADBABA, Rover
(num: 5638), BADBABA
(num: 5639), BADBABA, clasp, clasp
(num: 5640), BADBABA, Hang
(num: 5641), BADBABA
(num: 5642), BADBABA, Doubtless, settlements
(num: 5643), BADBABA
(num: 5644), BADBABA
(num: 5645), BADBABA, precioussssss, unwise, unwise
(num: 5646), BADBABA, Nearly, Nearly, afar, afar
(num: 5647), BADBABA, toasted, toasted
(num: 5648), BADBABA
(num: 5649), BADBABA
(num: 5650), BADBABA
(num: 5651), BADBABA, weepy, forestall, Edro
(num: 5652), BADBABA, shook, shook, circles, Snowwhite, Snowwhite, ires
(num: 5653), BADBABA
(num: 5654), BADBABA, dragged, keen, keen
(num: 5655), BADBABA, rattling, rattling
(num: 5656), BADBABA, bow, bow, faithful, faithful
(num: 5657), BADBABA, finish, Homeward, Homeward
(num: 5658), BADBABA, maggotfolk, maggotfolk
(num: 5659), BADBABA, speedy, speedy, jar, jar
(num: 5660), BADBABA, subject, subject
(num: 5661), BADBABA, heartily, heartily
(num: 5662), BADBABA, shafts, impatiently, impatiently, wights, wights
(num: 5663), BADBABA, joining, sneezes
(num: 5664), BADBABA, instinct
(num: 5665), BADBABA, gums
(num: 5666), BADBABA
(num: 5667), BADBABA, travel, travel, page, page
(num: 5668), BADBABA
(num: 5669), BADBABA, open, open
(num: 5670), BADBABA
(num: 5671), BADBABA
(num: 5672), BADBABA, Shut, Shut
(num: 5673), BADBABA, mantling
(num: 5674), BADBABA, mortality
(num: 5675), BADBABA, usand
(num: 5676), BADBABA, suffer, suffer
(num: 5677), BADBABA, jokes, jokes
(num: 5678), BADBABA, graceful
(num: 5679), BADBABA, skinny, skinny, mover, mover
(num: 5680), BADBABA, riverbank, disliked, disliked
(num: 5681), BADBABA, glade, glade, crazy, crazy, hobbitsense, hobbitsense
(num: 5682), BADBABA
(num: 5683), BADBABA, longtilted
(num: 5684), BADBABA
(num: 5685), BADBABA, knobbly
(num: 5686), BADBABA, announcement
(num: 5687), BADBABA
(num: 5688), BADBABA, rubbed, rubbed, jet, jet, sinew, sinew
(num: 5689), BADBABA, using, using
(num: 5690), BADBABA, stiffened, defied, defied
(num: 5691), BADBABA, histories, histories, wo
(num: 5692), BADBABA, finer, finer, fastness, gangways, gangways
(num: 5693), BADBABA, imbl, woodwind, dhilts
(num: 5694), BADBABA, birthdaypresents, birthdaypresents, judged, judged, bottled
(num: 5695), BADBABA, pace, pace, Shire, Shire
(num: 5696), BADBABA
(num: 5697), BADBABA, tent, tent
(num: 5698), BADBABA
(num: 5699), BADBABA, closed, closed, wade, wade, maze
(num: 5700), BADBABA, indomitable, indomitable
(num: 5701), BADBABA, reeled, reeled
(num: 5702), BADBABA, Partly, Partly
(num: 5703), BADBABA, guides, guides, Ladies
(num: 5704), BADBABA, hobbitry
(num: 5705), BADBABA, produces, Hay, Hay
(num: 5706), BADBABA, occasion, occasion
(num: 5707), BADBABA, birds, birds, magnificent, magnificent
(num: 5708), BADBABA, fourteen, fourteen, smokers, captive, captive, Corsairs, Corsairs
(num: 5709), BADBABA, Entwives, Entwives, cookingfire, rallying
(num: 5710), BADBABA, jerk, jerk, troth, quicken
(num: 5711), BADBABA, twigfingers, twigfingers
(num: 5712), BADBABA, visitors, visitors
(num: 5713), BADBABA, around, around, nap, nap
(num: 5714), BADBABA, collecting, forging, forging
(num: 5715), BADBABA
(num: 5716), BADBABA
(num: 5717), BADBABA, though, though
(num: 5718), BADBABA, Black, Black
(num: 5719), BADBABA, descending, descending
(num: 5720), BADBABA, elfguards, mimicking, mimicking
(num: 5721), BADBABA
(num: 5722), BADBABA, Djorwine, Djorwine
(num: 5723), BADBABA, rides, rides, turnings, pipeful, Erain
(num: 5724), BADBABA
(num: 5725), BADBABA, ambassadors
(num: 5726), BADBABA, coalblack
(num: 5727), BADBABA, lashed, blunted, misfortune, misfortune
(num: 5728), BADBABA
(num: 5729), BADBABA
(num: 5730), BADBABA, Careful, Careful
(num: 5731), BADBABA, streams, streams
(num: 5732), BADBABA
(num: 5733), BADBABA, pour, waterside
(num: 5734), BADBABA
(num: 5735), BADBABA
(num: 5736), BADBABA, Attercop, Attercop, hornblast
(num: 5737), BADBABA, Tom, Tom
(num: 5738), BADBABA, strength, strength
(num: 5739), BADBABA, hardly, hardly, treeroot, treeroot
(num: 5740), BADBABA
(num: 5741), BADBABA, sits, sits, Nomanlands, gaunt, gaunt
(num: 5742), BADBABA
(num: 5743), BADBABA
(num: 5744), BADBABA
(num: 5745), BADBABA, extraordinarily, excitedly
(num: 5746), BADBABA, triple, triple
(num: 5747), BADBABA, separate, mainly, mainly
(num: 5748), BADBABA
(num: 5749), BADBABA, thongs, thongs, nin, nin
(num: 5750), BADBABA, speeches, speeches
(num: 5751), BADBABA, woody
(num: 5752), BADBABA, guiding, guiding, livelihood
(num: 5753), BADBABA, merry, merry
(num: 5754), BADBABA, Buck, Buck, exchanged, rimmed, rimmed
(num: 5755), BADBABA
(num: 5756), BADBABA, Remmirath
(num: 5757), BADBABA, forth, opportunity, opportunity
(num: 5758), BADBABA, courteous, courteous
(num: 5759), BADBABA, vouch, engraven
(num: 5760), BADBABA, mar, mar
(num: 5761), BADBABA, struggled, struggled
(num: 5762), BADBABA, comforted, comforted
(num: 5763), BADBABA, Raurosfoot, Shagrat, Shagrat
(num: 5764), BADBABA, braced, braced
(num: 5765), BADBABA
(num: 5766), BADBABA, message, message
(num: 5767), BADBABA, hinges, hinges
(num: 5768), BADBABA, finding, finding, improvement, quail, quail
(num: 5769), BADBABA, eparations
(num: 5770), BADBABA, Mithrandir, Mithrandir, garnets
(num: 5771), BADBABA
(num: 5772), BADBABA
(num: 5773), BADBABA, mean, mean
(num: 5774), BADBABA, himthat, rainwater
(num: 5775), BADBABA
(num: 5776), BADBABA
(num: 5777), BADBABA
(num: 5778), BADBABA, settles, lance
(num: 5779), BADBABA, faced, faced
(num: 5780), BADBABA, Grubbs, Grubbs, dependants
(num: 5781), BADBABA, inexhaustible
(num: 5782), BADBABA, waited, waited
(num: 5783), BADBABA
(num: 5784), BADBABA
(num: 5785), BADBABA
(num: 5786), BADBABA
(num: 5787), BADBABA
(num: 5788), BADBABA, rule, rule, journeying, journeying
(num: 5789), BADBABA
(num: 5790), BADBABA, Nbli
(num: 5791), BADBABA
(num: 5792), BADBABA
(num: 5793), BADBABA, th, th
(num: 5794), BADBABA
(num: 5795), BADBABA, translation
(num: 5796), BADBABA
(num: 5797), BADBABA
(num: 5798), BADBABA
(num: 5799), BADBABA
(num: 5800), BADBABA, kicking, kicking
(num: 5801), BADBABA, strengthen, strengthen
(num: 5802), BADBABA, stomach, stomach, Ilmarin, Ilmarin
(num: 5803), BADBABA, airholes, shod, besom
(num: 5804), BADBABA, ruddy, ruddy, guild
(num: 5805), BADBABA
(num: 5806), BADBABA, loss, loss, palan
(num: 5807), BADBABA, webcutter
(num: 5808), BADBABA, daresay, daresay, schooling, prickle
(num: 5809), BADBABA, Straight, Straight
(num: 5810), BADBABA
(num: 5811), BADBABA, elvenscript
(num: 5812), BADBABA, Hoursdays
(num: 5813), BADBABA
(num: 5814), BADBABA, treatise
(num: 5815), BADBABA, closer, closer
(num: 5816), BADBABA, caring, justice, justice
(num: 5817), BADBABA, Teeth, increased, increased
(num: 5818), BADBABA, surprise, surprise, Dwimordene, Dwimordene, debates
(num: 5819), BADBABA
(num: 5820), BADBABA, deepened, breathlessly, breathlessly, stalking
(num: 5821), BADBABA
(num: 5822), BADBABA
(num: 5823), BADBABA, lash
(num: 5824), BADBABA, dappling
(num: 5825), BADBABA
(num: 5826), BADBABA, drunk, drunk
(num: 5827), BADBABA, cauldron
(num: 5828), BADBABA, wary, wary, prevailed, prevailed
(num: 5829), BADBABA, always, always
(num: 5830), BADBABA
(num: 5831), BADBABA
(num: 5832), BADBABA, atalkin, autumnlike, safely, safely, Stonehard
(num: 5833), BADBABA, fight, fight, toasting, toasting, seize, seize, dejected
(num: 5834), BADBABA, gazing, gazing, repayment
(num: 5835), BADBABA, Ruler, Ruler
(num: 5836), BADBABA
(num: 5837), BADBABA, aged, aged
(num: 5838), BADBABA, dreams, dreams, shift, shift, entry, entry
(num: 5839), BADBABA, rebuild, rebuild
(num: 5840), BADBABA, unpleasant, unpleasant, ashengrey
(num: 5841), BADBABA
(num: 5842), BADBABA, redness
(num: 5843), BADBABA
(num: 5844), BADBABA
(num: 5845), BADBABA, axin
(num: 5846), BADBABA, lodging, lodging, elenion
(num: 5847), BADBABA, promptings, conquer, conquer, Lean, ratfolk
(num: 5848), BADBABA, bannocks
(num: 5849), BADBABA, manifestations
(num: 5850), BADBABA, rd
(num: 5851), BADBABA
(num: 5852), BADBABA, intly
(num: 5853), BADBABA, frantic
(num: 5854), BADBABA
(num: 5855), BADBABA, crumbled, crumbled, carriers
(num: 5856), BADBABA, sandhills
(num: 5857), BADBABA, years, years
(num: 5858), BADBABA, Blue, patch, patch, Smjagol, Smjagol
(num: 5859), BADBABA, Obviously, Emyn, Emyn
(num: 5860), BADBABA, understanding, understanding, enthroned, Vanity
(num: 5861), BADBABA, worn, worn, versions
(num: 5862), BADBABA, party, party
(num: 5863), BADBABA, Fall, Fall, fawning, fawning, undertaking
(num: 5864), BADBABA
(num: 5865), BADBABA, Sn, RETURN, RETURN
(num: 5866), BADBABA
(num: 5867), BADBABA, hailing
(num: 5868), BADBABA, hazelthickets
(num: 5869), BADBABA, shingly
(num: 5870), BADBABA, Elephants, stabbing, stabbing, Adventure, regarding, regarding, orb
(num: 5871), BADBABA, snapdragons, snapdragons
(num: 5872), BADBABA, confident, nets, nets, Rosie, Rosie
(num: 5873), BADBABA, illfavoured, illfavoured
(num: 5874), BADBABA, dwarffashion, Purposes, roam, roam
(num: 5875), BADBABA
(num: 5876), BADBABA, tolls, tolls
(num: 5877), BADBABA
(num: 5878), BADBABA, stuffs
(num: 5879), BADBABA, screwed, Taller
(num: 5880), BADBABA, sentinels, sentinels
(num: 5881), BADBABA, Harrowdale, Harrowdale, newmade
(num: 5882), BADBABA, throat, throat
(num: 5883), BADBABA, hobbitpeople
(num: 5884), BADBABA, veiled, veiled
(num: 5885), BADBABA, ground, ground, timeless, timeless, breaker
(num: 5886), BADBABA
(num: 5887), BADBABA, thunderstorm, thunderstorm, fray, fray
(num: 5888), BADBABA, counts, counts
(num: 5889), BADBABA
(num: 5890), BADBABA, lack, lack, councils, neglected, neglected
(num: 5891), BADBABA, whiphand
(num: 5892), BADBABA, doubly, chattering, chattering, Ranger, Ranger
(num: 5893), BADBABA
(num: 5894), BADBABA
(num: 5895), BADBABA
(num: 5896), BADBABA, same, same
(num: 5897), BADBABA, Sssss, Sssss, zigzagging, ced, Huge
(num: 5898), BADBABA, morninglight, morninglight
(num: 5899), BADBABA, split, split
(num: 5900), BADBABA, seem, seem, lading
(num: 5901), BADBABA, Enough, Enough, allotted
(num: 5902), BADBABA, endure, harmed, jig, carrionbeasts
(num: 5903), BADBABA, serpentforms
(num: 5904), BADBABA, bedroom, bedroom, ridiculous, ridiculous
(num: 5905), BADBABA
(num: 5906), BADBABA, grumbling, grumbling
(num: 5907), BADBABA, Thricerenowned
(num: 5908), BADBABA, West, West, drops, drops, bellchain
(num: 5909), BADBABA, NOT, NOT, brimming
(num: 5910), BADBABA, snowpeaks, rollrollrolling, ortanl
(num: 5911), BADBABA, standing, standing, joys, joys
(num: 5912), BADBABA
(num: 5913), BADBABA, Holman, Holman, whitewalled
(num: 5914), BADBABA, hobbitboy, sadness, chancemeeting, chancemeeting
(num: 5915), BADBABA
(num: 5916), BADBABA
(num: 5917), BADBABA, Deputy, Deputy
(num: 5918), BADBABA
(num: 5919), BADBABA, Horse, Horse
(num: 5920), BADBABA, ghastly, feat, feat
(num: 5921), BADBABA, Shelf, Shelf
(num: 5922), BADBABA, intervals, intervals, mountainfields
(num: 5923), BADBABA, bold, bold, bottleslast, canker
(num: 5924), BADBABA, dire, dire
(num: 5925), BADBABA
(num: 5926), BADBABA, bestial, bestial
(num: 5927), BADBABA, hugging, hugging
(num: 5928), BADBABA, shinylike
(num: 5929), BADBABA, memoirs, memoirs, treetop, treetop, Ringwraith, Ringwraith
(num: 5930), BADBABA, beyond, beyond, Inn, Inn
(num: 5931), BADBABA, variations
(num: 5932), BADBABA, clammyand, drums, drums
(num: 5933), BADBABA, Shadowy
(num: 5934), BADBABA
(num: 5935), BADBABA, anyone, anyone
(num: 5936), BADBABA
(num: 5937), BADBABA
(num: 5938), BADBABA
(num: 5939), BADBABA
(num: 5940), BADBABA
(num: 5941), BADBABA, oiall
(num: 5942), BADBABA, flap, flap, Spare, Erkenbrand, Erkenbrand
(num: 5943), BADBABA, darkleaved, darkleaved
(num: 5944), BADBABA
(num: 5945), BADBABA, Perfect, inquirer, seventeen, seventeen, treesgood
(num: 5946), BADBABA, willing, willing, Trespassing
(num: 5947), BADBABA
(num: 5948), BADBABA, grit
(num: 5949), BADBABA, heedlessly, heedlessly, raided
(num: 5950), BADBABA, furnaces, furnaces
(num: 5951), BADBABA, pinecones, contains, Hoom, Hoom
(num: 5952), BADBABA, root, root
(num: 5953), BADBABA, rusty, rusty, rumboom
(num: 5954), BADBABA, trick, trick, flattered, flattered, attentively, attentively
(num: 5955), BADBABA, talent
(num: 5956), BADBABA, inland, inland
(num: 5957), BADBABA, desperation, desperation
(num: 5958), BADBABA
(num: 5959), BADBABA, coins, coins
(num: 5960), BADBABA
(num: 5961), BADBABA, against, against
(num: 5962), BADBABA
(num: 5963), BADBABA, ancient, ancient, moaning, moaning
(num: 5964), BADBABA, butterflies, butterflies, bolts, bolts
(num: 5965), BADBABA, struggle, gates, gates
(num: 5966), BADBABA, dry, tunnelled, tunnelled, thine, thine
(num: 5967), BADBABA
(num: 5968), BADBABA, melody, melody, Fastred
(num: 5969), BADBABA, Terror, Terror, mountainrace, gatherers
(num: 5970), BADBABA
(num: 5971), BADBABA
(num: 5972), BADBABA, puts, puts, Eldar, Payment
(num: 5973), BADBABA
(num: 5974), BADBABA, cringing, cloudy, cloudy, transparent
(num: 5975), BADBABA, fresher
(num: 5976), BADBABA, rocked, troop, troop, sullen, sullen
(num: 5977), BADBABA
(num: 5978), BADBABA, ham
(num: 5979), BADBABA
(num: 5980), BADBABA, attentive, attentive
(num: 5981), BADBABA, mattress, heaviest, abandon, abandon
(num: 5982), BADBABA, slay, slay
(num: 5983), BADBABA, proffered, proffered
(num: 5984), BADBABA, Sit, Sit
(num: 5985), BADBABA
(num: 5986), BADBABA, Ar, Ar
(num: 5987), BADBABA, ck, ck
(num: 5988), BADBABA, Boats, Boats
(num: 5989), BADBABA, perched, perched, Vulgar, insolence, insolence
(num: 5990), BADBABA
(num: 5991), BADBABA
(num: 5992), BADBABA, upkeep
(num: 5993), BADBABA, Trusting
(num: 5994), BADBABA, Sure, rashers
(num: 5995), BADBABA, isnt, isnt, cap, cap, wan, wan, Dwarfs, mercilessly, thundercloud
(num: 5996), BADBABA, blench, shieldarm
(num: 5997), BADBABA, taking, taking, Pota
(num: 5998), BADBABA, scraping, scraping, wedges, wedges
(num: 5999), BADBABA, Herugrim
(num: 6000), BADBABA, rustle, rustle, Stir
(num: 6001), BADBABA, Barrow, Barrow, gropes
(num: 6002), BADBABA, vale, vale, Awaited
(num: 6003), BADBABA
(num: 6004), BADBABA
(num: 6005), BADBABA
(num: 6006), BADBABA
(num: 6007), BADBABA
(num: 6008), BADBABA, pictured
(num: 6009), BADBABA
(num: 6010), BADBABA
(num: 6011), BADBABA, jeered, jeered, oakwoods, ashridden
(num: 6012), BADBABA, downwards, downwards, fellowship, fellowship, horseboys, horseboys
(num: 6013), BADBABA
(num: 6014), BADBABA
(num: 6015), BADBABA, recompense, recompense, injuries, injuries
(num: 6016), BADBABA, slope, slope
(num: 6017), BADBABA
(num: 6018), BADBABA
(num: 6019), BADBABA
(num: 6020), BADBABA, gird
(num: 6021), BADBABA, Ere, Ere
(num: 6022), BADBABA, arriving, arriving
(num: 6023), BADBABA
(num: 6024), BADBABA
(num: 6025), BADBABA, honeycomb, honeycomb, guarding, guarding
(num: 6026), BADBABA, Gimli, Gimli
(num: 6027), BADBABA
(num: 6028), BADBABA
(num: 6029), BADBABA, grief, grief, tiro
(num: 6030), BADBABA, other, other, purloined, shinbone, shinbone
(num: 6031), BADBABA, warhorn, captors, captors
(num: 6032), BADBABA
(num: 6033), BADBABA, Oh, Oh
(num: 6034), BADBABA, Ufthak
(num: 6035), BADBABA, shaft, cooled, cooled
(num: 6036), BADBABA, at, at, popping, popping
(num: 6037), BADBABA, hissing, hissing, unfold
(num: 6038), BADBABA
(num: 6039), BADBABA, government
(num: 6040), BADBABA, link, link
(num: 6041), BADBABA, neck, neck, precious, precious
(num: 6042), BADBABA, cannot, cannot
(num: 6043), BADBABA, toys, toys, appoint
(num: 6044), BADBABA, maps, maps, terebinth, flagon, flagon
(num: 6045), BADBABA, eyes, eyes
(num: 6046), BADBABA, letting, letting, illtreating
(num: 6047), BADBABA, exceptionally
(num: 6048), BADBABA
(num: 6049), BADBABA, experience, experience
(num: 6050), BADBABA, lastand, Taming, Taming
(num: 6051), BADBABA, drifts, drifts
(num: 6052), BADBABA
(num: 6053), BADBABA, tomcat, Bom
(num: 6054), BADBABA
(num: 6055), BADBABA
(num: 6056), BADBABA, wailed, wailed, amidmost, amidmost
(num: 6057), BADBABA
(num: 6058), BADBABA
(num: 6059), BADBABA, extensive, extensive
(num: 6060), BADBABA, applied, winking, winking
(num: 6061), BADBABA, remnants, Lune, Lune, addressing, addressing
(num: 6062), BADBABA, Honestly, whitened, whitened
(num: 6063), BADBABA, Thranduils
(num: 6064), BADBABA, unintentional, Cautious
(num: 6065), BADBABA, hunt, String, conceived
(num: 6066), BADBABA, elvishlooking, greenwood, greenwood
(num: 6067), BADBABA
(num: 6068), BADBABA, flew, flew, potency, potency
(num: 6069), BADBABA
(num: 6070), BADBABA
(num: 6071), BADBABA, filing
(num: 6072), BADBABA
(num: 6073), BADBABA, defrayed
(num: 6074), BADBABA, Eye, Eye, Holbytlan
(num: 6075), BADBABA, directions, directions, serving, serving
(num: 6076), BADBABA, toad, toad, nows, doneto
(num: 6077), BADBABA, freely, freely
(num: 6078), BADBABA, drafting, marvelling, marvelling
(num: 6079), BADBABA, remember, remember, Unless, Unless
(num: 6080), BADBABA, horny, horny
(num: 6081), BADBABA
(num: 6082), BADBABA, pat, goingson
(num: 6083), BADBABA
(num: 6084), BADBABA
(num: 6085), BADBABA
(num: 6086), BADBABA
(num: 6087), BADBABA
(num: 6088), BADBABA, circled, circled, performance
(num: 6089), BADBABA, Lurking, toiling, toiling, pencils, pencils
(num: 6090), BADBABA, snowmountain
(num: 6091), BADBABA
(num: 6092), BADBABA, maybut, surfaces, surfaces, winch
(num: 6093), BADBABA, skewers
(num: 6094), BADBABA
(num: 6095), BADBABA, chased, chased
(num: 6096), BADBABA, flood, flood
(num: 6097), BADBABA, beady
(num: 6098), BADBABA, mead, mead
(num: 6099), BADBABA
(num: 6100), BADBABA, Lately
(num: 6101), BADBABA, living, living
(num: 6102), BADBABA, accounting
(num: 6103), BADBABA, encouraged, encouraged
(num: 6104), BADBABA, slanted, slanted, Wold, Wold
(num: 6105), BADBABA, Meneldil, Meneldil, shadowless, shadowless
(num: 6106), BADBABA, lookingglass, lookingglass, skai
(num: 6107), BADBABA
(num: 6108), BADBABA
(num: 6109), BADBABA, obscured, obscured, nightwalkers
(num: 6110), BADBABA
(num: 6111), BADBABA, races, ferryboat, ferryboat, entish
(num: 6112), BADBABA, about, about
(num: 6113), BADBABA
(num: 6114), BADBABA, foul, foul
(num: 6115), BADBABA, smokerings, smokerings, necessary, necessary
(num: 6116), BADBABA, nights, nights, trot, trot
(num: 6117), BADBABA, dies, Athelas
(num: 6118), BADBABA, riderless, riderless
(num: 6119), BADBABA, before, before, gentle, gentle
(num: 6120), BADBABA, heads, heads, snivel, blessing, climbs, climbs
(num: 6121), BADBABA, trunks, trunks, fairer, fairer, Ragged
(num: 6122), BADBABA
(num: 6123), BADBABA
(num: 6124), BADBABA
(num: 6125), BADBABA, Hardly, Hardly
(num: 6126), BADBABA, Tread
(num: 6127), BADBABA
(num: 6128), BADBABA, er, er, vault, contested
(num: 6129), BADBABA, exclamations
(num: 6130), BADBABA, worthy, worthy
(num: 6131), BADBABA, letters, letters
(num: 6132), BADBABA, wraithworld
(num: 6133), BADBABA
(num: 6134), BADBABA
(num: 6135), BADBABA, translated, translated
(num: 6136), BADBABA, boulder, boulder
(num: 6137), BADBABA, bore, bore
(num: 6138), BADBABA, lasting, lasting, Arods
(num: 6139), BADBABA, annals, seething, seething
(num: 6140), BADBABA, TWO, files, files
(num: 6141), BADBABA, dwarfmessengers, hazes, shouldst
(num: 6142), BADBABA
(num: 6143), BADBABA, welcoming, Theyd
(num: 6144), BADBABA, Whence, Whence
(num: 6145), BADBABA, belts, belts, riddlegame
(num: 6146), BADBABA, straightened
(num: 6147), BADBABA, fellows, fellows
(num: 6148), BADBABA, lean, lean, kingsfoil, kingsfoil
(num: 6149), BADBABA, Debate, Debate
(num: 6150), BADBABA
(num: 6151), BADBABA, collect, collect
(num: 6152), BADBABA
(num: 6153), BADBABA
(num: 6154), BADBABA
(num: 6155), BADBABA, important, important
(num: 6156), BADBABA, orcfriends
(num: 6157), BADBABA
(num: 6158), BADBABA, scuttling, scuttling, taleteller
(num: 6159), BADBABA
(num: 6160), BADBABA
(num: 6161), BADBABA
(num: 6162), BADBABA, Dead, Dead
(num: 6163), BADBABA, together, together, ravenwings
(num: 6164), BADBABA
(num: 6165), BADBABA, turned, turned, applauding, footpace
(num: 6166), BADBABA
(num: 6167), BADBABA, boiled, strides, strides, Winging
(num: 6168), BADBABA, choosing, choosing, GhvnburiGhvn, GhvnburiGhvn
(num: 6169), BADBABA
(num: 6170), BADBABA, warfare, warfare
(num: 6171), BADBABA, clothing
(num: 6172), BADBABA, budding
(num: 6173), BADBABA, Autumn, Autumn, caita
(num: 6174), BADBABA
(num: 6175), BADBABA, squinteyed, squinteyed
(num: 6176), BADBABA, extraordinary, slammed, Wight, Wight, Sharing
(num: 6177), BADBABA, sunstar
(num: 6178), BADBABA
(num: 6179), BADBABA, unimportant, unimportant
(num: 6180), BADBABA, historical, historical
(num: 6181), BADBABA, elfeyes
(num: 6182), BADBABA, Westu
(num: 6183), BADBABA
(num: 6184), BADBABA, unaltered, Edrendils
(num: 6185), BADBABA, snail, snail, Holiday, lammen, grime
(num: 6186), BADBABA, Oliphaunt, Oliphaunt
(num: 6187), BADBABA, suppose, suppose, rouse, rouse, rescuing, unmoving, unmoving, memorial
(num: 6188), BADBABA, wound, wound, Queer, explosion
(num: 6189), BADBABA, onset, onset, parsleys
(num: 6190), BADBABA
(num: 6191), BADBABA, unmistakable, unmistakable
(num: 6192), BADBABA, flinched, flinched
(num: 6193), BADBABA
(num: 6194), BADBABA, dragonslayings
(num: 6195), BADBABA, landslide, lesser, lesser
(num: 6196), BADBABA
(num: 6197), BADBABA
(num: 6198), BADBABA, outcry, outcry
(num: 6199), BADBABA, Barrowfield
(num: 6200), BADBABA
(num: 6201), BADBABA
(num: 6202), BADBABA, soul, soul, Marsha
(num: 6203), BADBABA
(num: 6204), BADBABA, Warm, Warm
(num: 6205), BADBABA, storagetunnels
(num: 6206), BADBABA, thrushlanguage, da, da
(num: 6207), BADBABA, developed, developed, breastwork
(num: 6208), BADBABA, cunning, cunning
(num: 6209), BADBABA, forcing, Skinbark, Skinbark
(num: 6210), BADBABA, patiently, patiently, hath, hath
(num: 6211), BADBABA
(num: 6212), BADBABA, paper, breeze, breeze, leafwrapping, dismounting
(num: 6213), BADBABA, sensible, sensible
(num: 6214), BADBABA
(num: 6215), BADBABA, lunchtime
(num: 6216), BADBABA, unmasked, unmasked, irred
(num: 6217), BADBABA, shant, shant, harry, harry, Panting, Panting
(num: 6218), BADBABA, countless, countless, investigating, deceived, deceived
(num: 6219), BADBABA, drooped, drooped
(num: 6220), BADBABA, trespass
(num: 6221), BADBABA
(num: 6222), BADBABA, due, due
(num: 6223), BADBABA
(num: 6224), BADBABA, hurricane, hurricane
(num: 6225), BADBABA
(num: 6226), BADBABA
(num: 6227), BADBABA, trollfells, trollfells, Muzgash
(num: 6228), BADBABA, Throng, waft
(num: 6229), BADBABA, soon, soon
(num: 6230), BADBABA
(num: 6231), BADBABA, hawthornberries, scene
(num: 6232), BADBABA, yourselves, yourselves, rob, rob
(num: 6233), BADBABA
(num: 6234), BADBABA
(num: 6235), BADBABA, Nori, Nori
(num: 6236), BADBABA, reigns, blunting
(num: 6237), BADBABA
(num: 6238), BADBABA, headlong, snout, snout
(num: 6239), BADBABA, removed, removed, ng, ng
(num: 6240), BADBABA, burn, burn
(num: 6241), BADBABA
(num: 6242), BADBABA, mortal, mortal
(num: 6243), BADBABA
(num: 6244), BADBABA, year, year, perturbed, onwards
(num: 6245), BADBABA, fancied, Sharp, pong, wheeled, wheeled
(num: 6246), BADBABA, absorbed, bedsong, huntsmen, huntsmen
(num: 6247), BADBABA, reflecting, reflecting
(num: 6248), BADBABA, Guests
(num: 6249), BADBABA, Leave, Leave, customs, customs
(num: 6250), BADBABA, increase, tiredexcept
(num: 6251), BADBABA, wise, wise
(num: 6252), BADBABA
(num: 6253), BADBABA, fold, fold
(num: 6254), BADBABA
(num: 6255), BADBABA, yielding, yielding
(num: 6256), BADBABA, froze, froze, Drowns
(num: 6257), BADBABA, central, central, Seventh, truthspeakers
(num: 6258), BADBABA, hustled, hustled, cruelty
(num: 6259), BADBABA, away, away
(num: 6260), BADBABA
(num: 6261), BADBABA, eastshore
(num: 6262), BADBABA
(num: 6263), BADBABA, hearing, hearing
(num: 6264), BADBABA, te, shallow, shallow, Sams, Sams
(num: 6265), BADBABA, farseen
(num: 6266), BADBABA, leading, leading
(num: 6267), BADBABA, spend, None, None, niggard
(num: 6268), BADBABA, wicked, wicked, headdown
(num: 6269), BADBABA
(num: 6270), BADBABA, Short, Short, Filled
(num: 6271), BADBABA, tangled, tangled, drab
(num: 6272), BADBABA, anthill, Morgulkingnot
(num: 6273), BADBABA
(num: 6274), BADBABA, twentyfive, fireflecked, inaudibly
(num: 6275), BADBABA, Cunning
(num: 6276), BADBABA
(num: 6277), BADBABA, dealt, dealt, Guards, Guards
(num: 6278), BADBABA, build, build
(num: 6279), BADBABA, chose, chose
(num: 6280), BADBABA, cornera
(num: 6281), BADBABA
(num: 6282), BADBABA, sleeping, sleeping, orcroad
(num: 6283), BADBABA
(num: 6284), BADBABA, hidings, hidings
(num: 6285), BADBABA, pickets
(num: 6286), BADBABA
(num: 6287), BADBABA, cur
(num: 6288), BADBABA
(num: 6289), BADBABA, imprisoned, imprisoned
(num: 6290), BADBABA, absurd, absurd, counting, Ash, Angband, Angband
(num: 6291), BADBABA, dragon, dragon
(num: 6292), BADBABA
(num: 6293), BADBABA, sweepings
(num: 6294), BADBABA, unusual, unusual, Fallohidish, Deafening
(num: 6295), BADBABA, waste, waste
(num: 6296), BADBABA, Mr, Mr, loftier, loftier
(num: 6297), BADBABA, steps, steps, Praise, Praise
(num: 6298), BADBABA, scrumptiously, northward, northward
(num: 6299), BADBABA
(num: 6300), BADBABA
(num: 6301), BADBABA, olden
(num: 6302), BADBABA, curse, curse, Between, Between
(num: 6303), BADBABA, measured, measured
(num: 6304), BADBABA
(num: 6305), BADBABA, announced, announced, hooding
(num: 6306), BADBABA, parchment, leagues, leagues
(num: 6307), BADBABA
(num: 6308), BADBABA, arent, arent, unrespectable, scrupulous
(num: 6309), BADBABA, seven, seven
(num: 6310), BADBABA, robed, robed
(num: 6311), BADBABA, dubious, dubious
(num: 6312), BADBABA, intense, headstall
(num: 6313), BADBABA
(num: 6314), BADBABA, contemptible, identity
(num: 6315), BADBABA, sight, sight
(num: 6316), BADBABA, money, money, fiercer, essays, gardeners, gardeners
(num: 6317), BADBABA, Dump, spirit, spirit
(num: 6318), BADBABA, crushing, crushing
(num: 6319), BADBABA, quoits
(num: 6320), BADBABA, suspect, suspect
(num: 6321), BADBABA
(num: 6322), BADBABA, Childless, horseroad
(num: 6323), BADBABA, bother, bother
(num: 6324), BADBABA, speakwe
(num: 6325), BADBABA, volcano
(num: 6326), BADBABA, Howe
(num: 6327), BADBABA, drinkingcup, powdered
(num: 6328), BADBABA, grot
(num: 6329), BADBABA, ft
(num: 6330), BADBABA, Rmil, Rmil
(num: 6331), BADBABA, aground
(num: 6332), BADBABA
(num: 6333), BADBABA, GOODBYE
(num: 6334), BADBABA
(num: 6335), BADBABA, thrust, thrust, grin, grin
(num: 6336), BADBABA, arranging, gayer
(num: 6337), BADBABA, Goldenhaired
(num: 6338), BADBABA
(num: 6339), BADBABA
(num: 6340), BADBABA, ancestor, ancestor, ProudFEET, Shapeless, bud
(num: 6341), BADBABA
(num: 6342), BADBABA, flickeredit
(num: 6343), BADBABA, stacked, stacked, Grubb, Grubb
(num: 6344), BADBABA, authority, authority, Calacirian
(num: 6345), BADBABA, shin, shin
(num: 6346), BADBABA, guess, guess, healer, healer
(num: 6347), BADBABA, bothered, bothered, Midgewater, Midgewater, saddleskins, founder
(num: 6348), BADBABA, mantel
(num: 6349), BADBABA, bedridden
(num: 6350), BADBABA, sniff, sniff
(num: 6351), BADBABA, Valleys, mourning, mourning
(num: 6352), BADBABA, masons
(num: 6353), BADBABA, housed, housed, Eglerio, Eglerio
(num: 6354), BADBABA
(num: 6355), BADBABA
(num: 6356), BADBABA
(num: 6357), BADBABA, presto
(num: 6358), BADBABA, rendered, rendered
(num: 6359), BADBABA, preciouss, preciouss
(num: 6360), BADBABA, kept, kept
(num: 6361), BADBABA
(num: 6362), BADBABA, Forget, Joy
(num: 6363), BADBABA
(num: 6364), BADBABA, ledges, ledges
(num: 6365), BADBABA, pitch, pitch
(num: 6366), BADBABA, delivery, startled, startled, gratitude, Hatred, wakeful
(num: 6367), BADBABA
(num: 6368), BADBABA
(num: 6369), BADBABA, night, night
(num: 6370), BADBABA
(num: 6371), BADBABA, unnecessary, unnecessary
(num: 6372), BADBABA
(num: 6373), BADBABA, tasks, handsit
(num: 6374), BADBABA, Citadel, Elventongue, reargate
(num: 6375), BADBABA, peered, baying, baying
(num: 6376), BADBABA, Noldor
(num: 6377), BADBABA, known, known, noro, noro
(num: 6378), BADBABA, finishing, finishing, Sleep, Sleep, flaxflowers, tottered
(num: 6379), BADBABA
(num: 6380), BADBABA, strangling, strangling
(num: 6381), BADBABA, greeted, greeted
(num: 6382), BADBABA
(num: 6383), BADBABA, manys
(num: 6384), BADBABA
(num: 6385), BADBABA
(num: 6386), BADBABA, Shelters, eleventh, murdered, murdered
(num: 6387), BADBABA
(num: 6388), BADBABA
(num: 6389), BADBABA
(num: 6390), BADBABA, flower, flower, decides, Strawheads, covert, covert
(num: 6391), BADBABA, scanning
(num: 6392), BADBABA, sires, sires, veering
(num: 6393), BADBABA, rathole
(num: 6394), BADBABA, necklace, necklace, roaming, roaming
(num: 6395), BADBABA, shuffling, Nambril, Nambril
(num: 6396), BADBABA, Pale, Pale
(num: 6397), BADBABA, cruel, cruel, pursue, pursue
(num: 6398), BADBABA
(num: 6399), BADBABA
(num: 6400), BADBABA
(num: 6401), BADBABA, packing, packing
(num: 6402), BADBABA
(num: 6403), BADBABA, inconveniently, sip, sip
(num: 6404), BADBABA, really, really, skilled, skilled
(num: 6405), BADBABA, thirsting
(num: 6406), BADBABA, could, could, nallon
(num: 6407), BADBABA, wellpreserved
(num: 6408), BADBABA, Durin, Durin, single, single, directly, directly
(num: 6409), BADBABA, rascally
(num: 6410), BADBABA, followed, followed, loan, falsehood, falsehood, Stonehouses, Stonehouses
(num: 6411), BADBABA, Bend
(num: 6412), BADBABA
(num: 6413), BADBABA, shiver, Might, Might, Rage
(num: 6414), BADBABA, Calenhad, Hurrah, lone
(num: 6415), BADBABA, Pinch
(num: 6416), BADBABA, Ciril, Ciril
(num: 6417), BADBABA
(num: 6418), BADBABA
(num: 6419), BADBABA, trackless, rightabouts
(num: 6420), BADBABA, waterlogged
(num: 6421), BADBABA
(num: 6422), BADBABA
(num: 6423), BADBABA
(num: 6424), BADBABA, forthe, longbodied
(num: 6425), BADBABA, Anor, Anor
(num: 6426), BADBABA
(num: 6427), BADBABA, discomfiting, aranion
(num: 6428), BADBABA, protect, protect
(num: 6429), BADBABA
(num: 6430), BADBABA, envied
(num: 6431), BADBABA, scimitar
(num: 6432), BADBABA, Stybba, Stybba
(num: 6433), BADBABA
(num: 6434), BADBABA, eve, eve, surveying, surveying
(num: 6435), BADBABA, sneeze, sneeze, witnesses
(num: 6436), BADBABA, peer, renewed, renewed
(num: 6437), BADBABA
(num: 6438), BADBABA, trouserpocket, Breath, Afar, mbryat
(num: 6439), BADBABA, sure, sure, fuss, fuss, dissolved, dissolved
(num: 6440), BADBABA, speeding, speeding
(num: 6441), BADBABA, boot, boot
(num: 6442), BADBABA, cloaked, cloaked
(num: 6443), BADBABA, seedling
(num: 6444), BADBABA
(num: 6445), BADBABA, utter, utter
(num: 6446), BADBABA, crumbles
(num: 6447), BADBABA, torches, torches, secure, jowl
(num: 6448), BADBABA, ravenmessengers
(num: 6449), BADBABA
(num: 6450), BADBABA, obstinate
(num: 6451), BADBABA
(num: 6452), BADBABA, recollect, recollect
(num: 6453), BADBABA
(num: 6454), BADBABA, asneakin
(num: 6455), BADBABA, loosed, loosed
(num: 6456), BADBABA
(num: 6457), BADBABA
(num: 6458), BADBABA, commons, tells, tells
(num: 6459), BADBABA, wrack, wrack
(num: 6460), BADBABA
(num: 6461), BADBABA
(num: 6462), BADBABA, celebrate, celebrate, Hador, Hador
(num: 6463), BADBABA, perceives
(num: 6464), BADBABA, unaccountably, unaccountably
(num: 6465), BADBABA
(num: 6466), BADBABA, index, index, despite, despite
(num: 6467), BADBABA
(num: 6468), BADBABA, dragonmountain
(num: 6469), BADBABA, hemlockleaves, unread, greyhooded, frank
(num: 6470), BADBABA, withstand, withstand, Hammerhand
(num: 6471), BADBABA, introduction
(num: 6472), BADBABA, figurethe
(num: 6473), BADBABA, discussions, discussions
(num: 6474), BADBABA, fetch, fetch
(num: 6475), BADBABA, banished, banished
(num: 6476), BADBABA
(num: 6477), BADBABA, unpacked, heart, heart
(num: 6478), BADBABA, bumped, Bomburs, Bomburs
(num: 6479), BADBABA, servingman, himno
(num: 6480), BADBABA, stick, stick, unhindered, unhindered
(num: 6481), BADBABA, beacons, beacons
(num: 6482), BADBABA
(num: 6483), BADBABA, uglylooking, tightly, reck
(num: 6484), BADBABA, knelt, knelt, liquor, liquor
(num: 6485), BADBABA, stonecast
(num: 6486), BADBABA, members, members
(num: 6487), BADBABA
(num: 6488), BADBABA, Apples
(num: 6489), BADBABA
(num: 6490), BADBABA, fling, fling, sandcastles
(num: 6491), BADBABA, rejection, injury, injury, healers, healers
(num: 6492), BADBABA, buttress, wastelands
(num: 6493), BADBABA, last, last
(num: 6494), BADBABA
(num: 6495), BADBABA
(num: 6496), BADBABA, Damrod, Damrod
(num: 6497), BADBABA, Leaf, Leaf
(num: 6498), BADBABA
(num: 6499), BADBABA
(num: 6500), BADBABA
(num: 6501), BADBABA, endured, Lakepeople, appears, appears
(num: 6502), BADBABA, puzzling
(num: 6503), BADBABA
(num: 6504), BADBABA, ntil, sward, sward
(num: 6505), BADBABA, Chubbs, Chubbs, improve
(num: 6506), BADBABA
(num: 6507), BADBABA
(num: 6508), BADBABA, mounted, mounted
(num: 6509), BADBABA, pickaxes
(num: 6510), BADBABA
(num: 6511), BADBABA
(num: 6512), BADBABA, serious, serious, encamped, encamped
(num: 6513), BADBABA, off, off
(num: 6514), BADBABA, harpstring
(num: 6515), BADBABA
(num: 6516), BADBABA
(num: 6517), BADBABA, handsand
(num: 6518), BADBABA, comfort, comfort
(num: 6519), BADBABA, Every, Every
(num: 6520), BADBABA
(num: 6521), BADBABA
(num: 6522), BADBABA, sleep, sleep, Homely, Homely, stricken, stricken, shins
(num: 6523), BADBABA, painted, painted, Sigh, Wasnt, intact, Roll, Roll
(num: 6524), BADBABA
(num: 6525), BADBABA, timeand, gladden
(num: 6526), BADBABA, scare
(num: 6527), BADBABA, liegelord, liegelord
(num: 6528), BADBABA
(num: 6529), BADBABA, messes, messes
(num: 6530), BADBABA
(num: 6531), BADBABA, held, held, doings, doings, ensnared, ensnared, beechgrove
(num: 6532), BADBABA, marches, marches
(num: 6533), BADBABA, knifestroke
(num: 6534), BADBABA
(num: 6535), BADBABA, Leading
(num: 6536), BADBABA, communities, nowlet, refuses
(num: 6537), BADBABA, Rath, Rath
(num: 6538), BADBABA
(num: 6539), BADBABA
(num: 6540), BADBABA, plot, plot
(num: 6541), BADBABA, astray, astray
(num: 6542), BADBABA, slim, hedgehog
(num: 6543), BADBABA
(num: 6544), BADBABA, Southwest, Southwest
(num: 6545), BADBABA, hou, capitals
(num: 6546), BADBABA, south, south, songs, songs
(num: 6547), BADBABA, skirts, skirts, Lorien
(num: 6548), BADBABA
(num: 6549), BADBABA, resolutely
(num: 6550), BADBABA, Radagast, Radagast
(num: 6551), BADBABA, greenfingered, glooms, glooms
(num: 6552), BADBABA, Mirror, acrobatics
(num: 6553), BADBABA, elvenglass, elvenglass
(num: 6554), BADBABA
(num: 6555), BADBABA, magical, magical, omentielvo, Entmaidens
(num: 6556), BADBABA, strokes, strokes, lidded
(num: 6557), BADBABA
(num: 6558), BADBABA
(num: 6559), BADBABA, buch, buch, treacherously, treacherously, horsemaster
(num: 6560), BADBABA
(num: 6561), BADBABA, quarreled
(num: 6562), BADBABA
(num: 6563), BADBABA, des
(num: 6564), BADBABA
(num: 6565), BADBABA
(num: 6566), BADBABA, teach, Balins, Balins
(num: 6567), BADBABA, louder, louder, springs, watercourse, watercourse, foolhardy, fulfilment
(num: 6568), BADBABA, shutters, shutters
(num: 6569), BADBABA, mutton, mutton
(num: 6570), BADBABA, shrouded, shrouded
(num: 6571), BADBABA, Shore, Shore
(num: 6572), BADBABA, Delving, Delving
(num: 6573), BADBABA
(num: 6574), BADBABA, richer, afresh, brushwood, brushwood
(num: 6575), BADBABA
(num: 6576), BADBABA, annoying, neared
(num: 6577), BADBABA, gorge, gorge
(num: 6578), BADBABA, wandered, wandered
(num: 6579), BADBABA
(num: 6580), BADBABA, itwhen, bearer, bearer
(num: 6581), BADBABA, Go, Go, righthand
(num: 6582), BADBABA, beckoned, beckoned
(num: 6583), BADBABA, Sirannon, Sirannon
(num: 6584), BADBABA, tonights, tonights
(num: 6585), BADBABA, goldenhaired
(num: 6586), BADBABA
(num: 6587), BADBABA
(num: 6588), BADBABA, starmoon, orcchieftain, Paler
(num: 6589), BADBABA, pay, pay
(num: 6590), BADBABA
(num: 6591), BADBABA, enormously, Tired, Tired
(num: 6592), BADBABA, Muster, slowing, slowing, pinions
(num: 6593), BADBABA, Grand
(num: 6594), BADBABA
(num: 6595), BADBABA, Siege, Siege
(num: 6596), BADBABA
(num: 6597), BADBABA
(num: 6598), BADBABA
(num: 6599), BADBABA, miserabler
(num: 6600), BADBABA, throwing, throwing
(num: 6601), BADBABA, oaken, normal
(num: 6602), BADBABA, worriting, Mirrors
(num: 6603), BADBABA
(num: 6604), BADBABA, caverns, caverns, deceptive, skills
(num: 6605), BADBABA
(num: 6606), BADBABA, Touch, mens, mens
(num: 6607), BADBABA, divided, divided, Afore, Dreamflower
(num: 6608), BADBABA, Anfalas, Vilya
(num: 6609), BADBABA
(num: 6610), BADBABA, clarinets, bellowing, footsore, falmalinnar
(num: 6611), BADBABA, hundredandeleventh
(num: 6612), BADBABA, cakes, cakes, sputtered, sputtered
(num: 6613), BADBABA, veiling
(num: 6614), BADBABA
(num: 6615), BADBABA
(num: 6616), BADBABA, group, alonefor
(num: 6617), BADBABA
(num: 6618), BADBABA
(num: 6619), BADBABA, sorrows, sorrows
(num: 6620), BADBABA, twohanded, twohanded, Mindolluins, Mindolluins
(num: 6621), BADBABA, Royal, margins, margins
(num: 6622), BADBABA, shoemaking, spellenslaved
(num: 6623), BADBABA
(num: 6624), BADBABA, locked, locked
(num: 6625), BADBABA
(num: 6626), BADBABA, quickness
(num: 6627), BADBABA, path, path
(num: 6628), BADBABA, Berts, Berts, Forest, Forest, eddying, eddying
(num: 6629), BADBABA, rockgates
(num: 6630), BADBABA, runeletters
(num: 6631), BADBABA, PATH
(num: 6632), BADBABA
(num: 6633), BADBABA
(num: 6634), BADBABA, enduring, enduring
(num: 6635), BADBABA
(num: 6636), BADBABA, briskly, ploughman, swag
(num: 6637), BADBABA, dint, dint, hooming, orcfigures, orcfigures
(num: 6638), BADBABA
(num: 6639), BADBABA
(num: 6640), BADBABA
(num: 6641), BADBABA, surefooted, whined, neigh, neigh
(num: 6642), BADBABA, roared, roared, Carach, Carach
(num: 6643), BADBABA, proofs, proofs, pedestal, pedestal
(num: 6644), BADBABA, ANNOUNCEMENT
(num: 6645), BADBABA
(num: 6646), BADBABA
(num: 6647), BADBABA, tall, tall, thyme, thyme
(num: 6648), BADBABA, unlikely, unlikely, discover, discover, inhabitants, inhabitants
(num: 6649), BADBABA, fence, fence
(num: 6650), BADBABA
(num: 6651), BADBABA, halforcs, halforcs
(num: 6652), BADBABA, glimmer, glimmer
(num: 6653), BADBABA
(num: 6654), BADBABA
(num: 6655), BADBABA, Welcome, Welcome, shorn, shorn, demands, demands, orcrags
(num: 6656), BADBABA
(num: 6657), BADBABA, darkeyed
(num: 6658), BADBABA
(num: 6659), BADBABA
(num: 6660), BADBABA
(num: 6661), BADBABA
(num: 6662), BADBABA, southwest, southwest
(num: 6663), BADBABA, BagEnd, BagEnd, uninviting, searchers
(num: 6664), BADBABA
(num: 6665), BADBABA, br, br
(num: 6666), BADBABA
(num: 6667), BADBABA, beside, beside, muffled, straws, straws, pitfalls, whisperings, whisperings
(num: 6668), BADBABA, Justice
(num: 6669), BADBABA, forsook, forsook
(num: 6670), BADBABA
(num: 6671), BADBABA
(num: 6672), BADBABA, Eat, Eat
(num: 6673), BADBABA, leaves, leaves
(num: 6674), BADBABA
(num: 6675), BADBABA
(num: 6676), BADBABA, syllables, w, w, Didnt, Didnt, storage
(num: 6677), BADBABA, Jusst, mop, Silver, Silver
(num: 6678), BADBABA, How, Moria, Moria, boxes, boxes
(num: 6679), BADBABA, cover, cover
(num: 6680), BADBABA, recess, recess, cudgel
(num: 6681), BADBABA, unconcernedly, rk
(num: 6682), BADBABA, faster, faster
(num: 6683), BADBABA
(num: 6684), BADBABA, pins, pins
(num: 6685), BADBABA, doorpost
(num: 6686), BADBABA
(num: 6687), BADBABA, wove, wove
(num: 6688), BADBABA, But, But, wading, wading
(num: 6689), BADBABA, hanging, hanging, woken, woken
(num: 6690), BADBABA, children, children, Strike
(num: 6691), BADBABA, musical, musical
(num: 6692), BADBABA
(num: 6693), BADBABA, twofooted
(num: 6694), BADBABA, esquires
(num: 6695), BADBABA, Stray
(num: 6696), BADBABA, promptly
(num: 6697), BADBABA, sparingly, sparingly
(num: 6698), BADBABA
(num: 6699), BADBABA
(num: 6700), BADBABA, Thatglass
(num: 6701), BADBABA, nothingand, whimpered, whimpered
(num: 6702), BADBABA
(num: 6703), BADBABA, detail, hoarsely
(num: 6704), BADBABA, depended
(num: 6705), BADBABA
(num: 6706), BADBABA, shimmered, shimmered, outmatch
(num: 6707), BADBABA
(num: 6708), BADBABA
(num: 6709), BADBABA, multiply, multiply, usefulif
(num: 6710), BADBABA
(num: 6711), BADBABA, helped, helped, Saruman, Saruman
(num: 6712), BADBABA
(num: 6713), BADBABA, pure, pure, hideous, hideous
(num: 6714), BADBABA, awe, awe
(num: 6715), BADBABA
(num: 6716), BADBABA, carpeted, Elfhavens
(num: 6717), BADBABA, tomb, tomb
(num: 6718), BADBABA, itself, itself
(num: 6719), BADBABA
(num: 6720), BADBABA, twitter, thorny, thorny
(num: 6721), BADBABA, quench, quench, ringmail
(num: 6722), BADBABA, Butterbur, Butterbur, vents, vents
(num: 6723), BADBABA, chafes
(num: 6724), BADBABA, grasp, grasp
(num: 6725), BADBABA, terrible, terrible
(num: 6726), BADBABA, cups, cups, breaks, breaks
(num: 6727), BADBABA
(num: 6728), BADBABA, Stockbrook
(num: 6729), BADBABA, midsummers, midsummers, rescued, rescued, Breelander
(num: 6730), BADBABA
(num: 6731), BADBABA, dust, dust, trouser, orcband, orcband
(num: 6732), BADBABA, sunset, sunset, sixteen
(num: 6733), BADBABA
(num: 6734), BADBABA, Spoons, widemouthed
(num: 6735), BADBABA
(num: 6736), BADBABA
(num: 6737), BADBABA, urchins
(num: 6738), BADBABA, goblincities
(num: 6739), BADBABA, appealed
(num: 6740), BADBABA, Out, Out
(num: 6741), BADBABA
(num: 6742), BADBABA
(num: 6743), BADBABA, helmet, freer
(num: 6744), BADBABA, elderly, Goldberrys, dully, dully
(num: 6745), BADBABA
(num: 6746), BADBABA, left, left
(num: 6747), BADBABA, hobbitmay, Council, Council, Anyone, Anyone
(num: 6748), BADBABA, wiping, wiping
(num: 6749), BADBABA, saddlebow
(num: 6750), BADBABA, darker, darker
(num: 6751), BADBABA, carry, carry, gallopers
(num: 6752), BADBABA
(num: 6753), BADBABA, tunnelling, tunnelling, havens, rapids, rapids
(num: 6754), BADBABA
(num: 6755), BADBABA, sayings, advise, advise
(num: 6756), BADBABA, enthralled
(num: 6757), BADBABA
(num: 6758), BADBABA, wrecked
(num: 6759), BADBABA
(num: 6760), BADBABA
(num: 6761), BADBABA
(num: 6762), BADBABA, theerchest, ilyl
(num: 6763), BADBABA, Lonelands, Lonelands, immeasurably, immeasurably
(num: 6764), BADBABA
(num: 6765), BADBABA
(num: 6766), BADBABA
(num: 6767), BADBABA, spiriting, inaudible, inaudible, unfigured, Gave
(num: 6768), BADBABA, child, child, hummed, hummed, clippetyclippelyclip, enlarging
(num: 6769), BADBABA
(num: 6770), BADBABA, ears, ears, marble, marble
(num: 6771), BADBABA, myrtles
(num: 6772), BADBABA, borrower, safeconduct
(num: 6773), BADBABA
(num: 6774), BADBABA, Away, Away
(num: 6775), BADBABA, creek
(num: 6776), BADBABA, snufflers
(num: 6777), BADBABA, The, The
(num: 6778), BADBABA, tale, tale
(num: 6779), BADBABA, weariness, weariness, outrunning
(num: 6780), BADBABA
(num: 6781), BADBABA, fright, fright
(num: 6782), BADBABA, loaded
(num: 6783), BADBABA, dwarfhoards
(num: 6784), BADBABA
(num: 6785), BADBABA
(num: 6786), BADBABA, portents, fantasy
(num: 6787), BADBABA, taptap
(num: 6788), BADBABA
(num: 6789), BADBABA, gable
(num: 6790), BADBABA, suggestion
(num: 6791), BADBABA, theyve, theyve
(num: 6792), BADBABA, snivelling, snivelling
(num: 6793), BADBABA, Thing, Thing
(num: 6794), BADBABA
(num: 6795), BADBABA, older, older
(num: 6796), BADBABA, ourselves, ourselves
(num: 6797), BADBABA, thanks, thanks, Revenge, Revenge
(num: 6798), BADBABA
(num: 6799), BADBABA, bendable
(num: 6800), BADBABA, bowing, bowing
(num: 6801), BADBABA, wellnigh, premonition
(num: 6802), BADBABA, disturbed, disturbed, Unseen
(num: 6803), BADBABA
(num: 6804), BADBABA, farewell, farewell, ample
(num: 6805), BADBABA, alcoves, alcoves
(num: 6806), BADBABA, poisoned, poisoned
(num: 6807), BADBABA, pocketses, pocketses
(num: 6808), BADBABA, wrested
(num: 6809), BADBABA, peace, peace, strove, strove
(num: 6810), BADBABA
(num: 6811), BADBABA, revolving
(num: 6812), BADBABA, tumults
(num: 6813), BADBABA, Mens, Mens
(num: 6814), BADBABA
(num: 6815), BADBABA
(num: 6816), BADBABA
(num: 6817), BADBABA, Trover
(num: 6818), BADBABA, chosen, chosen, perceived, perceived, Wheew
(num: 6819), BADBABA, Westfarthing, Westfarthing, cr, cr
(num: 6820), BADBABA, receded, receded
(num: 6821), BADBABA, Rest, Rest
(num: 6822), BADBABA, ravines, Any, Any, overhearing
(num: 6823), BADBABA, stone, stone, OWN, gangrels
(num: 6824), BADBABA, shoulders, shoulders, dearly, dearly, i, i, woollypated
(num: 6825), BADBABA
(num: 6826), BADBABA, pretty, pretty, turretstair
(num: 6827), BADBABA
(num: 6828), BADBABA
(num: 6829), BADBABA, firmness, bt
(num: 6830), BADBABA, splendid, splendid, test, test, freezes
(num: 6831), BADBABA
(num: 6832), BADBABA, regrettable, Angbor, Angbor
(num: 6833), BADBABA, braying, braying, Lifting
(num: 6834), BADBABA, whisked, whisked
(num: 6835), BADBABA, elvenvoices, oliphaunts, oliphaunts
(num: 6836), BADBABA, Answer, Answer
(num: 6837), BADBABA
(num: 6838), BADBABA, elaborate
(num: 6839), BADBABA, angered, angered
(num: 6840), BADBABA, fourteenth, fourteenth, Gladden, Gladden
(num: 6841), BADBABA
(num: 6842), BADBABA, fainthearted
(num: 6843), BADBABA
(num: 6844), BADBABA, Or, Or
(num: 6845), BADBABA
(num: 6846), BADBABA
(num: 6847), BADBABA, bewitchment, bewitchment
(num: 6848), BADBABA, pinewood
(num: 6849), BADBABA, taught, taught
(num: 6850), BADBABA
(num: 6851), BADBABA
(num: 6852), BADBABA
(num: 6853), BADBABA, hoom, hoom, orcblood
(num: 6854), BADBABA, solemnities
(num: 6855), BADBABA
(num: 6856), BADBABA, gel, bought, bought, Ljofa
(num: 6857), BADBABA
(num: 6858), BADBABA, snailcovered
(num: 6859), BADBABA, Moons, Moons
(num: 6860), BADBABA, mastered, mastered
(num: 6861), BADBABA, tamarisk
(num: 6862), BADBABA, flames, flames, depleted
(num: 6863), BADBABA
(num: 6864), BADBABA, geography, geography
(num: 6865), BADBABA
(num: 6866), BADBABA, attackers
(num: 6867), BADBABA, wearier, wearier
(num: 6868), BADBABA, pots, pots
(num: 6869), BADBABA, bruised, bruised
(num: 6870), BADBABA
(num: 6871), BADBABA, outlier, outlier
(num: 6872), BADBABA, tried, tried, hatch
(num: 6873), BADBABA, whirled, whirled
(num: 6874), BADBABA, Anxiety, closeted
(num: 6875), BADBABA
(num: 6876), BADBABA, count, count, unwrought, unwrought, Ringmaker, bearing, bearing
(num: 6877), BADBABA, handsomely, handsomely
(num: 6878), BADBABA
(num: 6879), BADBABA, foreboding, foreboding
(num: 6880), BADBABA
(num: 6881), BADBABA, squared, eighteen, Clipclop, lasts, lasts
(num: 6882), BADBABA
(num: 6883), BADBABA, tinged, assembling, Treebeards, Treebeards, walker
(num: 6884), BADBABA
(num: 6885), BADBABA, countryside, countryside
(num: 6886), BADBABA, Breemen
(num: 6887), BADBABA, beats, beats, blackfeathered
(num: 6888), BADBABA
(num: 6889), BADBABA, foreshadow, p, ju
(num: 6890), BADBABA, steeple, ointment, browngreen
(num: 6891), BADBABA
(num: 6892), BADBABA, post, post
(num: 6893), BADBABA, Bifur, Bifur
(num: 6894), BADBABA, beloved, beloved, lustily
(num: 6895), BADBABA, describing, describing, college
(num: 6896), BADBABA, courts, courts
(num: 6897), BADBABA, straggle, flets, unburied
(num: 6898), BADBABA, melts
(num: 6899), BADBABA, Yale
(num: 6900), BADBABA, lots, lots, dragonsickness, ooze, ooze
(num: 6901), BADBABA
(num: 6902), BADBABA
(num: 6903), BADBABA, drum, drum
(num: 6904), BADBABA
(num: 6905), BADBABA, History, History, heraldry, heraldry
(num: 6906), BADBABA, country, Two, Two, aided, aided
(num: 6907), BADBABA
(num: 6908), BADBABA
(num: 6909), BADBABA, hilltop, hilltop
(num: 6910), BADBABA
(num: 6911), BADBABA
(num: 6912), BADBABA
(num: 6913), BADBABA
(num: 6914), BADBABA, spiderwebs
(num: 6915), BADBABA
(num: 6916), BADBABA
(num: 6917), BADBABA, gunpowder, Springtime
(num: 6918), BADBABA, hemlocks, hemlocks, blessedly
(num: 6919), BADBABA, subterranean, subterranean
(num: 6920), BADBABA, garb
(num: 6921), BADBABA, wolf, wolf, Weariness, clearings
(num: 6922), BADBABA, devastating
(num: 6923), BADBABA, Apriland
(num: 6924), BADBABA, amount, fortnights, Gwaihir, Gwaihir, Vividly
(num: 6925), BADBABA
(num: 6926), BADBABA, boar, boar
(num: 6927), BADBABA
(num: 6928), BADBABA, uproar, uproar
(num: 6929), BADBABA
(num: 6930), BADBABA
(num: 6931), BADBABA
(num: 6932), BADBABA, glen, glen
(num: 6933), BADBABA
(num: 6934), BADBABA, crows, crows, Glorfindels
(num: 6935), BADBABA, merely, merely
(num: 6936), BADBABA
(num: 6937), BADBABA
(num: 6938), BADBABA, drumshaped, pleaded
(num: 6939), BADBABA, overcome, overcome, courteously, courteously
(num: 6940), BADBABA, lamplight
(num: 6941), BADBABA, mosses, displaying
(num: 6942), BADBABA, delightedly, delightedly
(num: 6943), BADBABA, gone, gone, office, office
(num: 6944), BADBABA, tumbling, tumbling, Hobbitonbred
(num: 6945), BADBABA
(num: 6946), BADBABA, kettle, marvellous, marvellous, Partings, unwilling, unwilling, outskirts
(num: 6947), BADBABA, Hirgon, Hirgon
(num: 6948), BADBABA, Rhyn, instruct, instruct, unthanked
(num: 6949), BADBABA, olivecoloured
(num: 6950), BADBABA
(num: 6951), BADBABA, butterfly, enjoying, enjoying
(num: 6952), BADBABA, Peopleand
(num: 6953), BADBABA
(num: 6954), BADBABA, Also, Also
(num: 6955), BADBABA, Magnificence, adopt, adopt
(num: 6956), BADBABA, wayside
(num: 6957), BADBABA, tubeshaped, wand, wand
(num: 6958), BADBABA, morn, morn, dawdling
(num: 6959), BADBABA, got, got, betrayed, betrayed
(num: 6960), BADBABA, stonework, stonework
(num: 6961), BADBABA
(num: 6962), BADBABA, Twelve, Twelve
(num: 6963), BADBABA, durstnt, durstnt, Hinder
(num: 6964), BADBABA, agreements, harried
(num: 6965), BADBABA, appreciatively
(num: 6966), BADBABA, blast, blast
(num: 6967), BADBABA
(num: 6968), BADBABA
(num: 6969), BADBABA
(num: 6970), BADBABA, vast, vast, Celebrimbor, Celebrimbor
(num: 6971), BADBABA, et, et
(num: 6972), BADBABA, Overcome
(num: 6973), BADBABA, Elbereth, Elbereth, jingling, denial
(num: 6974), BADBABA
(num: 6975), BADBABA, Steeds
(num: 6976), BADBABA
(num: 6977), BADBABA, beneath, beneath
(num: 6978), BADBABA, Beyond, Beyond
(num: 6979), BADBABA, slipping, slipping, Skulls
(num: 6980), BADBABA
(num: 6981), BADBABA, doubled, cracker, cracker
(num: 6982), BADBABA, Charging
(num: 6983), BADBABA, byres
(num: 6984), BADBABA, item, item
(num: 6985), BADBABA, filed, filed
(num: 6986), BADBABA
(num: 6987), BADBABA, prow, prow
(num: 6988), BADBABA, dividing, dividing
(num: 6989), BADBABA, snare, snare
(num: 6990), BADBABA, mouthful, east, east
(num: 6991), BADBABA
(num: 6992), BADBABA, reduce, ached, ached
(num: 6993), BADBABA, Sandyman, Sandyman, plots, plots
(num: 6994), BADBABA, ask, ask
(num: 6995), BADBABA
(num: 6996), BADBABA, daffadowndilly
(num: 6997), BADBABA
(num: 6998), BADBABA, quietness
(num: 6999), BADBABA, Huggins, tralalalally, thirteenand
(num: 7000), BADBABA, bags, poetical, Shrivel, Shrivel
(num: 7001), BADBABA, highseat
(num: 7002), BADBABA
(num: 7003), BADBABA
(num: 7004), BADBABA, Guthlbf, Guthlbf
(num: 7005), BADBABA, ponyrides
(num: 7006), BADBABA
(num: 7007), BADBABA, dumbfounded, burden, burden, therell
(num: 7008), BADBABA, anything, anything, performed
(num: 7009), BADBABA, offensive, Nob, Nob
(num: 7010), BADBABA
(num: 7011), BADBABA, forebode, forebode
(num: 7012), BADBABA
(num: 7013), BADBABA, notice, notice, offer, Christmas, snails, snails
(num: 7014), BADBABA, driven, driven
(num: 7015), BADBABA
(num: 7016), BADBABA, elfsword, elfsword
(num: 7017), BADBABA, meet, meet, readiness, readiness, Flinging
(num: 7018), BADBABA, raftsteerers, sweetspoken, fortysecond
(num: 7019), BADBABA
(num: 7020), BADBABA, Hell, Hell, heeded, heeded
(num: 7021), BADBABA, knew, favourite, favourite
(num: 7022), BADBABA, attends
(num: 7023), BADBABA
(num: 7024), BADBABA
(num: 7025), BADBABA, huts, huts, dusty, dusty
(num: 7026), BADBABA
(num: 7027), BADBABA, speaker, sober, sober, Pits, Pits
(num: 7028), BADBABA, drenched, drenched, sends, sends
(num: 7029), BADBABA
(num: 7030), BADBABA, slowclimbing, Consider, Consider
(num: 7031), BADBABA, hillside, hillside, tingled, beans, beans
(num: 7032), BADBABA, praps, rise, rise
(num: 7033), BADBABA, Hamfasts, Hamfasts
(num: 7034), BADBABA
(num: 7035), BADBABA, devour, birches, birches
(num: 7036), BADBABA, dragonguarded
(num: 7037), BADBABA, granted, tying, tying
(num: 7038), BADBABA
(num: 7039), BADBABA, stolen, stolen
(num: 7040), BADBABA, formerly, formerly, hobbitcare
(num: 7041), BADBABA
(num: 7042), BADBABA, outposts
(num: 7043), BADBABA
(num: 7044), BADBABA, Eventually, Eventually, Wholesome
(num: 7045), BADBABA
(num: 7046), BADBABA, Queen, Queen
(num: 7047), BADBABA
(num: 7048), BADBABA, cherish, Kingship
(num: 7049), BADBABA, overwhelmed, overwhelmed
(num: 7050), BADBABA, Hrin, Hrin
(num: 7051), BADBABA
(num: 7052), BADBABA, misdoubt, Greetings, Greetings
(num: 7053), BADBABA, Wraiths, Wraiths
(num: 7054), BADBABA, Already, Already
(num: 7055), BADBABA
(num: 7056), BADBABA, Beware, Beware, distorted, distorted, servitude
(num: 7057), BADBABA
(num: 7058), BADBABA, bells, bells
(num: 7059), BADBABA, treestems, treestems
(num: 7060), BADBABA
(num: 7061), BADBABA, watchman, watchman, strapped, strapped
(num: 7062), BADBABA, fording, fording
(num: 7063), BADBABA
(num: 7064), BADBABA, diningroom, diningroom, Back, Back, sipped, unclouded
(num: 7065), BADBABA, sizes, sizes
(num: 7066), BADBABA, ADMITTANCE, plainer, plainer
(num: 7067), BADBABA, architecture, Helm, Helm
(num: 7068), BADBABA, Hidden, Hidden
(num: 7069), BADBABA, Isengarders, Isengarders
(num: 7070), BADBABA
(num: 7071), BADBABA, heat, heat
(num: 7072), BADBABA, concern, concern, Grnma, Grnma
(num: 7073), BADBABA, hers, hers
(num: 7074), BADBABA
(num: 7075), BADBABA, At, At, snowed, snowed, cringed, fighter, fighter
(num: 7076), BADBABA, until, until, Dior, Dior
(num: 7077), BADBABA
(num: 7078), BADBABA, wept, wept
(num: 7079), BADBABA, Sunday, Sunday
(num: 7080), BADBABA
(num: 7081), BADBABA, Make, Make
(num: 7082), BADBABA, Theyre, Theyre
(num: 7083), BADBABA
(num: 7084), BADBABA, crosslegged, embattled, embattled
(num: 7085), BADBABA, weave, weave, dissemble
(num: 7086), BADBABA, sap, sap
(num: 7087), BADBABA, record, record
(num: 7088), BADBABA
(num: 7089), BADBABA, rockshadows, Orcs, Orcs
(num: 7090), BADBABA, none, none
(num: 7091), BADBABA
(num: 7092), BADBABA, eyebrows, eyebrows
(num: 7093), BADBABA, foodsupplies, onebut, baggagepony, pounding, lengthwise, Folcwine
(num: 7094), BADBABA, unshadowed
(num: 7095), BADBABA
(num: 7096), BADBABA, lengthening, lengthening
(num: 7097), BADBABA
(num: 7098), BADBABA, unnecessarily, longlost, gah
(num: 7099), BADBABA, Help, Help
(num: 7100), BADBABA, largish
(num: 7101), BADBABA, depth, depth, spit, skipping, strolling
(num: 7102), BADBABA
(num: 7103), BADBABA, gasp, gasp, Elvenrings, Elvenrings
(num: 7104), BADBABA
(num: 7105), BADBABA, obviously, obviously, During, During
(num: 7106), BADBABA, unharmed, unharmed
(num: 7107), BADBABA
(num: 7108), BADBABA, Gilrain, Gilrain
(num: 7109), BADBABA
(num: 7110), BADBABA
(num: 7111), BADBABA
(num: 7112), BADBABA
(num: 7113), BADBABA, plenty, plenty, overhear, probe, uncertainty, uncertainty
(num: 7114), BADBABA, Ungoliant
(num: 7115), BADBABA, smiles
(num: 7116), BADBABA, duckpond, ing, ing
(num: 7117), BADBABA, fork, fork
(num: 7118), BADBABA, pickles
(num: 7119), BADBABA, bundle, bundle, imprisonment, imprisonment, disembarked, hues, hues
(num: 7120), BADBABA
(num: 7121), BADBABA, landing, landing
(num: 7122), BADBABA
(num: 7123), BADBABA, glowed, glowed
(num: 7124), BADBABA, Departure, Departure, elventower
(num: 7125), BADBABA
(num: 7126), BADBABA
(num: 7127), BADBABA
(num: 7128), BADBABA
(num: 7129), BADBABA, down, down, wizard, wizard
(num: 7130), BADBABA
(num: 7131), BADBABA, mighthavebeens
(num: 7132), BADBABA, slanting, slanting, nightfall, nightfall, column
(num: 7133), BADBABA, Amazement
(num: 7134), BADBABA, mornings, mornings
(num: 7135), BADBABA
(num: 7136), BADBABA
(num: 7137), BADBABA
(num: 7138), BADBABA, steal, steal, rainbow, rainbow, paint
(num: 7139), BADBABA
(num: 7140), BADBABA, herds, hopping, hopping
(num: 7141), BADBABA
(num: 7142), BADBABA
(num: 7143), BADBABA
(num: 7144), BADBABA, dang
(num: 7145), BADBABA, Ponies, Ponies, forfeit, forfeit
(num: 7146), BADBABA, burgwall
(num: 7147), BADBABA, screws
(num: 7148), BADBABA, constructed
(num: 7149), BADBABA, bowls, bowls, regret, regret
(num: 7150), BADBABA, magic, magic
(num: 7151), BADBABA, sharpened, sharpened, wreathed, yulma
(num: 7152), BADBABA, burdens, burdens
(num: 7153), BADBABA, thanked, thanked, hamlets
(num: 7154), BADBABA
(num: 7155), BADBABA, Search, Search, kingship, kingship
(num: 7156), BADBABA, Wondering, servingwoman
(num: 7157), BADBABA
(num: 7158), BADBABA, denying, denying
(num: 7159), BADBABA
(num: 7160), BADBABA
(num: 7161), BADBABA, sue
(num: 7162), BADBABA
(num: 7163), BADBABA, hose, hose
(num: 7164), BADBABA
(num: 7165), BADBABA, Underhills, Underhills
(num: 7166), BADBABA
(num: 7167), BADBABA
(num: 7168), BADBABA, borrowed, gladly, gladly, erring, erring, shoots
(num: 7169), BADBABA, powers, powers, mattered, coldgleaming
(num: 7170), BADBABA
(num: 7171), BADBABA, needing
(num: 7172), BADBABA
(num: 7173), BADBABA
(num: 7174), BADBABA, unashamed
(num: 7175), BADBABA, harped, harped, quietlike
(num: 7176), BADBABA, ship, ship
(num: 7177), BADBABA, law, law
(num: 7178), BADBABA, They, They, minded, orcwork
(num: 7179), BADBABA
(num: 7180), BADBABA, harbours, harbours
(num: 7181), BADBABA, undertook, believes, smiting, smiting, Whips
(num: 7182), BADBABA, nowadays, nowadays
(num: 7183), BADBABA
(num: 7184), BADBABA, exerted
(num: 7185), BADBABA, described, described, awoke, awoke, Beren, Beren, splitting, splitting, Pickthorn
(num: 7186), BADBABA, fiddle, fiddle
(num: 7187), BADBABA
(num: 7188), BADBABA, battlecries
(num: 7189), BADBABA, subsided, subsided
(num: 7190), BADBABA, whirr
(num: 7191), BADBABA, fortune, fortune, brace
(num: 7192), BADBABA, errandless
(num: 7193), BADBABA
(num: 7194), BADBABA
(num: 7195), BADBABA
(num: 7196), BADBABA
(num: 7197), BADBABA, corrupt
(num: 7198), BADBABA, Travellers, Travellers
(num: 7199), BADBABA, happier, happier
(num: 7200), BADBABA, wants, wants
(num: 7201), BADBABA
(num: 7202), BADBABA
(num: 7203), BADBABA, hinted
(num: 7204), BADBABA
(num: 7205), BADBABA
(num: 7206), BADBABA
(num: 7207), BADBABA, throws, throws
(num: 7208), BADBABA, cling, cling
(num: 7209), BADBABA
(num: 7210), BADBABA, terror, terror, Book, Book, colonists
(num: 7211), BADBABA, daggers
(num: 7212), BADBABA
(num: 7213), BADBABA, fresh, fresh
(num: 7214), BADBABA, impossible, impossible, deserved, deserved
(num: 7215), BADBABA, Carnimnril, Carnimnril
(num: 7216), BADBABA
(num: 7217), BADBABA, pretending, pretending
(num: 7218), BADBABA, cool, cool
(num: 7219), BADBABA
(num: 7220), BADBABA, surprised, surprised, start, start
(num: 7221), BADBABA
(num: 7222), BADBABA, Forsaken, Fangor
(num: 7223), BADBABA
(num: 7224), BADBABA
(num: 7225), BADBABA, marshs
(num: 7226), BADBABA, entrance, entrance
(num: 7227), BADBABA, puffing, brother, brother, dragontalk, ribbon, ribbon, elvenstrands
(num: 7228), BADBABA, reappearance
(num: 7229), BADBABA
(num: 7230), BADBABA, Riverwomans
(num: 7231), BADBABA
(num: 7232), BADBABA, frighten, warren, truncheon, likenesses, likenesses
(num: 7233), BADBABA
(num: 7234), BADBABA
(num: 7235), BADBABA
(num: 7236), BADBABA, answering, answering, offers, Ape
(num: 7237), BADBABA, benighted, unbuckled
(num: 7238), BADBABA
(num: 7239), BADBABA, corners, corners, downward, downward, oddly, slacken, bushshrouded
(num: 7240), BADBABA
(num: 7241), BADBABA, varied, varied, rout, rout
(num: 7242), BADBABA
(num: 7243), BADBABA
(num: 7244), BADBABA
(num: 7245), BADBABA, distressed, bordered, bordered, wrench, wrench, Twitching
(num: 7246), BADBABA, ropes, ropes, illkept
(num: 7247), BADBABA, halfhumorous
(num: 7248), BADBABA, crumbs, crumbs, surpass
(num: 7249), BADBABA
(num: 7250), BADBABA, ear, desolation, desolation, fumbling, fumbling
(num: 7251), BADBABA
(num: 7252), BADBABA, Duinhir
(num: 7253), BADBABA
(num: 7254), BADBABA, spread, spread, growled, growled, inexperienced
(num: 7255), BADBABA, after, after, hospitable, hospitable
(num: 7256), BADBABA, NorthWest
(num: 7257), BADBABA, handiwork, diffused
(num: 7258), BADBABA
(num: 7259), BADBABA, whine, whine, quarries
(num: 7260), BADBABA
(num: 7261), BADBABA, response, response
(num: 7262), BADBABA
(num: 7263), BADBABA, window, window
(num: 7264), BADBABA, completely, completely
(num: 7265), BADBABA, tubtrading, Peak
(num: 7266), BADBABA, hare, hare
(num: 7267), BADBABA, pushedin
(num: 7268), BADBABA, silences, eluding
(num: 7269), BADBABA, BilboBilboBilbobobobo
(num: 7270), BADBABA, scripts, thickened, sued
(num: 7271), BADBABA, cavemouth
(num: 7272), BADBABA, touchesto, confessed, confessed
(num: 7273), BADBABA, fair, fair
(num: 7274), BADBABA
(num: 7275), BADBABA
(num: 7276), BADBABA
(num: 7277), BADBABA, grieving, Sammie, Gladly
(num: 7278), BADBABA
(num: 7279), BADBABA, muddy, muddy, Rills
(num: 7280), BADBABA
(num: 7281), BADBABA
(num: 7282), BADBABA
(num: 7283), BADBABA, demented
(num: 7284), BADBABA, profits, profits
(num: 7285), BADBABA
(num: 7286), BADBABA, kindheartedly, wraiths, wraiths
(num: 7287), BADBABA, Would, Would, dimlit
(num: 7288), BADBABA, parley, parley, insult
(num: 7289), BADBABA
(num: 7290), BADBABA, soonest
(num: 7291), BADBABA, greenbordered
(num: 7292), BADBABA, Folco, Folco
(num: 7293), BADBABA, Hot, Hot
(num: 7294), BADBABA, Knowing, Warning, Warning
(num: 7295), BADBABA, fizzling
(num: 7296), BADBABA, hellhawks
(num: 7297), BADBABA, tenfingered
(num: 7298), BADBABA, orcmarch
(num: 7299), BADBABA, beetles, beetles
(num: 7300), BADBABA, straggled, overburdened
(num: 7301), BADBABA, Losst, nut, nut, Mean
(num: 7302), BADBABA, scale, scale, dregs
(num: 7303), BADBABA, Undumiel, narrows, narrows
(num: 7304), BADBABA, longforgotten, overheard, overheard, grasshopper
(num: 7305), BADBABA, dangerous, dangerous, Tarmenel
(num: 7306), BADBABA, Beleriand, Beleriand
(num: 7307), BADBABA, reminds, reminds
(num: 7308), BADBABA, hour, hour, ofof, weapontake, weapontake, Yule, Yule
(num: 7309), BADBABA, watertoo, suns, Fredegar, Fredegar, spoiling, spoiling
(num: 7310), BADBABA
(num: 7311), BADBABA, Cob, fillet
(num: 7312), BADBABA, beard, beard, Raise
(num: 7313), BADBABA, occurs
(num: 7314), BADBABA, Entwade, Entwade, Prudence
(num: 7315), BADBABA
(num: 7316), BADBABA, Stonefolks
(num: 7317), BADBABA
(num: 7318), BADBABA, overlooked, overlooked
(num: 7319), BADBABA
(num: 7320), BADBABA, absolutely, absolutely, floods, floods, restraint
(num: 7321), BADBABA, wolfallies
(num: 7322), BADBABA, drink, drink
(num: 7323), BADBABA
(num: 7324), BADBABA
(num: 7325), BADBABA
(num: 7326), BADBABA
(num: 7327), BADBABA, Foes, Foes
(num: 7328), BADBABA
(num: 7329), BADBABA, Wings
(num: 7330), BADBABA, mercy, mercy, colder, colder
(num: 7331), BADBABA, stealth, stealth
(num: 7332), BADBABA, reverend
(num: 7333), BADBABA, Marches, Marches
(num: 7334), BADBABA
(num: 7335), BADBABA, remembered, remembered, shrubs, shrubs
(num: 7336), BADBABA, whim
(num: 7337), BADBABA, commanded, commanded
(num: 7338), BADBABA
(num: 7339), BADBABA, surrounds, firth, firth
(num: 7340), BADBABA, regard, regard
(num: 7341), BADBABA, including, including, takes, takes
(num: 7342), BADBABA, balanced, widening, widening
(num: 7343), BADBABA, charming, charming
(num: 7344), BADBABA
(num: 7345), BADBABA, s, s
(num: 7346), BADBABA, shelves, shelves
(num: 7347), BADBABA, clicked, clicked
(num: 7348), BADBABA, Miss, Miss
(num: 7349), BADBABA, Makes, Makes
(num: 7350), BADBABA, wanderings, wanderings
(num: 7351), BADBABA, rush, rush
(num: 7352), BADBABA, nuncle, nuncle
(num: 7353), BADBABA, Kings, coiled, coiled, chariots, Unnamed, Unnamed
(num: 7354), BADBABA
(num: 7355), BADBABA
(num: 7356), BADBABA, moist, moist, Morannon, Morannon
(num: 7357), BADBABA
(num: 7358), BADBABA
(num: 7359), BADBABA, able, able, vegetables, Feast
(num: 7360), BADBABA, directed, directed
(num: 7361), BADBABA, Mines, Mines, llo
(num: 7362), BADBABA
(num: 7363), BADBABA
(num: 7364), BADBABA, golden, golden
(num: 7365), BADBABA, meads, meads
(num: 7366), BADBABA
(num: 7367), BADBABA, putting, putting, Paths, Paths
(num: 7368), BADBABA, excavation
(num: 7369), BADBABA
(num: 7370), BADBABA, sniffing, sniffing, farseeing, farseeing
(num: 7371), BADBABA
(num: 7372), BADBABA
(num: 7373), BADBABA, watcher
(num: 7374), BADBABA, wing, wing, studies
(num: 7375), BADBABA, enough, enough
(num: 7376), BADBABA, areand
(num: 7377), BADBABA, unpacking
(num: 7378), BADBABA
(num: 7379), BADBABA, Aiya, Aiya
(num: 7380), BADBABA, impotent
(num: 7381), BADBABA, savour, savour
(num: 7382), BADBABA
(num: 7383), BADBABA
(num: 7384), BADBABA, rushed, rushed, shed, shed, Throne
(num: 7385), BADBABA, trollcountry
(num: 7386), BADBABA, measuring, wha, Orodruins, aghast, aghast
(num: 7387), BADBABA, Lost, wafted
(num: 7388), BADBABA, Singing
(num: 7389), BADBABA, runner, bounds, bounds
(num: 7390), BADBABA, twentyfirst, behaviour, behaviour
(num: 7391), BADBABA, huntingbows
(num: 7392), BADBABA
(num: 7393), BADBABA
(num: 7394), BADBABA
(num: 7395), BADBABA, fretting, fretting
(num: 7396), BADBABA
(num: 7397), BADBABA
(num: 7398), BADBABA
(num: 7399), BADBABA, nibbling, livings, marjoram, satisfactory, fittingly, flickers
(num: 7400), BADBABA
(num: 7401), BADBABA, Living, Living
(num: 7402), BADBABA, sake, sake, moment, moment, fardistant
(num: 7403), BADBABA, Gets, Everything, Everything
(num: 7404), BADBABA, dismount
(num: 7405), BADBABA
(num: 7406), BADBABA
(num: 7407), BADBABA
(num: 7408), BADBABA
(num: 7409), BADBABA, almost, almost, carrying, carrying
(num: 7410), BADBABA, unused, unused, ga
(num: 7411), BADBABA, underparts
(num: 7412), BADBABA
(num: 7413), BADBABA, may, may, bed, bed, throttled, throttled, hearths, brideprice
(num: 7414), BADBABA, lifelong
(num: 7415), BADBABA, selected, selected
(num: 7416), BADBABA, wordless
(num: 7417), BADBABA, sailing, sailing, gems, gems, whetting
(num: 7418), BADBABA, quaked, quaked
(num: 7419), BADBABA, frying, Throttle, Throttle
(num: 7420), BADBABA
(num: 7421), BADBABA, possess, possess
(num: 7422), BADBABA
(num: 7423), BADBABA
(num: 7424), BADBABA
(num: 7425), BADBABA, From, From, masked, masked
(num: 7426), BADBABA
(num: 7427), BADBABA, availed
(num: 7428), BADBABA, literally, literally, numbskulls
(num: 7429), BADBABA
(num: 7430), BADBABA
(num: 7431), BADBABA
(num: 7432), BADBABA, trees, trees
(num: 7433), BADBABA
(num: 7434), BADBABA, agreement, agreement
(num: 7435), BADBABA, tempted, tempted, lumberroam
(num: 7436), BADBABA, brand, brand
(num: 7437), BADBABA
(num: 7438), BADBABA
(num: 7439), BADBABA
(num: 7440), BADBABA, softened, softened
(num: 7441), BADBABA
(num: 7442), BADBABA, disappointedly
(num: 7443), BADBABA, patrols, Believe, Believe, revenged, revenged, Frjawine
(num: 7444), BADBABA, stealthily, stealthily, fourteentwenty
(num: 7445), BADBABA
(num: 7446), BADBABA, unlike, unlike, ebbing
(num: 7447), BADBABA, loafs
(num: 7448), BADBABA
(num: 7449), BADBABA, steam, steam
(num: 7450), BADBABA, Northway, Northway
(num: 7451), BADBABA, strangest, strangest
(num: 7452), BADBABA, befall, befall
(num: 7453), BADBABA
(num: 7454), BADBABA, redstained, redstained, hacked
(num: 7455), BADBABA, gate, gate, belted
(num: 7456), BADBABA, zigzag, plunges
(num: 7457), BADBABA
(num: 7458), BADBABA
(num: 7459), BADBABA, replenish
(num: 7460), BADBABA, tablets
(num: 7461), BADBABA, relent
(num: 7462), BADBABA, chill, chill, forsake, forsake, hips
(num: 7463), BADBABA, gap, gap
(num: 7464), BADBABA, Who, Who
(num: 7465), BADBABA, Chiefs, Chiefs
(num: 7466), BADBABA, pondered, pondered, manfood, manfood
(num: 7467), BADBABA, unhappy, unhappy
(num: 7468), BADBABA, unabashed
(num: 7469), BADBABA
(num: 7470), BADBABA, furious, furious
(num: 7471), BADBABA, ravaged, ravaged
(num: 7472), BADBABA, gore
(num: 7473), BADBABA, breakfasttime
(num: 7474), BADBABA
(num: 7475), BADBABA, eel, citys
(num: 7476), BADBABA, mushrooms, mushrooms, mi
(num: 7477), BADBABA, sleeps, insulting
(num: 7478), BADBABA, Prancing, Prancing
(num: 7479), BADBABA
(num: 7480), BADBABA, thirsty, thirsty, reforged, reforged, draped
(num: 7481), BADBABA, stiff, stiff
(num: 7482), BADBABA, when, when, elvensong
(num: 7483), BADBABA, dozen, dozen, mould, mould, Limlight, Limlight, nailknife, mirage
(num: 7484), BADBABA
(num: 7485), BADBABA, acknowledged, Gum
(num: 7486), BADBABA, comb
(num: 7487), BADBABA, ledge, ledge, bayleaves, Whitwell
(num: 7488), BADBABA
(num: 7489), BADBABA, eavesdropping, russet
(num: 7490), BADBABA
(num: 7491), BADBABA, worker
(num: 7492), BADBABA
(num: 7493), BADBABA, Desolation, Desolation
(num: 7494), BADBABA, sore, sore, heathen, heathen
(num: 7495), BADBABA, em, em, meddle, meddle
(num: 7496), BADBABA, showing, blackened, blackened
(num: 7497), BADBABA, jostling, jostling, charging, charging
(num: 7498), BADBABA
(num: 7499), BADBABA, Rings, Rings
(num: 7500), BADBABA
(num: 7501), BADBABA
(num: 7502), BADBABA
(num: 7503), BADBABA
(num: 7504), BADBABA, ows
(num: 7505), BADBABA
(num: 7506), BADBABA, plunderers, plunderers
(num: 7507), BADBABA, alighted, alighted
(num: 7508), BADBABA, elvencakes
(num: 7509), BADBABA
(num: 7510), BADBABA, roots, roots, practice, practice, puckered, puckered
(num: 7511), BADBABA, stonestill, admiring, admiring
(num: 7512), BADBABA
(num: 7513), BADBABA, cower, cower
(num: 7514), BADBABA, risking, risking
(num: 7515), BADBABA, welling, welling, Deeping, Deeping
(num: 7516), BADBABA, Steel, Derufin, Derufin, alfirin
(num: 7517), BADBABA
(num: 7518), BADBABA, hooves, hooves
(num: 7519), BADBABA, Grimbeorn
(num: 7520), BADBABA, blue, blue
(num: 7521), BADBABA, middlenight, bucklers
(num: 7522), BADBABA
(num: 7523), BADBABA, uncloaked
(num: 7524), BADBABA, sawtoothed
(num: 7525), BADBABA
(num: 7526), BADBABA, recommendation
(num: 7527), BADBABA, untrodden
(num: 7528), BADBABA, warrant, guardian, guardian
(num: 7529), BADBABA, capital, capital, Wa, Ethir, Ethir, plead
(num: 7530), BADBABA, insisted, insisted, fertile, fertile
(num: 7531), BADBABA, gracious, gracious, blaming
(num: 7532), BADBABA
(num: 7533), BADBABA
(num: 7534), BADBABA, Running, Running, notably, Moved
(num: 7535), BADBABA, silks
(num: 7536), BADBABA
(num: 7537), BADBABA, Turning, Turning
(num: 7538), BADBABA, rebelled
(num: 7539), BADBABA
(num: 7540), BADBABA, congratulate, Slanting
(num: 7541), BADBABA, carcass
(num: 7542), BADBABA
(num: 7543), BADBABA, False
(num: 7544), BADBABA, elbows
(num: 7545), BADBABA, reverse
(num: 7546), BADBABA, dragonalluding, Elflords, Elflords
(num: 7547), BADBABA, ruinous, ruinous
(num: 7548), BADBABA, acknowledge, acknowledge
(num: 7549), BADBABA, giantwheels, cooler
(num: 7550), BADBABA
(num: 7551), BADBABA
(num: 7552), BADBABA, yestermorn
(num: 7553), BADBABA, tight, tight
(num: 7554), BADBABA, wagging, wagging, shadowsound
(num: 7555), BADBABA, rivertolls, gait
(num: 7556), BADBABA, Horncry
(num: 7557), BADBABA
(num: 7558), BADBABA
(num: 7559), BADBABA, cloaks, cloaks, orcraid, Dradan, Dradan, halfbowed
(num: 7560), BADBABA, dirtylooking
(num: 7561), BADBABA, Under, Under
(num: 7562), BADBABA
(num: 7563), BADBABA, finds, finds
(num: 7564), BADBABA, Stewed, shanks
(num: 7565), BADBABA
(num: 7566), BADBABA, honeycakes, faltering, faltering
(num: 7567), BADBABA, inquire
(num: 7568), BADBABA, involved, involved
(num: 7569), BADBABA
(num: 7570), BADBABA
(num: 7571), BADBABA, thereupon, thereupon
(num: 7572), BADBABA, Elventears
(num: 7573), BADBABA, vile, vile, scuffles
(num: 7574), BADBABA, theyll, theyll, tramping, tramping
(num: 7575), BADBABA, pairs, pairs
(num: 7576), BADBABA
(num: 7577), BADBABA, restingplace
(num: 7578), BADBABA
(num: 7579), BADBABA, autumn, autumn, ruthlessly
(num: 7580), BADBABA, stiffly, stiffly, Chief, Chief
(num: 7581), BADBABA
(num: 7582), BADBABA
(num: 7583), BADBABA, drowsed, drowsed
(num: 7584), BADBABA
(num: 7585), BADBABA, southwestern
(num: 7586), BADBABA, nds
(num: 7587), BADBABA
(num: 7588), BADBABA
(num: 7589), BADBABA
(num: 7590), BADBABA, glasses, glasses
(num: 7591), BADBABA
(num: 7592), BADBABA, major, swanprowed
(num: 7593), BADBABA, distance, distance, smokestreaked
(num: 7594), BADBABA, comfortablelooking, masses, masses
(num: 7595), BADBABA
(num: 7596), BADBABA, credit, credit
(num: 7597), BADBABA
(num: 7598), BADBABA
(num: 7599), BADBABA, civil, civil
(num: 7600), BADBABA, scowl, scowl
(num: 7601), BADBABA, haunted, Whispering
(num: 7602), BADBABA
(num: 7603), BADBABA, cave, cave
(num: 7604), BADBABA, battlement, battlement
(num: 7605), BADBABA, darkgreen, darkgreen, liveries
(num: 7606), BADBABA
(num: 7607), BADBABA, trapessing, trapessing
(num: 7608), BADBABA, desperately, desperately, Luni, campingplaces
(num: 7609), BADBABA, BARLIMAN
(num: 7610), BADBABA, manners, manners, mayor
(num: 7611), BADBABA, can, can, district, midday, midday
(num: 7612), BADBABA
(num: 7613), BADBABA, rewards, rewards
(num: 7614), BADBABA, Bribing
(num: 7615), BADBABA
(num: 7616), BADBABA, countrymen
(num: 7617), BADBABA, sheep, sheep, rounded, rounded, southeastward
(num: 7618), BADBABA
(num: 7619), BADBABA
(num: 7620), BADBABA
(num: 7621), BADBABA
(num: 7622), BADBABA, earthwards
(num: 7623), BADBABA
(num: 7624), BADBABA
(num: 7625), BADBABA, manysided
(num: 7626), BADBABA, ordinary, ordinary, summoned, survey, survey
(num: 7627), BADBABA, tipsy, tipsy, mountainsteps
(num: 7628), BADBABA
(num: 7629), BADBABA, undertake
(num: 7630), BADBABA, notions
(num: 7631), BADBABA
(num: 7632), BADBABA
(num: 7633), BADBABA, dizziness
(num: 7634), BADBABA, Thain, Thain, malice, malice, finch, Scary, Scary
(num: 7635), BADBABA, Crickhollow, Crickhollow, governed, governed
(num: 7636), BADBABA, sunny, sunny
(num: 7637), BADBABA, fouled, fouled
(num: 7638), BADBABA, encircling, encircling
(num: 7639), BADBABA, inside, inside
(num: 7640), BADBABA
(num: 7641), BADBABA
(num: 7642), BADBABA
(num: 7643), BADBABA, inquisitiveness, inquisitiveness, gnaws, gnaws
(num: 7644), BADBABA
(num: 7645), BADBABA, hollybush, tomorrows, tomorrows
(num: 7646), BADBABA
(num: 7647), BADBABA
(num: 7648), BADBABA, barn, barn
(num: 7649), BADBABA
(num: 7650), BADBABA, delving, ceded
(num: 7651), BADBABA, owe, Fladrif, Fladrif
(num: 7652), BADBABA
(num: 7653), BADBABA, misunderstand, misunderstand
(num: 7654), BADBABA, dazzlingly, orphans, groups, groups
(num: 7655), BADBABA, Beater, Beater
(num: 7656), BADBABA, Proudfoot, Proudfoot
(num: 7657), BADBABA, Guldur, Guldur
(num: 7658), BADBABA, scythe
(num: 7659), BADBABA
(num: 7660), BADBABA
(num: 7661), BADBABA, heading, heading
(num: 7662), BADBABA, writing, writing, Depart, Depart
(num: 7663), BADBABA
(num: 7664), BADBABA, retraced, retraced
(num: 7665), BADBABA, relied
(num: 7666), BADBABA, suddenly, suddenly, Dragons, Dragons, liable, liable
(num: 7667), BADBABA
(num: 7668), BADBABA, hi, readers, readers, aboard, sallow, sallow
(num: 7669), BADBABA
(num: 7670), BADBABA
(num: 7671), BADBABA, fawns, recovering, recovering
(num: 7672), BADBABA, contention, contention
(num: 7673), BADBABA, prosperity, prosperity, uncommon, whiffling
(num: 7674), BADBABA, tissuepaper, combs
(num: 7675), BADBABA, gainedwell, Light, Fourth
(num: 7676), BADBABA, conduct, crest, crest
(num: 7677), BADBABA, rascals, rascals
(num: 7678), BADBABA, Highelven
(num: 7679), BADBABA, fountain, fountain
(num: 7680), BADBABA, brain, Cram
(num: 7681), BADBABA, realize, realize
(num: 7682), BADBABA
(num: 7683), BADBABA, happens, happens, newhewn
(num: 7684), BADBABA, returned, returned, spearshaft
(num: 7685), BADBABA, pavilions, pavilions
(num: 7686), BADBABA, continues, estranged, estranged
(num: 7687), BADBABA, butcher, opposing
(num: 7688), BADBABA
(num: 7689), BADBABA, posed
(num: 7690), BADBABA
(num: 7691), BADBABA
(num: 7692), BADBABA, friendlythis
(num: 7693), BADBABA
(num: 7694), BADBABA, mythical
(num: 7695), BADBABA
(num: 7696), BADBABA, rock, rock, grassborder, lays
(num: 7697), BADBABA, limblithe
(num: 7698), BADBABA, much, much
(num: 7699), BADBABA
(num: 7700), BADBABA, blindly, blindly, Moreover, Moreover, parental
(num: 7701), BADBABA
(num: 7702), BADBABA, supply, supply
(num: 7703), BADBABA, Seek, Erestor, Erestor
(num: 7704), BADBABA, composed, composed
(num: 7705), BADBABA
(num: 7706), BADBABA, Disappearance, Nanduhirion, bloated, bloated
(num: 7707), BADBABA
(num: 7708), BADBABA, defiant, herons, herons
(num: 7709), BADBABA, queenly, ankle, ankle
(num: 7710), BADBABA, sirs, copy, copy, badgering
(num: 7711), BADBABA
(num: 7712), BADBABA, Dwarrowdelf, Dwarrowdelf
(num: 7713), BADBABA, daywell, praised, praised, bubble, bubble, wilds
(num: 7714), BADBABA, pitifully, pitifully
(num: 7715), BADBABA, bath, Pursuing, Pursuing, Snowmanes, trance
(num: 7716), BADBABA, miserable, miserable, dragonhoards, jingled, Legolas, Legolas
(num: 7717), BADBABA, shivery
(num: 7718), BADBABA, blackhaired, grassless
(num: 7719), BADBABA, lap, lap
(num: 7720), BADBABA, smite, smite
(num: 7721), BADBABA, battered, battered
(num: 7722), BADBABA, drawn, drawn, Through, Through, foolishness, foolishness
(num: 7723), BADBABA, halting, halting
(num: 7724), BADBABA, Moonletters, insisting
(num: 7725), BADBABA, Gnats
(num: 7726), BADBABA, straight, straight, sharper, sharper, commence, Thains, Thains
(num: 7727), BADBABA, swiftflying, ls
(num: 7728), BADBABA, sounder
(num: 7729), BADBABA
(num: 7730), BADBABA, woodmen, woodmen, Naught, Naught
(num: 7731), BADBABA
(num: 7732), BADBABA, brag
(num: 7733), BADBABA
(num: 7734), BADBABA
(num: 7735), BADBABA
(num: 7736), BADBABA, supple, supple, Hed, Hed
(num: 7737), BADBABA
(num: 7738), BADBABA, beaming, beaming, mindless
(num: 7739), BADBABA
(num: 7740), BADBABA, promising, promising, unnatural
(num: 7741), BADBABA
(num: 7742), BADBABA, approve, surlily
(num: 7743), BADBABA, shouldnt, shouldnt
(num: 7744), BADBABA, dismal, dismal
(num: 7745), BADBABA, contained, contained, Dwarfcoat
(num: 7746), BADBABA
(num: 7747), BADBABA
(num: 7748), BADBABA, significance, significance
(num: 7749), BADBABA, must, must, hast, wishes, wishes
(num: 7750), BADBABA, Hi, thisthe, stranded
(num: 7751), BADBABA, entreat
(num: 7752), BADBABA, paraphernalia, paraphernalia, stalked, stalked
(num: 7753), BADBABA, saw, saw
(num: 7754), BADBABA, breechespocket
(num: 7755), BADBABA, binding, binding
(num: 7756), BADBABA, refilled, refilled
(num: 7757), BADBABA, dwarfmake, whip, whip, spokesman
(num: 7758), BADBABA, no, no, barred, barred, pressed, pressed
(num: 7759), BADBABA
(num: 7760), BADBABA, dealer, Marigold
(num: 7761), BADBABA, Fill, Fill
(num: 7762), BADBABA
(num: 7763), BADBABA, ifs
(num: 7764), BADBABA
(num: 7765), BADBABA, red, red, stool, stool, Toothless, Road, Road
(num: 7766), BADBABA, far, far, blindfolded, blindfolded
(num: 7767), BADBABA, started, started, Glad, Glad
(num: 7768), BADBABA, Lumme, Halflings, Halflings, mourners, admiration
(num: 7769), BADBABA, commotion, commotion, cordially, shading, shading
(num: 7770), BADBABA, saving, saving
(num: 7771), BADBABA, prey, prey, marvels, victories, victories
(num: 7772), BADBABA
(num: 7773), BADBABA, slabs, slabs, yea, yea
(num: 7774), BADBABA, yours, yours
(num: 7775), BADBABA
(num: 7776), BADBABA, Southlands
(num: 7777), BADBABA, handses, pitched, pitched
(num: 7778), BADBABA, pretended, pretended, inattentive
(num: 7779), BADBABA, doubtfully, doubtfully
(num: 7780), BADBABA, glaze, unsleeping
(num: 7781), BADBABA
(num: 7782), BADBABA
(num: 7783), BADBABA
(num: 7784), BADBABA, offices, visibly, motto, motto
(num: 7785), BADBABA
(num: 7786), BADBABA, reams
(num: 7787), BADBABA, have, have
(num: 7788), BADBABA
(num: 7789), BADBABA
(num: 7790), BADBABA, Chamber, Chamber
(num: 7791), BADBABA, disappointed, disappointed, innkeeper, innkeeper, beehunter
(num: 7792), BADBABA, Knowledge
(num: 7793), BADBABA
(num: 7794), BADBABA, lanterns, lanterns
(num: 7795), BADBABA
(num: 7796), BADBABA
(num: 7797), BADBABA, sleepingdraught
(num: 7798), BADBABA, ow, ow
(num: 7799), BADBABA, leads, leads
(num: 7800), BADBABA
(num: 7801), BADBABA, stump, stump
(num: 7802), BADBABA, asphodel
(num: 7803), BADBABA
(num: 7804), BADBABA
(num: 7805), BADBABA, Gbrulf
(num: 7806), BADBABA, harvesting, mirrors
(num: 7807), BADBABA, Everard, Banquets
(num: 7808), BADBABA, journey, journey
(num: 7809), BADBABA
(num: 7810), BADBABA, Chip, giver
(num: 7811), BADBABA
(num: 7812), BADBABA
(num: 7813), BADBABA, rending, rending, freshened
(num: 7814), BADBABA, Fernys, Fernys, Enjoying
(num: 7815), BADBABA, flight, flight
(num: 7816), BADBABA
(num: 7817), BADBABA
(num: 7818), BADBABA, alone, alone, erect, erect
(num: 7819), BADBABA
(num: 7820), BADBABA, suck, glades, glades
(num: 7821), BADBABA
(num: 7822), BADBABA
(num: 7823), BADBABA, searching, searching, hillock, hillock, poised, poised
(num: 7824), BADBABA, spluttered, spluttered, Closer, litters
(num: 7825), BADBABA, afield, afield
(num: 7826), BADBABA, bobbed, bobbed
(num: 7827), BADBABA, boon
(num: 7828), BADBABA, cricket, arguments, arguments, orcdriver
(num: 7829), BADBABA
(num: 7830), BADBABA, tear, tear, ups, ups
(num: 7831), BADBABA, adventures, adventures, puzzle, puzzle, dotted, dotted, Leap
(num: 7832), BADBABA, wiser, wiser, violence, violence, compiled
(num: 7833), BADBABA
(num: 7834), BADBABA, mirth, mirth, departs
(num: 7835), BADBABA
(num: 7836), BADBABA
(num: 7837), BADBABA, next, next, hastiness, hastiness
(num: 7838), BADBABA, overthrown, twentyeighth, Beer
(num: 7839), BADBABA
(num: 7840), BADBABA
(num: 7841), BADBABA
(num: 7842), BADBABA, sticking, sticking
(num: 7843), BADBABA, annotation, Axe
(num: 7844), BADBABA
(num: 7845), BADBABA
(num: 7846), BADBABA
(num: 7847), BADBABA, overhangs
(num: 7848), BADBABA, place, place, wellarmed, wellarmed
(num: 7849), BADBABA, coldest
(num: 7850), BADBABA
(num: 7851), BADBABA
(num: 7852), BADBABA, toiled, toiled, awaits, awaits
(num: 7853), BADBABA
(num: 7854), BADBABA, lal, pocked, pocked
(num: 7855), BADBABA
(num: 7856), BADBABA
(num: 7857), BADBABA, stretching, omitted
(num: 7858), BADBABA
(num: 7859), BADBABA
(num: 7860), BADBABA, luck, luck, scrubby
(num: 7861), BADBABA
(num: 7862), BADBABA
(num: 7863), BADBABA, shaking, merrily, merrily, Hide, Untie, Untie
(num: 7864), BADBABA, delaying
(num: 7865), BADBABA, fishes, fishes
(num: 7866), BADBABA, flee, flee
(num: 7867), BADBABA, exerting, northaway, northaway
(num: 7868), BADBABA, notion, notion
(num: 7869), BADBABA, scarf, scarf
(num: 7870), BADBABA, Snowstorms
(num: 7871), BADBABA, East, East, Elessar, Elessar
(num: 7872), BADBABA
(num: 7873), BADBABA, spying, spying, plashing
(num: 7874), BADBABA, wrong, wrong
(num: 7875), BADBABA, inimitable, dwelleth
(num: 7876), BADBABA
(num: 7877), BADBABA, yelping, yelping, Elvenlore, Elvenlore
(num: 7878), BADBABA
(num: 7879), BADBABA, times, times, doubted, doubted, rebellion
(num: 7880), BADBABA, birdcall, belching
(num: 7881), BADBABA, Both, Both, greyer, Lane
(num: 7882), BADBABA
(num: 7883), BADBABA, counsels, counsels, snatched
(num: 7884), BADBABA, legs, legs, labour, labour
(num: 7885), BADBABA, screw, screw
(num: 7886), BADBABA, disappears
(num: 7887), BADBABA
(num: 7888), BADBABA
(num: 7889), BADBABA
(num: 7890), BADBABA, existed, hobbithand
(num: 7891), BADBABA
(num: 7892), BADBABA, roped, curling, curling, Silmarils, Silmarils
(num: 7893), BADBABA
(num: 7894), BADBABA, eggs, eggs
(num: 7895), BADBABA, Butsaid
(num: 7896), BADBABA, shrunken, shrunken
(num: 7897), BADBABA, divides, Fierce, Fierce
(num: 7898), BADBABA
(num: 7899), BADBABA, murmur, murmur
(num: 7900), BADBABA, burglarious, seeming, seeming, unhopeful
(num: 7901), BADBABA, reference, suspicious, suspicious
(num: 7902), BADBABA
(num: 7903), BADBABA, admitted, admitted
(num: 7904), BADBABA
(num: 7905), BADBABA
(num: 7906), BADBABA, forgetfulness, prevent, prevent
(num: 7907), BADBABA
(num: 7908), BADBABA, Me, Me
(num: 7909), BADBABA, learning, learning, mirk, mirk
(num: 7910), BADBABA, Beneath, embers, embers
(num: 7911), BADBABA, on, on
(num: 7912), BADBABA, browsing, princes, conical
(num: 7913), BADBABA, flows, flows
(num: 7914), BADBABA, uncooked, jolly, jolly, foray, foray, budge
(num: 7915), BADBABA
(num: 7916), BADBABA, beggars, beggars, tang, tang
(num: 7917), BADBABA, exchange, exchange, reassuring
(num: 7918), BADBABA, regained, regained, Gel
(num: 7919), BADBABA, awayand
(num: 7920), BADBABA, Involuntarily
(num: 7921), BADBABA, linked, linked
(num: 7922), BADBABA
(num: 7923), BADBABA, wood, wood, holding, holding
(num: 7924), BADBABA, cleanlimbed, cleanlimbed
(num: 7925), BADBABA, Terrified, Terrified
(num: 7926), BADBABA
(num: 7927), BADBABA, Dazzlingly, motives
(num: 7928), BADBABA, local, local, Ow
(num: 7929), BADBABA, orctower, orctower
(num: 7930), BADBABA, id, id
(num: 7931), BADBABA, blunder
(num: 7932), BADBABA, bending, bending
(num: 7933), BADBABA, leafless, leafless
(num: 7934), BADBABA, moat
(num: 7935), BADBABA, gallop, gallop
(num: 7936), BADBABA, gust, gust
(num: 7937), BADBABA, boldat
(num: 7938), BADBABA, Luckwearer, hurryand
(num: 7939), BADBABA
(num: 7940), BADBABA, beastshape
(num: 7941), BADBABA, ghost, ghost
(num: 7942), BADBABA, Grim
(num: 7943), BADBABA, paddled, paddled, Lawks
(num: 7944), BADBABA, convey
(num: 7945), BADBABA
(num: 7946), BADBABA
(num: 7947), BADBABA, raftelves
(num: 7948), BADBABA, wildberries
(num: 7949), BADBABA
(num: 7950), BADBABA, swiftly, swiftly
(num: 7951), BADBABA
(num: 7952), BADBABA, betrayal
(num: 7953), BADBABA, designs, designs, bullying, bullying
(num: 7954), BADBABA
(num: 7955), BADBABA, elses, elses
(num: 7956), BADBABA
(num: 7957), BADBABA, waxes
(num: 7958), BADBABA, myself, bear, bear, Rhosgobel, Rhosgobel
(num: 7959), BADBABA
(num: 7960), BADBABA, hit, hit, possi, doglike
(num: 7961), BADBABA
(num: 7962), BADBABA
(num: 7963), BADBABA
(num: 7964), BADBABA
(num: 7965), BADBABA, Why, Why, poled, poled, millers, millers
(num: 7966), BADBABA, half, half, contented, contented
(num: 7967), BADBABA, immortal, immortal
(num: 7968), BADBABA, thunderbattle
(num: 7969), BADBABA, feud, feud
(num: 7970), BADBABA
(num: 7971), BADBABA, Swertings, Swertings, Northkingdom
(num: 7972), BADBABA, colour, faintly, faintly
(num: 7973), BADBABA, Bamfurlong, expeditions, Treachery, Treachery
(num: 7974), BADBABA, stumbling, stumbling
(num: 7975), BADBABA, dad, dad
(num: 7976), BADBABA, swiftest, swiftest
(num: 7977), BADBABA, foundering
(num: 7978), BADBABA, innumerable, innumerable, drift, drift
(num: 7979), BADBABA
(num: 7980), BADBABA, wings, wings, Elfsires
(num: 7981), BADBABA
(num: 7982), BADBABA, wedded, wedded
(num: 7983), BADBABA, pawing, pawing
(num: 7984), BADBABA, ponytrap
(num: 7985), BADBABA
(num: 7986), BADBABA, heights, heights
(num: 7987), BADBABA
(num: 7988), BADBABA
(num: 7989), BADBABA
(num: 7990), BADBABA, tops, tops
(num: 7991), BADBABA, Bofur, Bofur, appear, appear
(num: 7992), BADBABA, Finding, Finding, straightening, hairs, hairs, girths
(num: 7993), BADBABA, hurried, lurking, lurking, doubtless, doubtless
(num: 7994), BADBABA
(num: 7995), BADBABA, swarthy, swarthy, overboard
(num: 7996), BADBABA
(num: 7997), BADBABA, tarnished, Mighty, Mighty, Blackness
(num: 7998), BADBABA, speedily, speedily, quickening, quickening
(num: 7999), BADBABA
(num: 8000), BADBABA
(num: 8001), BADBABA, smouldered, smouldered
(num: 8002), BADBABA, Greed
(num: 8003), BADBABA
(num: 8004), BADBABA
(num: 8005), BADBABA, power, power, abated
(num: 8006), BADBABA, hurts, hurts
(num: 8007), BADBABA
(num: 8008), BADBABA, pattern, governing, Strong, sincerity
(num: 8009), BADBABA, hastened, hastened, wields, wields
(num: 8010), BADBABA, placed, placed
(num: 8011), BADBABA, blighter, blighter
(num: 8012), BADBABA, purpose, purpose, undying, bea, odour, odour
(num: 8013), BADBABA, rejoin, rejoin
(num: 8014), BADBABA, wriggled
(num: 8015), BADBABA, yammering, yammering
(num: 8016), BADBABA, netted, netted
(num: 8017), BADBABA, sons, sons, avbnier, plink
(num: 8018), BADBABA, kinsmen, kinsmen, unafraid, unafraid
(num: 8019), BADBABA
(num: 8020), BADBABA, hmm, hmm, entdraughts, writings
(num: 8021), BADBABA, annoy, stiffening, stiffening
(num: 8022), BADBABA, Stonebows
(num: 8023), BADBABA, casks, casks
(num: 8024), BADBABA, shown, shown
(num: 8025), BADBABA
(num: 8026), BADBABA, hobb
(num: 8027), BADBABA, Pelennor, Pelennor
(num: 8028), BADBABA, scones
(num: 8029), BADBABA
(num: 8030), BADBABA, Watchwood
(num: 8031), BADBABA, brutes, yon
(num: 8032), BADBABA, insects, insects
(num: 8033), BADBABA, curves, curves
(num: 8034), BADBABA
(num: 8035), BADBABA, writhing, Barazinbar, squeakings
(num: 8036), BADBABA
(num: 8037), BADBABA
(num: 8038), BADBABA, secrets, secrets
(num: 8039), BADBABA, plumed
(num: 8040), BADBABA, Smash, Funny, gaffer, gaffer
(num: 8041), BADBABA, rushing, rushing
(num: 8042), BADBABA, practise, warmth, warmth
(num: 8043), BADBABA, infection
(num: 8044), BADBABA, orcholds
(num: 8045), BADBABA, furniture, furniture
(num: 8046), BADBABA, Heavy, Heavy
(num: 8047), BADBABA
(num: 8048), BADBABA, merrymaking, merrymaking
(num: 8049), BADBABA, working, working
(num: 8050), BADBABA, reporting
(num: 8051), BADBABA
(num: 8052), BADBABA, rivers, rivers
(num: 8053), BADBABA, wander, wander
(num: 8054), BADBABA, resides, Jomer, Jomer
(num: 8055), BADBABA, dulling
(num: 8056), BADBABA, homelessness
(num: 8057), BADBABA
(num: 8058), BADBABA, galloped, galloped
(num: 8059), BADBABA, habergeon
(num: 8060), BADBABA, Breelanders, Breelanders
(num: 8061), BADBABA, real, real, Smjagols, surety, surety
(num: 8062), BADBABA, bargain, bargain, Nineteen
(num: 8063), BADBABA, thrush, thrush
(num: 8064), BADBABA, harsh, harsh
(num: 8065), BADBABA, spinning, spinning, removing, removing, midmost
(num: 8066), BADBABA
(num: 8067), BADBABA, tramp, tramp, Armed
(num: 8068), BADBABA, huger, huger
(num: 8069), BADBABA, freeze, freeze, competent
(num: 8070), BADBABA, knowbecause, abide, abide, endurance, unaware, unaware
(num: 8071), BADBABA, bewildered, bewildered, observations, moor, moor
(num: 8072), BADBABA, enemies, enemies
(num: 8073), BADBABA, desperate, desperate
(num: 8074), BADBABA
(num: 8075), BADBABA
(num: 8076), BADBABA
(num: 8077), BADBABA, sidelong, sidelong
(num: 8078), BADBABA, Middleearth, Middleearth, Clear, Clear, Ithilien, companionship, companionship
(num: 8079), BADBABA, turning, turning
(num: 8080), BADBABA
(num: 8081), BADBABA, hurt, hurt
(num: 8082), BADBABA, meaningless
(num: 8083), BADBABA, lifts, furlongs, furlongs, pavingstones
(num: 8084), BADBABA, Boffins, Boffins, fearing, sidetables
(num: 8085), BADBABA, torch, torch, guttering
(num: 8086), BADBABA
(num: 8087), BADBABA
(num: 8088), BADBABA, vow, circuit, circuit
(num: 8089), BADBABA
(num: 8090), BADBABA, Eldest, Eldest
(num: 8091), BADBABA, then, then, gully, gully
(num: 8092), BADBABA, gardenpath, maid
(num: 8093), BADBABA
(num: 8094), BADBABA
(num: 8095), BADBABA
(num: 8096), BADBABA, Desert, lured, waymeeting, waymeeting
(num: 8097), BADBABA, stew, stew
(num: 8098), BADBABA, thundering
(num: 8099), BADBABA, purple, purple, revolt
(num: 8100), BADBABA, remarks, remarks
(num: 8101), BADBABA, Very, Very
(num: 8102), BADBABA, kill, kill
(num: 8103), BADBABA
(num: 8104), BADBABA, Casting, Casting
(num: 8105), BADBABA, considered, considered, nest, nest
(num: 8106), BADBABA, Galadriels
(num: 8107), BADBABA, Daddy, lovingly
(num: 8108), BADBABA, Sir, Sir
(num: 8109), BADBABA, bends, bends
(num: 8110), BADBABA, battering, topical, topical, Thistlewool
(num: 8111), BADBABA, theirs, theirs, flaxen
(num: 8112), BADBABA, foal
(num: 8113), BADBABA, bellshaped
(num: 8114), BADBABA, expedition, expedition
(num: 8115), BADBABA
(num: 8116), BADBABA
(num: 8117), BADBABA, esteemed, release, noiselessly, Hurriedly, babel, babel
(num: 8118), BADBABA
(num: 8119), BADBABA, sick, sick, screamed, screamed, Harvest
(num: 8120), BADBABA
(num: 8121), BADBABA, murmured, murmured, Orthanc, Orthanc
(num: 8122), BADBABA, human
(num: 8123), BADBABA, bone, bone
(num: 8124), BADBABA, Azog, Azog, dotard, dotard
(num: 8125), BADBABA, rescue, rescue, nonsensically
(num: 8126), BADBABA, Baggins, Baggins
(num: 8127), BADBABA, clamour, clamour
(num: 8128), BADBABA
(num: 8129), BADBABA, seared, seared
(num: 8130), BADBABA, uppish, uppish
(num: 8131), BADBABA, warned, warned
(num: 8132), BADBABA, lordship, lordship, ghosts, ghosts
(num: 8133), BADBABA
(num: 8134), BADBABA, fingers, fingers, greenwhite
(num: 8135), BADBABA, runes, runes, comment, Wraithking
(num: 8136), BADBABA, Jomers, Jomers
(num: 8137), BADBABA
(num: 8138), BADBABA, blasting, blasting
(num: 8139), BADBABA
(num: 8140), BADBABA
(num: 8141), BADBABA, clash, clash, Wonderful, Wonderful
(num: 8142), BADBABA, essentially
(num: 8143), BADBABA, thence, thence, horsed, horsed
(num: 8144), BADBABA, Hardbottle
(num: 8145), BADBABA, dungeon, dungeon, desires, desires
(num: 8146), BADBABA
(num: 8147), BADBABA, one, one, teatime, teatime, nodded, nodded
(num: 8148), BADBABA, nether
(num: 8149), BADBABA, shoreward, shoreward, Fog, Fog
(num: 8150), BADBABA, flourishes, Smjagolll
(num: 8151), BADBABA, feasting, feasting, drought, clutched, clutched, outriders
(num: 8152), BADBABA, busier, busier, halfway, pin, pin
(num: 8153), BADBABA, wilt, wilt
(num: 8154), BADBABA, buffeted
(num: 8155), BADBABA
(num: 8156), BADBABA
(num: 8157), BADBABA, bat, bat, murder, shreds, shreds
(num: 8158), BADBABA, swarmed, swarmed
(num: 8159), BADBABA
(num: 8160), BADBABA, halfelves, masonry, masonry, banked
(num: 8161), BADBABA
(num: 8162), BADBABA, mountainspur
(num: 8163), BADBABA
(num: 8164), BADBABA
(num: 8165), BADBABA, charnelsmell
(num: 8166), BADBABA, Cowering, Cowering
(num: 8167), BADBABA
(num: 8168), BADBABA
(num: 8169), BADBABA
(num: 8170), BADBABA
(num: 8171), BADBABA, sheaths, sheaths, hocks
(num: 8172), BADBABA, Meanwhile, Meanwhile
(num: 8173), BADBABA, manger, manger
(num: 8174), BADBABA, Water, Water
(num: 8175), BADBABA, promise, promise, untasted, Forests
(num: 8176), BADBABA, detest
(num: 8177), BADBABA
(num: 8178), BADBABA, crow, crow
(num: 8179), BADBABA, Dwalin, Dwalin
(num: 8180), BADBABA
(num: 8181), BADBABA, ascent, ascent, sp
(num: 8182), BADBABA, barriers, barriers
(num: 8183), BADBABA, mode, Rulers, Rulers, Winding
(num: 8184), BADBABA, es, knighthood
(num: 8185), BADBABA
(num: 8186), BADBABA, Fire, Fire, froglike
(num: 8187), BADBABA, outpaced
(num: 8188), BADBABA, cries, cries
(num: 8189), BADBABA
(num: 8190), BADBABA, press, waitedall, Servant
(num: 8191), BADBABA, plain, plain, stare, stare, winning, heydiddlediddle, Gondors
(num: 8192), BADBABA, haughty, haughty
(num: 8193), BADBABA, converging, converging, foresighted
(num: 8194), BADBABA, pivoted
(num: 8195), BADBABA
(num: 8196), BADBABA, overtakes
(num: 8197), BADBABA
(num: 8198), BADBABA, proverb, smouldering, smouldering, frog, frog
(num: 8199), BADBABA, fisshes
(num: 8200), BADBABA, gurgling, gurgling
(num: 8201), BADBABA, politer, politer
(num: 8202), BADBABA
(num: 8203), BADBABA
(num: 8204), BADBABA, gurgle, weaknesses
(num: 8205), BADBABA, morrow, morrow
(num: 8206), BADBABA, draughts, draughts
(num: 8207), BADBABA, worthies, Orofarnl, Orofarnl
(num: 8208), BADBABA, withdrawn, withdrawn, ivory
(num: 8209), BADBABA, pantry, pantry, curving, curving
(num: 8210), BADBABA
(num: 8211), BADBABA, lilies, Fathers, corpses, corpses
(num: 8212), BADBABA
(num: 8213), BADBABA, laughing, laughing, conflict
(num: 8214), BADBABA, traced, traced, Devilry
(num: 8215), BADBABA, poking, poking
(num: 8216), BADBABA, hisself
(num: 8217), BADBABA
(num: 8218), BADBABA, hack, hack
(num: 8219), BADBABA, greygreen, greygreen
(num: 8220), BADBABA
(num: 8221), BADBABA, rascal, ridden, ridden
(num: 8222), BADBABA, Dreams
(num: 8223), BADBABA, shrieked, shrieked, gliding
(num: 8224), BADBABA, hateful, dun, dun
(num: 8225), BADBABA, instead, instead
(num: 8226), BADBABA
(num: 8227), BADBABA, attempt, attempt, departing, departing
(num: 8228), BADBABA
(num: 8229), BADBABA, scooped, scooped, countered
(num: 8230), BADBABA
(num: 8231), BADBABA, foothold, foothold
(num: 8232), BADBABA
(num: 8233), BADBABA, surcoat
(num: 8234), BADBABA, prison, prison
(num: 8235), BADBABA, Midsummer, Midsummer, Elfs
(num: 8236), BADBABA, Ferry, Ferry, beggarman
(num: 8237), BADBABA, diminish, diminish
(num: 8238), BADBABA, slide, slide
(num: 8239), BADBABA
(num: 8240), BADBABA, huddle, receding, receding
(num: 8241), BADBABA, masterful, masterful
(num: 8242), BADBABA
(num: 8243), BADBABA
(num: 8244), BADBABA
(num: 8245), BADBABA, provided, provided
(num: 8246), BADBABA, swarming, swarming
(num: 8247), BADBABA
(num: 8248), BADBABA
(num: 8249), BADBABA, additional, weathered, weathered
(num: 8250), BADBABA
(num: 8251), BADBABA
(num: 8252), BADBABA
(num: 8253), BADBABA, step, step, toil, toil
(num: 8254), BADBABA
(num: 8255), BADBABA, Translations, stakes
(num: 8256), BADBABA
(num: 8257), BADBABA
(num: 8258), BADBABA
(num: 8259), BADBABA
(num: 8260), BADBABA, Dales, fairseeming
(num: 8261), BADBABA, raid, raid, wilfully, wilfully
(num: 8262), BADBABA
(num: 8263), BADBABA, devours, contemporary
(num: 8264), BADBABA
(num: 8265), BADBABA
(num: 8266), BADBABA
(num: 8267), BADBABA, inch, inch
(num: 8268), BADBABA, shirk
(num: 8269), BADBABA, villages, villages
(num: 8270), BADBABA, stalk
(num: 8271), BADBABA
(num: 8272), BADBABA, ties, AII, AII, shorthanded
(num: 8273), BADBABA, upheld, upheld
(num: 8274), BADBABA
(num: 8275), BADBABA
(num: 8276), BADBABA, halls, halls, Lamps, foodless
(num: 8277), BADBABA
(num: 8278), BADBABA
(num: 8279), BADBABA, flexed, smites
(num: 8280), BADBABA, Elvensmiths, Elvensmiths, northwestward, Dyou, Dyou
(num: 8281), BADBABA, quay
(num: 8282), BADBABA, tart
(num: 8283), BADBABA
(num: 8284), BADBABA, outright
(num: 8285), BADBABA, keep, keep, Breeand
(num: 8286), BADBABA, chiselled
(num: 8287), BADBABA, midges, midges
(num: 8288), BADBABA
(num: 8289), BADBABA, hem, hem
(num: 8290), BADBABA
(num: 8291), BADBABA, reduced, reduced, flavour
(num: 8292), BADBABA, lessened, lessened, Durthang, Durthang
(num: 8293), BADBABA, oxen, oxen, begotten
(num: 8294), BADBABA, fenced, fenced
(num: 8295), BADBABA, uttermost, uttermost
(num: 8296), BADBABA
(num: 8297), BADBABA, outbut
(num: 8298), BADBABA, Shirriffing
(num: 8299), BADBABA, bouncing, lee, lee
(num: 8300), BADBABA
(num: 8301), BADBABA, unshaped, distribution, distribution
(num: 8302), BADBABA, waterfall, waterfall
(num: 8303), BADBABA, shoreland, Halbarad, Halbarad
(num: 8304), BADBABA, stony, stony
(num: 8305), BADBABA, flaglilies, Dym, Dym
(num: 8306), BADBABA, southwards, southwards
(num: 8307), BADBABA, Until, Until, lily, lily
(num: 8308), BADBABA
(num: 8309), BADBABA, Cut, treatment, treatment
(num: 8310), BADBABA, Lothlurien, Lothlurien
(num: 8311), BADBABA, wardens, wardens
(num: 8312), BADBABA
(num: 8313), BADBABA
(num: 8314), BADBABA, OrodnaThfn
(num: 8315), BADBABA, yesterday, yesterday, swoop, glimmering, glimmering
(num: 8316), BADBABA
(num: 8317), BADBABA, matters, matters, introduced, introduced
(num: 8318), BADBABA
(num: 8319), BADBABA, befallen, Authorities, Shelob, Shelob
(num: 8320), BADBABA
(num: 8321), BADBABA, lo, lo
(num: 8322), BADBABA, Pillars
(num: 8323), BADBABA, thank, thank, vi, meddlers
(num: 8324), BADBABA
(num: 8325), BADBABA, Hence, heavyhearted
(num: 8326), BADBABA, frightfully, frightfully
(num: 8327), BADBABA, floors, floors
(num: 8328), BADBABA, ponys, ponys, Horsemen, Horsemen
(num: 8329), BADBABA, leprous
(num: 8330), BADBABA
(num: 8331), BADBABA
(num: 8332), BADBABA, flour, mymak
(num: 8333), BADBABA, dishonours
(num: 8334), BADBABA, fasten
(num: 8335), BADBABA, newcome
(num: 8336), BADBABA, starting, starting, deals, interwoven, interwoven
(num: 8337), BADBABA, stroked, High, High
(num: 8338), BADBABA, hating, hating
(num: 8339), BADBABA, Pimple, Pimple
(num: 8340), BADBABA, Mingled
(num: 8341), BADBABA, island, island, feast, lightest, Barrows, Barrows, Laboriously, shatter, Paladin, Paladin
(num: 8342), BADBABA, prices
(num: 8343), BADBABA, excite, bagronk, elffashion, elffashion
(num: 8344), BADBABA, lent, lent
(num: 8345), BADBABA, wits, wits
(num: 8346), BADBABA
(num: 8347), BADBABA, trades
(num: 8348), BADBABA, llen
(num: 8349), BADBABA, goblin, goblin, clang, clang, dams, dams
(num: 8350), BADBABA, matterone
(num: 8351), BADBABA
(num: 8352), BADBABA
(num: 8353), BADBABA, inquiringly
(num: 8354), BADBABA, worm, outer, outer
(num: 8355), BADBABA, Smiths
(num: 8356), BADBABA, glazed, glazed
(num: 8357), BADBABA, cheerily, chalky
(num: 8358), BADBABA, Variags, Variags
(num: 8359), BADBABA
(num: 8360), BADBABA, Thjodens, Thjodens
(num: 8361), BADBABA
(num: 8362), BADBABA
(num: 8363), BADBABA
(num: 8364), BADBABA, harps, harps, prentice, firing, saucepan
(num: 8365), BADBABA, tugged, tugged, juniors, Uttermost
(num: 8366), BADBABA, wretched, wretched
(num: 8367), BADBABA
(num: 8368), BADBABA, Mutton, Mutton
(num: 8369), BADBABA, batwing, Biting
(num: 8370), BADBABA, arrival, arrival
(num: 8371), BADBABA
(num: 8372), BADBABA, Fallohide, Fallohide, lim, lim, stward, stward
(num: 8373), BADBABA
(num: 8374), BADBABA
(num: 8375), BADBABA, sunflowers, valiantly
(num: 8376), BADBABA
(num: 8377), BADBABA, Sunlands
(num: 8378), BADBABA, shores, shores, spared, spared
(num: 8379), BADBABA, MINAS
(num: 8380), BADBABA, sixth, sixth
(num: 8381), BADBABA, Horncall
(num: 8382), BADBABA
(num: 8383), BADBABA, kindly, kindly, headfirst
(num: 8384), BADBABA
(num: 8385), BADBABA, delight, delight, slash, slash
(num: 8386), BADBABA
(num: 8387), BADBABA, Spying, puzzled, puzzled, likes, likes, enclosed, enclosed
(num: 8388), BADBABA, prowl, Foremost
(num: 8389), BADBABA, researches
(num: 8390), BADBABA
(num: 8391), BADBABA
(num: 8392), BADBABA
(num: 8393), BADBABA
(num: 8394), BADBABA, millwheel, Fords, Fords, windowslit, windowslit
(num: 8395), BADBABA, pulling, shelf, shelf, Bees
(num: 8396), BADBABA
(num: 8397), BADBABA, Methedras, Methedras, mallos
(num: 8398), BADBABA
(num: 8399), BADBABA, memory, memory, toilsome
(num: 8400), BADBABA, Dalethe, ells, ells
(num: 8401), BADBABA, vered, Narya
(num: 8402), BADBABA, melancholy
(num: 8403), BADBABA
(num: 8404), BADBABA, Hastily, Hastily
(num: 8405), BADBABA, Whitfoot, ods
(num: 8406), BADBABA
(num: 8407), BADBABA, companions, companions, Holly
(num: 8408), BADBABA, caves, caves, unwisely, unwisely, Frjalaf
(num: 8409), BADBABA, mist, mist, Shafts, Shafts
(num: 8410), BADBABA
(num: 8411), BADBABA, contrived, contrived
(num: 8412), BADBABA
(num: 8413), BADBABA, deliver, forked, forked
(num: 8414), BADBABA, sauce
(num: 8415), BADBABA, oned
(num: 8416), BADBABA, practising
(num: 8417), BADBABA, haft, haft
(num: 8418), BADBABA
(num: 8419), BADBABA
(num: 8420), BADBABA, event, event
(num: 8421), BADBABA
(num: 8422), BADBABA
(num: 8423), BADBABA, tatters, ey, ey, Laurelindurenan, Laurelindurenan
(num: 8424), BADBABA, stealest
(num: 8425), BADBABA, frail, frail
(num: 8426), BADBABA, agoit
(num: 8427), BADBABA, darted, darted, arose, arose, steed, steed, obtains, cautious, cautious
(num: 8428), BADBABA
(num: 8429), BADBABA, puddle
(num: 8430), BADBABA, sound, sound
(num: 8431), BADBABA
(num: 8432), BADBABA, greatgrandson
(num: 8433), BADBABA
(num: 8434), BADBABA, track, track, disturbance, disturbance
(num: 8435), BADBABA
(num: 8436), BADBABA
(num: 8437), BADBABA, glinting, glinting
(num: 8438), BADBABA
(num: 8439), BADBABA, Lore, Proud, Proud
(num: 8440), BADBABA
(num: 8441), BADBABA, along, along, accounts, accounts, Unloose
(num: 8442), BADBABA, exhalation, hamlet
(num: 8443), BADBABA, Captain, questioningly
(num: 8444), BADBABA, peeped, peeped, plunge, plunge
(num: 8445), BADBABA, unsettled, swellings
(num: 8446), BADBABA
(num: 8447), BADBABA
(num: 8448), BADBABA, Darkness, Darkness, waggontrains, speediest
(num: 8449), BADBABA, Grief, Grief
(num: 8450), BADBABA
(num: 8451), BADBABA, seems, seems
(num: 8452), BADBABA, bargainprices
(num: 8453), BADBABA
(num: 8454), BADBABA, complicated
(num: 8455), BADBABA, painter
(num: 8456), BADBABA, Lossarnach, Lossarnach
(num: 8457), BADBABA
(num: 8458), BADBABA
(num: 8459), BADBABA, see, see, flagging
(num: 8460), BADBABA, what, what, goblinhall, cask
(num: 8461), BADBABA, walked, walked
(num: 8462), BADBABA, occur, occur, dromunds
(num: 8463), BADBABA, Than, Than
(num: 8464), BADBABA, Purpose
(num: 8465), BADBABA, whinnying, whirring, whirring, Smallburrow, Smallburrow
(num: 8466), BADBABA, nuisance, nuisance
(num: 8467), BADBABA
(num: 8468), BADBABA, defiantly, lso
(num: 8469), BADBABA, excused, excused, Forts, Forts
(num: 8470), BADBABA, ageing
(num: 8471), BADBABA, whizzing, burnt, burnt, pickers
(num: 8472), BADBABA
(num: 8473), BADBABA
(num: 8474), BADBABA, trestle
(num: 8475), BADBABA
(num: 8476), BADBABA, allied, mementoes
(num: 8477), BADBABA, boomed, boomed
(num: 8478), BADBABA
(num: 8479), BADBABA, homestead
(num: 8480), BADBABA, whistled, whistled
(num: 8481), BADBABA, braces
(num: 8482), BADBABA, Ivy, Ivy, carving, carving
(num: 8483), BADBABA, butteries
(num: 8484), BADBABA
(num: 8485), BADBABA, brushing, brushing
(num: 8486), BADBABA, Weve, Weve
(num: 8487), BADBABA, waiting, waiting
(num: 8488), BADBABA, ran, ran, note, note
(num: 8489), BADBABA, sneaked, sneaked
(num: 8490), BADBABA, Unwearied, Helps
(num: 8491), BADBABA, instrument
(num: 8492), BADBABA
(num: 8493), BADBABA, Rough, issue, issue
(num: 8494), BADBABA, wouldnt, wouldnt
(num: 8495), BADBABA, Curtains, uttering
(num: 8496), BADBABA, tarrying
(num: 8497), BADBABA, Cleft, Cleft
(num: 8498), BADBABA
(num: 8499), BADBABA, outofdoors, puissant
(num: 8500), BADBABA, shivers, shivers
(num: 8501), BADBABA
(num: 8502), BADBABA
(num: 8503), BADBABA, Budgeford
(num: 8504), BADBABA, athinkin
(num: 8505), BADBABA, shattered, shattered
(num: 8506), BADBABA, clearer, clearer
(num: 8507), BADBABA, stealing, stealing, Grown
(num: 8508), BADBABA, impress, wonders, wonders
(num: 8509), BADBABA, whacked
(num: 8510), BADBABA, blunt, ignorance
(num: 8511), BADBABA, tumult, Riding, Riding
(num: 8512), BADBABA, fortress, fortress
(num: 8513), BADBABA, rub, piercingly, branded
(num: 8514), BADBABA, Warrior, Valimar, Valimar, Tramping
(num: 8515), BADBABA, quieter, serves, nook, nook
(num: 8516), BADBABA, gives, Farmer, Farmer, Grishnbkhs, Grishnbkhs, sedge
(num: 8517), BADBABA
(num: 8518), BADBABA, Endless
(num: 8519), BADBABA, cavernmouth, embassies
(num: 8520), BADBABA, Tookish, Tookish, statue
(num: 8521), BADBABA
(num: 8522), BADBABA
(num: 8523), BADBABA
(num: 8524), BADBABA, linen, linen
(num: 8525), BADBABA, shoulderhigh
(num: 8526), BADBABA, balancing
(num: 8527), BADBABA
(num: 8528), BADBABA, upstream, upstream, Ashen, Ashen
(num: 8529), BADBABA, coast
(num: 8530), BADBABA, Trolllike
(num: 8531), BADBABA, porch, bracken, bracken, silversteel, recommended, enquiry
(num: 8532), BADBABA
(num: 8533), BADBABA, atop
(num: 8534), BADBABA, replied, replied, mell
(num: 8535), BADBABA, angers
(num: 8536), BADBABA, abundantly, deathless
(num: 8537), BADBABA
(num: 8538), BADBABA
(num: 8539), BADBABA, torchlight, torchlight, itsel
(num: 8540), BADBABA
(num: 8541), BADBABA
(num: 8542), BADBABA, veil, veil, Floating, Floating
(num: 8543), BADBABA, Golden, ramifying
(num: 8544), BADBABA
(num: 8545), BADBABA
(num: 8546), BADBABA, youre, youre
(num: 8547), BADBABA, sorrel, gay, gay
(num: 8548), BADBABA, battle, battle
(num: 8549), BADBABA, brutal
(num: 8550), BADBABA, pretend, pretend
(num: 8551), BADBABA
(num: 8552), BADBABA
(num: 8553), BADBABA, maintained, maintained
(num: 8554), BADBABA, convex
(num: 8555), BADBABA, Slender, Slender, en, en
(num: 8556), BADBABA
(num: 8557), BADBABA, drag, drag
(num: 8558), BADBABA, Kili, Kili
(num: 8559), BADBABA
(num: 8560), BADBABA, pennies, pennies, ar, ar, Periain
(num: 8561), BADBABA
(num: 8562), BADBABA, grocerthan
(num: 8563), BADBABA, metalwork
(num: 8564), BADBABA
(num: 8565), BADBABA
(num: 8566), BADBABA
(num: 8567), BADBABA, likeness, likeness
(num: 8568), BADBABA, hew, hew, fulfilled, fulfilled
(num: 8569), BADBABA
(num: 8570), BADBABA, Goodbody
(num: 8571), BADBABA
(num: 8572), BADBABA
(num: 8573), BADBABA
(num: 8574), BADBABA
(num: 8575), BADBABA, pass, pass, eagles, eagles, tilled, tilled
(num: 8576), BADBABA, ferries
(num: 8577), BADBABA, put, put
(num: 8578), BADBABA, rustling, rustling
(num: 8579), BADBABA, raiding, raiding
(num: 8580), BADBABA
(num: 8581), BADBABA, burnished, burnished
(num: 8582), BADBABA, delta, wain, wain
(num: 8583), BADBABA, begun, begun
(num: 8584), BADBABA, deepshadowed
(num: 8585), BADBABA
(num: 8586), BADBABA
(num: 8587), BADBABA, prefer, prefer, hadst
(num: 8588), BADBABA, consulted, consulted
(num: 8589), BADBABA, menel, gushed
(num: 8590), BADBABA, gently, gently, manyfingered
(num: 8591), BADBABA
(num: 8592), BADBABA, footed, wartowers
(num: 8593), BADBABA
(num: 8594), BADBABA, breakfasted, breakfasted
(num: 8595), BADBABA
(num: 8596), BADBABA
(num: 8597), BADBABA, reared, reared
(num: 8598), BADBABA, kitchens
(num: 8599), BADBABA, goblinmen, mountainroads
(num: 8600), BADBABA
(num: 8601), BADBABA, wedged, wedged
(num: 8602), BADBABA, yearned
(num: 8603), BADBABA, lay, lay
(num: 8604), BADBABA
(num: 8605), BADBABA, true, true, owls, remainder, remainder
(num: 8606), BADBABA, steepwalled, thunders
(num: 8607), BADBABA, grassgreen, heaviness, heaviness
(num: 8608), BADBABA
(num: 8609), BADBABA, thieving, Coming, Coming
(num: 8610), BADBABA, threw, threw, boldness, survivors, survivors
(num: 8611), BADBABA, Sign, Sign, clatter, clatter
(num: 8612), BADBABA
(num: 8613), BADBABA, meeting, meeting
(num: 8614), BADBABA
(num: 8615), BADBABA
(num: 8616), BADBABA, scent, scent, friendliness, friendliness
(num: 8617), BADBABA, carcanet, horncrowned
(num: 8618), BADBABA, relief, relief, furnish
(num: 8619), BADBABA, Tonight, Saurons, Saurons, edro, edro
(num: 8620), BADBABA, ea, tussocks, doggedly, doggedly, withwith
(num: 8621), BADBABA, tiny, tiny, matted, invention, invention, rebellious
(num: 8622), BADBABA
(num: 8623), BADBABA, Once, Once, tragic, earthborn, earthborn
(num: 8624), BADBABA
(num: 8625), BADBABA, Delay, Imloth, Imloth
(num: 8626), BADBABA
(num: 8627), BADBABA
(num: 8628), BADBABA, discussed, discussed, superb
(num: 8629), BADBABA
(num: 8630), BADBABA, Williams, Williams
(num: 8631), BADBABA, Morgul, Morgul
(num: 8632), BADBABA
(num: 8633), BADBABA
(num: 8634), BADBABA, ief
(num: 8635), BADBABA
(num: 8636), BADBABA, ha, ha, Tears
(num: 8637), BADBABA
(num: 8638), BADBABA, relented
(num: 8639), BADBABA
(num: 8640), BADBABA, heap, heap, coil, coil
(num: 8641), BADBABA, spray, spray
(num: 8642), BADBABA
(num: 8643), BADBABA
(num: 8644), BADBABA, shore, shore
(num: 8645), BADBABA
(num: 8646), BADBABA, Loose, Loose
(num: 8647), BADBABA
(num: 8648), BADBABA
(num: 8649), BADBABA, tease
(num: 8650), BADBABA, parties, parties
(num: 8651), BADBABA, wished, wished, flurry, September, September, players
(num: 8652), BADBABA
(num: 8653), BADBABA, stripped, stripped
(num: 8654), BADBABA
(num: 8655), BADBABA
(num: 8656), BADBABA, feel, feel, inherited
(num: 8657), BADBABA, Downs, Downs
(num: 8658), BADBABA, Thrur, Thrur, unwarily
(num: 8659), BADBABA
(num: 8660), BADBABA, Har, Oaths
(num: 8661), BADBABA
(num: 8662), BADBABA, cheat, cheat, Son
(num: 8663), BADBABA
(num: 8664), BADBABA
(num: 8665), BADBABA, Eriador, Eriador
(num: 8666), BADBABA, sheath, sheath, redder, redder, observing, Fanuilos, Fanuilos, owing
(num: 8667), BADBABA
(num: 8668), BADBABA, lifeless, ants, ants
(num: 8669), BADBABA, believed, believed, hoards, hoards
(num: 8670), BADBABA
(num: 8671), BADBABA, platters, Dain, Dain
(num: 8672), BADBABA, slowly, slowly, Somehow, Somehow
(num: 8673), BADBABA, turves, turves
(num: 8674), BADBABA, flutes, chats, concerning, concerning
(num: 8675), BADBABA, fate, fate, testy
(num: 8676), BADBABA, dazzled, dazzled, marshreeks
(num: 8677), BADBABA, FOES, FOES, wayworn
(num: 8678), BADBABA, grandfathers, grandfathers, rafts, rafts, imson
(num: 8679), BADBABA, madman
(num: 8680), BADBABA, comforting, comforting, wastepaper, Longer
(num: 8681), BADBABA
(num: 8682), BADBABA
(num: 8683), BADBABA
(num: 8684), BADBABA, precipices, precipices
(num: 8685), BADBABA, Havent, stalks
(num: 8686), BADBABA, feathered, feathered
(num: 8687), BADBABA
(num: 8688), BADBABA, delays, delays, Caught
(num: 8689), BADBABA
(num: 8690), BADBABA
(num: 8691), BADBABA, Periannath
(num: 8692), BADBABA
(num: 8693), BADBABA
(num: 8694), BADBABA, forgot, forgot, Hadnt, Hadnt
(num: 8695), BADBABA
(num: 8696), BADBABA
(num: 8697), BADBABA, counsellors, counsellors
(num: 8698), BADBABA
(num: 8699), BADBABA, wag, amongst, amongst
(num: 8700), BADBABA, eagle, eagle, heed, heed, elfcountry
(num: 8701), BADBABA, bucks
(num: 8702), BADBABA, Celebrant, Celebrant, clangbang
(num: 8703), BADBABA
(num: 8704), BADBABA, mugs, mugs
(num: 8705), BADBABA, Can, peep, peep
(num: 8706), BADBABA, troubles, troubles, strained, strained, hazy, hazy
(num: 8707), BADBABA, Soon, Soon, Arrow, Arrow
(num: 8708), BADBABA
(num: 8709), BADBABA, yelling, amend, amend, putrid
(num: 8710), BADBABA
(num: 8711), BADBABA, than, than, firepits, firepits
(num: 8712), BADBABA
(num: 8713), BADBABA, planbut, card
(num: 8714), BADBABA, reluctant, reluctant, slinker
(num: 8715), BADBABA, Evening, Evening, agony, agony
(num: 8716), BADBABA
(num: 8717), BADBABA
(num: 8718), BADBABA, runnin, lindentree
(num: 8719), BADBABA, Chiefest, Moneybags
(num: 8720), BADBABA, favoured, mincemeat, mincemeat, Happened
(num: 8721), BADBABA
(num: 8722), BADBABA, parlour, parlour, tails, tails, aear
(num: 8723), BADBABA, plans, plans, hives, hives
(num: 8724), BADBABA, Northwest, Northwest, Torech
(num: 8725), BADBABA, wolfs, Burrows
(num: 8726), BADBABA, scabbard, scabbard
(num: 8727), BADBABA, very, very, gut, gut, abate
(num: 8728), BADBABA, deathknell
(num: 8729), BADBABA
(num: 8730), BADBABA, mounded, emissaries
(num: 8731), BADBABA, fifty, roast, roast, Ohtar
(num: 8732), BADBABA, were, were, Noakes, Noakes
(num: 8733), BADBABA, damp, damp
(num: 8734), BADBABA, clearest
(num: 8735), BADBABA
(num: 8736), BADBABA, Save, Save
(num: 8737), BADBABA
(num: 8738), BADBABA
(num: 8739), BADBABA
(num: 8740), BADBABA, Durins, Durins
(num: 8741), BADBABA, elfstone
(num: 8742), BADBABA, drabbling
(num: 8743), BADBABA, charged, packed, packed, crag, crag
(num: 8744), BADBABA, swished
(num: 8745), BADBABA, SwordthatwasBroken, SwordthatwasBroken, bittersweet
(num: 8746), BADBABA, plumes, plumes
(num: 8747), BADBABA, strangle
(num: 8748), BADBABA
(num: 8749), BADBABA, blazing, shallows, sh, sh, cesspool
(num: 8750), BADBABA
(num: 8751), BADBABA
(num: 8752), BADBABA, Speak, Speak, destroyers
(num: 8753), BADBABA, awhile, rumoured, rumoured
(num: 8754), BADBABA, muddled, Gold, Gold
(num: 8755), BADBABA, reward, free, free, churning
(num: 8756), BADBABA, teeth, teeth
(num: 8757), BADBABA, woodfire, woodfire
(num: 8758), BADBABA, shoved
(num: 8759), BADBABA, After, After
(num: 8760), BADBABA, ordering, ordering, ckening
(num: 8761), BADBABA, instant, stabs
(num: 8762), BADBABA, boring, boring
(num: 8763), BADBABA, lovers
(num: 8764), BADBABA, branches, branches
(num: 8765), BADBABA, lightly, lightly
(num: 8766), BADBABA
(num: 8767), BADBABA, watergate, watergate, darting, darting
(num: 8768), BADBABA, dive, dive
(num: 8769), BADBABA, masted, hummock
(num: 8770), BADBABA, Gradually
(num: 8771), BADBABA, lifeage
(num: 8772), BADBABA, orchelmets
(num: 8773), BADBABA
(num: 8774), BADBABA, Crush, Crush, Nevertheless, Nevertheless
(num: 8775), BADBABA
(num: 8776), BADBABA
(num: 8777), BADBABA, head, head, stay, stay
(num: 8778), BADBABA, square, square, Redhorn, Redhorn
(num: 8779), BADBABA
(num: 8780), BADBABA
(num: 8781), BADBABA, examine, kettles
(num: 8782), BADBABA, failing, failing, pinning
(num: 8783), BADBABA, prize, prize
(num: 8784), BADBABA
(num: 8785), BADBABA
(num: 8786), BADBABA, Sarn, Sarn
(num: 8787), BADBABA
(num: 8788), BADBABA, playing, playing, thereafter, liege, sceptre, sceptre
(num: 8789), BADBABA, Whose, Whose
(num: 8790), BADBABA
(num: 8791), BADBABA
(num: 8792), BADBABA, downcast, downcast, harden
(num: 8793), BADBABA, recently, recently
(num: 8794), BADBABA
(num: 8795), BADBABA, headmen
(num: 8796), BADBABA, MUST
(num: 8797), BADBABA
(num: 8798), BADBABA, slopped, slopped
(num: 8799), BADBABA, assure, assure, firs, firs, Rimmon, Rimmon
(num: 8800), BADBABA
(num: 8801), BADBABA
(num: 8802), BADBABA
(num: 8803), BADBABA
(num: 8804), BADBABA, repose
(num: 8805), BADBABA, blocks, housing, employed
(num: 8806), BADBABA, broadened, broadened
(num: 8807), BADBABA, eyeopener, eyeopener
(num: 8808), BADBABA, hatred, hatred, faith, faith
(num: 8809), BADBABA
(num: 8810), BADBABA, believe, believe
(num: 8811), BADBABA, nephew, nephew, de, de, court, court, Orthancwith
(num: 8812), BADBABA, slanteyed, slanteyed
(num: 8813), BADBABA
(num: 8814), BADBABA
(num: 8815), BADBABA, Most, Most
(num: 8816), BADBABA, ferocious, ferocious
(num: 8817), BADBABA
(num: 8818), BADBABA
(num: 8819), BADBABA
(num: 8820), BADBABA
(num: 8821), BADBABA, armoury, armoury, Stinker, Stinker
(num: 8822), BADBABA, sneezed, sneezed, Clang, receives
(num: 8823), BADBABA, upset, upset
(num: 8824), BADBABA, ned
(num: 8825), BADBABA
(num: 8826), BADBABA, Sweet, Sweet
(num: 8827), BADBABA, bedrooms, bedrooms
(num: 8828), BADBABA, u, u
(num: 8829), BADBABA
(num: 8830), BADBABA, planting
(num: 8831), BADBABA
(num: 8832), BADBABA, pretence, pretence
(num: 8833), BADBABA
(num: 8834), BADBABA
(num: 8835), BADBABA, amends, amends
(num: 8836), BADBABA
(num: 8837), BADBABA, appetite, cloths, glances, glances
(num: 8838), BADBABA
(num: 8839), BADBABA
(num: 8840), BADBABA
(num: 8841), BADBABA, lacked
(num: 8842), BADBABA, sofas, oaks, oaks, battlefury
(num: 8843), BADBABA
(num: 8844), BADBABA, young, young, Museum
(num: 8845), BADBABA, boiling, boiling
(num: 8846), BADBABA, concealment, gulfs
(num: 8847), BADBABA, twolegs
(num: 8848), BADBABA
(num: 8849), BADBABA, forests, forests, Captains, Captains
(num: 8850), BADBABA
(num: 8851), BADBABA, fur, fur
(num: 8852), BADBABA
(num: 8853), BADBABA, heady
(num: 8854), BADBABA, carved, carved, Slam
(num: 8855), BADBABA, stormy, stormy
(num: 8856), BADBABA, blank, blank, meadow, lusted, snotty
(num: 8857), BADBABA, yer, yer, separated, separated
(num: 8858), BADBABA, characters, characters
(num: 8859), BADBABA, rainsong, tangle
(num: 8860), BADBABA, Conspiracy, compliment, compliment
(num: 8861), BADBABA, counter, sundered, busily, tortuous
(num: 8862), BADBABA, fullsized, fullsized
(num: 8863), BADBABA, bewutheredthis
(num: 8864), BADBABA
(num: 8865), BADBABA, groaning, groaning
(num: 8866), BADBABA, region, region, dragonhorn
(num: 8867), BADBABA
(num: 8868), BADBABA
(num: 8869), BADBABA
(num: 8870), BADBABA, Farewell, Farewell, escapes, assembly, assembly
(num: 8871), BADBABA, facts
(num: 8872), BADBABA, dagger, dagger
(num: 8873), BADBABA, Fare, Fare
(num: 8874), BADBABA, truck
(num: 8875), BADBABA
(num: 8876), BADBABA, Bumpkin
(num: 8877), BADBABA
(num: 8878), BADBABA, TOWERS
(num: 8879), BADBABA
(num: 8880), BADBABA
(num: 8881), BADBABA, trifles
(num: 8882), BADBABA
(num: 8883), BADBABA, thirtyone
(num: 8884), BADBABA, Stringing
(num: 8885), BADBABA
(num: 8886), BADBABA, minstrel, minstrel
(num: 8887), BADBABA, caused, caused
(num: 8888), BADBABA
(num: 8889), BADBABA, slush
(num: 8890), BADBABA
(num: 8891), BADBABA, sufficient, sufficient
(num: 8892), BADBABA, handkerchiefno, charcoal
(num: 8893), BADBABA, rotted, rotted
(num: 8894), BADBABA, Hammer, Hammer
(num: 8895), BADBABA
(num: 8896), BADBABA, handles, Eavesdropping
(num: 8897), BADBABA, Probably, Probably
(num: 8898), BADBABA
(num: 8899), BADBABA, keyholes, potent, potent
(num: 8900), BADBABA
(num: 8901), BADBABA, cobwebs, cobwebs, trenchlike, trenchlike
(num: 8902), BADBABA
(num: 8903), BADBABA, rank, rank
(num: 8904), BADBABA, net, net, resembled
(num: 8905), BADBABA, leaving, leaving, shocked, shocked
(num: 8906), BADBABA, Turn, Turn
(num: 8907), BADBABA, realized, realized, restlessly, restlessly, Elentbri
(num: 8908), BADBABA
(num: 8909), BADBABA
(num: 8910), BADBABA, pops, pops, closefitting, closefitting
(num: 8911), BADBABA
(num: 8912), BADBABA, wellfilled, BAGGINS, BAGGINS
(num: 8913), BADBABA, tothey, defenders, oft, oft, fatal, fatal, Wasted
(num: 8914), BADBABA, dayheat
(num: 8915), BADBABA
(num: 8916), BADBABA
(num: 8917), BADBABA, leastways, leastways
(num: 8918), BADBABA, fierceness
(num: 8919), BADBABA
(num: 8920), BADBABA, rulers, runda, runda
(num: 8921), BADBABA, damaged, damaged
(num: 8922), BADBABA, bestowed, bestowed
(num: 8923), BADBABA, bewildering, bewildering, sogotosleep
(num: 8924), BADBABA
(num: 8925), BADBABA, creepsy, spouted, spouted
(num: 8926), BADBABA, swore, hints, hints, elanor, elanor
(num: 8927), BADBABA
(num: 8928), BADBABA, gets, gets, Adelard
(num: 8929), BADBABA, spurning
(num: 8930), BADBABA
(num: 8931), BADBABA, cresses
(num: 8932), BADBABA, Bombadil, Bombadil
(num: 8933), BADBABA, bolder, bolder
(num: 8934), BADBABA
(num: 8935), BADBABA
(num: 8936), BADBABA
(num: 8937), BADBABA, shady, shady, Zirakzigil, Zirakzigil
(num: 8938), BADBABA, storied, storied
(num: 8939), BADBABA, middle, middle, stung, stung
(num: 8940), BADBABA, misgiving, Gblmud
(num: 8941), BADBABA, featherbed
(num: 8942), BADBABA
(num: 8943), BADBABA, Cnrdan, Cnrdan
(num: 8944), BADBABA
(num: 8945), BADBABA
(num: 8946), BADBABA
(num: 8947), BADBABA
(num: 8948), BADBABA, scraped, Bridgefields, sec, sec
(num: 8949), BADBABA, elvenfair, elvenfair
(num: 8950), BADBABA, Besides, Clap, Edrello
(num: 8951), BADBABA
(num: 8952), BADBABA, bathing, bathing
(num: 8953), BADBABA
(num: 8954), BADBABA
(num: 8955), BADBABA
(num: 8956), BADBABA, greatest, greatest
(num: 8957), BADBABA, chorus, chorus
(num: 8958), BADBABA, Enormous, rahoomrah
(num: 8959), BADBABA, Mill, spidery, ascending, fi
(num: 8960), BADBABA, vote, vote
(num: 8961), BADBABA, model, model
(num: 8962), BADBABA
(num: 8963), BADBABA
(num: 8964), BADBABA
(num: 8965), BADBABA
(num: 8966), BADBABA, Coombside
(num: 8967), BADBABA, glancing, glancing, rotten, rotten
(num: 8968), BADBABA, countryfolk
(num: 8969), BADBABA, missiles, missiles
(num: 8970), BADBABA, cairn, cairn
(num: 8971), BADBABA
(num: 8972), BADBABA, hithlain
(num: 8973), BADBABA, Lightelves, Lurien, Lurien
(num: 8974), BADBABA, brakes, beaches, beaches
(num: 8975), BADBABA, revised, thwart
(num: 8976), BADBABA, voice, voice
(num: 8977), BADBABA
(num: 8978), BADBABA
(num: 8979), BADBABA
(num: 8980), BADBABA, tenderness
(num: 8981), BADBABA
(num: 8982), BADBABA
(num: 8983), BADBABA, firelight, firelight
(num: 8984), BADBABA, eerie, eerie
(num: 8985), BADBABA
(num: 8986), BADBABA, wars, wars, extravagant
(num: 8987), BADBABA, enormous, enormous
(num: 8988), BADBABA
(num: 8989), BADBABA, Hollin, Hollin
(num: 8990), BADBABA, gaining, gaining
(num: 8991), BADBABA, ducking, Malbeth
(num: 8992), BADBABA
(num: 8993), BADBABA, elvish, elvish, humoured, Families
(num: 8994), BADBABA, coughed, coughed, Middle, Middle, sidewalls
(num: 8995), BADBABA, scorch
(num: 8996), BADBABA, lawn, lawn, unsay
(num: 8997), BADBABA, trusts
(num: 8998), BADBABA, shaky, shaky
(num: 8999), BADBABA, drowsy, difficulties, difficulties, frothing
(num: 9000), BADBABA, nestled, nestled
(num: 9001), BADBABA
(num: 9002), BADBABA, piercing, striking, striking
(num: 9003), BADBABA, deer, deer
(num: 9004), BADBABA, mounting, mounting
(num: 9005), BADBABA, Galion, Galion
(num: 9006), BADBABA, thought, thought, heaps, heaps, fireless
(num: 9007), BADBABA, Djor
(num: 9008), BADBABA, edition, inquisitive, inquisitive
(num: 9009), BADBABA
(num: 9010), BADBABA
(num: 9011), BADBABA, crown, crown
(num: 9012), BADBABA
(num: 9013), BADBABA
(num: 9014), BADBABA
(num: 9015), BADBABA, litter
(num: 9016), BADBABA
(num: 9017), BADBABA, likeliest
(num: 9018), BADBABA, deathly, Entvoices
(num: 9019), BADBABA
(num: 9020), BADBABA
(num: 9021), BADBABA, Luckily, raw, raw
(num: 9022), BADBABA
(num: 9023), BADBABA, Lead, Lead
(num: 9024), BADBABA, Since, Since, ight, ight
(num: 9025), BADBABA
(num: 9026), BADBABA, thinking, thinking
(num: 9027), BADBABA
(num: 9028), BADBABA, slithered, slithered
(num: 9029), BADBABA
(num: 9030), BADBABA, wash, wash
(num: 9031), BADBABA, monsters, monsters
(num: 9032), BADBABA, willowtrees, willowtrees, launds
(num: 9033), BADBABA
(num: 9034), BADBABA, unwitting
(num: 9035), BADBABA, engaged, fissures, fissures
(num: 9036), BADBABA
(num: 9037), BADBABA
(num: 9038), BADBABA, quarter, quarter
(num: 9039), BADBABA, Behind, Behind
(num: 9040), BADBABA
(num: 9041), BADBABA
(num: 9042), BADBABA, Riddlegame, Riddlegame, Ass
(num: 9043), BADBABA, affect, affect
(num: 9044), BADBABA
(num: 9045), BADBABA, pile, pile, vagabonds
(num: 9046), BADBABA
(num: 9047), BADBABA, Bilbos, Bilbos, emperors
(num: 9048), BADBABA
(num: 9049), BADBABA, Often, Often
(num: 9050), BADBABA
(num: 9051), BADBABA
(num: 9052), BADBABA, studded, studded, counselif, nobler
(num: 9053), BADBABA, anxious, anxious, Tomfools
(num: 9054), BADBABA, finally, finally
(num: 9055), BADBABA
(num: 9056), BADBABA, chapter, chapter
(num: 9057), BADBABA, apart, paddling, paddling
(num: 9058), BADBABA, hobbitgirls, Nachaered, leanness
(num: 9059), BADBABA, Witch, springing, springing
(num: 9060), BADBABA
(num: 9061), BADBABA
(num: 9062), BADBABA, father, father, Eorlingas, Eorlingas
(num: 9063), BADBABA, preside, tarried, tarried
(num: 9064), BADBABA, careful, careful, yawn, yawn
(num: 9065), BADBABA, dare, dare
(num: 9066), BADBABA
(num: 9067), BADBABA, bodyguards
(num: 9068), BADBABA, Fortunately, matched, unarmed, unarmed
(num: 9069), BADBABA, childrens, Everywhere, Everywhere
(num: 9070), BADBABA, hitherto, hitherto, frowns
(num: 9071), BADBABA, wool, wool
(num: 9072), BADBABA
(num: 9073), BADBABA, tellumar
(num: 9074), BADBABA, archers, archers, bilberry
(num: 9075), BADBABA, Keeping
(num: 9076), BADBABA, Where, Where, ford, ford, Forlong, Forlong
(num: 9077), BADBABA, version
(num: 9078), BADBABA
(num: 9079), BADBABA, Pipeweed, Pipeweed
(num: 9080), BADBABA, except, except, disfigured
(num: 9081), BADBABA, listens, listens, enthouses, enthouses
(num: 9082), BADBABA
(num: 9083), BADBABA, airs, airs
(num: 9084), BADBABA
(num: 9085), BADBABA, reverence, reverence
(num: 9086), BADBABA, Perch, Perch, safekeeping, safekeeping
(num: 9087), BADBABA
(num: 9088), BADBABA
(num: 9089), BADBABA
(num: 9090), BADBABA
(num: 9091), BADBABA, core, core
(num: 9092), BADBABA, smash, smash, approached, approached
(num: 9093), BADBABA, vaster
(num: 9094), BADBABA, fryingpan, Youd, Youd, melodious
(num: 9095), BADBABA, easily, easily, moisture
(num: 9096), BADBABA, trailed, pieced, pieced
(num: 9097), BADBABA
(num: 9098), BADBABA, wh, wh
(num: 9099), BADBABA
(num: 9100), BADBABA, strongwilled
(num: 9101), BADBABA, discuss, Bert, Bert
(num: 9102), BADBABA, Stock, Stock
(num: 9103), BADBABA, backwardslike
(num: 9104), BADBABA, pushes
(num: 9105), BADBABA, mask, mask
(num: 9106), BADBABA, material, material
(num: 9107), BADBABA, figures, figures
(num: 9108), BADBABA
(num: 9109), BADBABA, drizzle, drizzle
(num: 9110), BADBABA, beforeit
(num: 9111), BADBABA, worlds, worlds
(num: 9112), BADBABA, marsh, ringwall
(num: 9113), BADBABA, tools, tools, unanswered, coasts, coasts
(num: 9114), BADBABA, escort, concerns, concerns
(num: 9115), BADBABA
(num: 9116), BADBABA, Yrch, Yrch
(num: 9117), BADBABA
(num: 9118), BADBABA
(num: 9119), BADBABA
(num: 9120), BADBABA
(num: 9121), BADBABA, theyre, theyre, Miller
(num: 9122), BADBABA
(num: 9123), BADBABA, bootless, Rules, Rules
(num: 9124), BADBABA, blackberrying, Warily
(num: 9125), BADBABA, skinchanger, skinchanger
(num: 9126), BADBABA
(num: 9127), BADBABA, festers
(num: 9128), BADBABA
(num: 9129), BADBABA, stonepaved, stonepaved, mountaineers
(num: 9130), BADBABA, Asfaloth
(num: 9131), BADBABA
(num: 9132), BADBABA, Red, Red, training, quailed, quailed, testing, testing
(num: 9133), BADBABA, land, land, elfmaiden, curtain, curtain
(num: 9134), BADBABA
(num: 9135), BADBABA
(num: 9136), BADBABA, Erebor, Celerdain, maidchild
(num: 9137), BADBABA
(num: 9138), BADBABA, wildly, welled, pinnacles, pinnacles, ins, ins
(num: 9139), BADBABA, cared, cared, drivingseat
(num: 9140), BADBABA
(num: 9141), BADBABA, unlost, highseats
(num: 9142), BADBABA, Fool, Fool
(num: 9143), BADBABA, saffron
(num: 9144), BADBABA, benefit, benefit
(num: 9145), BADBABA
(num: 9146), BADBABA
(num: 9147), BADBABA
(num: 9148), BADBABA
(num: 9149), BADBABA, Windowcurtain
(num: 9150), BADBABA, unnoticed, unnoticed
(num: 9151), BADBABA, particularly, particularly
(num: 9152), BADBABA, scroll, scroll
(num: 9153), BADBABA, corpselight
(num: 9154), BADBABA, Bridgehouse
(num: 9155), BADBABA, fallow, fallow
(num: 9156), BADBABA, doubtful, doubtful
(num: 9157), BADBABA, springtime, FA, shoutinghe
(num: 9158), BADBABA, noses, weve, trimmed, trimmed, hauling, hauling
(num: 9159), BADBABA
(num: 9160), BADBABA, Prince, Prince
(num: 9161), BADBABA, trollmake, c, benea
(num: 9162), BADBABA, dread, dread, PARTY, Entwash, Entwash, lumbull
(num: 9163), BADBABA, report, report, silkengrey
(num: 9164), BADBABA, tussocky
(num: 9165), BADBABA, wisely, wisely, intelligible
(num: 9166), BADBABA, biased
(num: 9167), BADBABA
(num: 9168), BADBABA, farmhousehold
(num: 9169), BADBABA, bounding, bounding
(num: 9170), BADBABA, Disappear
(num: 9171), BADBABA, loose, loose
(num: 9172), BADBABA, Chubb
(num: 9173), BADBABA, campingplace, campingplace
(num: 9174), BADBABA
(num: 9175), BADBABA, warriorsthe, fireplace, fireplace
(num: 9176), BADBABA, whole, whole, hovering, hovering
(num: 9177), BADBABA, sleepiness, sleepiness
(num: 9178), BADBABA
(num: 9179), BADBABA
(num: 9180), BADBABA, weakness, weakness, Echor, Echor, replenished
(num: 9181), BADBABA, hoarse, hoarse, sawing
(num: 9182), BADBABA, shortly, wariness, wariness, DOWNFALL
(num: 9183), BADBABA, steepsided, capped
(num: 9184), BADBABA, back, back, Gulf
(num: 9185), BADBABA, escorted, belie
(num: 9186), BADBABA, tool, tool
(num: 9187), BADBABA, newly, newly
(num: 9188), BADBABA, wantonly, closefurled, closefurled
(num: 9189), BADBABA
(num: 9190), BADBABA, Puzzled, month, month
(num: 9191), BADBABA, Brown, Brown
(num: 9192), BADBABA, Gaffers, Gaffers, rhyme, rhyme, chasm, chasm
(num: 9193), BADBABA, Masters, Masters
(num: 9194), BADBABA, flapped, flapped, forgebellows
(num: 9195), BADBABA
(num: 9196), BADBABA, edges, edges, dominated, dominated
(num: 9197), BADBABA, talked, talked, halflight, halflight
(num: 9198), BADBABA, received, received
(num: 9199), BADBABA
(num: 9200), BADBABA, mirror, mirror
(num: 9201), BADBABA
(num: 9202), BADBABA, thumped, frontal
(num: 9203), BADBABA, purposes, purposes
(num: 9204), BADBABA
(num: 9205), BADBABA, redly, groundasleep
(num: 9206), BADBABA, stopping, learns, learns
(num: 9207), BADBABA, dispute, Holding, Holding
(num: 9208), BADBABA, bramble, bramble
(num: 9209), BADBABA, trudged, trudged
(num: 9210), BADBABA
(num: 9211), BADBABA, puffed, puffed, starving, starving, lied
(num: 9212), BADBABA, woke, woke, wordyet
(num: 9213), BADBABA, Treat
(num: 9214), BADBABA, reciting, reciting
(num: 9215), BADBABA, backward, backward, Kin
(num: 9216), BADBABA, corrupts
(num: 9217), BADBABA, laterthat, Tomnoddy, Tomnoddy
(num: 9218), BADBABA, rearward
(num: 9219), BADBABA, drowned, drowned, hop, hop
(num: 9220), BADBABA, surprising, surprising
(num: 9221), BADBABA, envy
(num: 9222), BADBABA, firework, sown
(num: 9223), BADBABA, loomed, loomed, whining, whining
(num: 9224), BADBABA, storerooms
(num: 9225), BADBABA, precipice, disuse, darkening, darkening, Derndingle, Derndingle, searing, searing
(num: 9226), BADBABA, chanting, clefts, clefts, pikestaff, remonstrance
(num: 9227), BADBABA, published
(num: 9228), BADBABA, twentyseven
(num: 9229), BADBABA
(num: 9230), BADBABA, childish
(num: 9231), BADBABA, yell, yell, sobered, malicious
(num: 9232), BADBABA, trailing, Lobelia, Lobelia, halfempty, billows, billows, kitten
(num: 9233), BADBABA
(num: 9234), BADBABA, rubbing, mallorntree, Stormcrow, Stormcrow
(num: 9235), BADBABA, havent, havent, bid, bid
(num: 9236), BADBABA, comfortably, comfortably, elusiveness, overhead, overhead, hemming, twentysecond
(num: 9237), BADBABA, renegade, renegade
(num: 9238), BADBABA
(num: 9239), BADBABA
(num: 9240), BADBABA, chilling, chilling
(num: 9241), BADBABA, iron, iron, neighed, neighed
(num: 9242), BADBABA, gettin
(num: 9243), BADBABA, Long, Long, Shiremoot
(num: 9244), BADBABA, mightily, mightily
(num: 9245), BADBABA, ys
(num: 9246), BADBABA, No, No, antiquity, antiquity, palantnr, palantnr
(num: 9247), BADBABA, Many, rushbottoms, wormed, scalp
(num: 9248), BADBABA, malthouses
(num: 9249), BADBABA, needful
(num: 9250), BADBABA
(num: 9251), BADBABA, desire, desire
(num: 9252), BADBABA
(num: 9253), BADBABA
(num: 9254), BADBABA, professional, professional, Dropping
(num: 9255), BADBABA, Nen, Nen
(num: 9256), BADBABA, slapped, slapped
(num: 9257), BADBABA, hill, hill, Crying
(num: 9258), BADBABA, clotted, checked, checked, Perian
(num: 9259), BADBABA
(num: 9260), BADBABA
(num: 9261), BADBABA
(num: 9262), BADBABA, alter, alter
(num: 9263), BADBABA, Fail, rugged, rugged
(num: 9264), BADBABA, Twentysecond, answe
(num: 9265), BADBABA
(num: 9266), BADBABA
(num: 9267), BADBABA
(num: 9268), BADBABA
(num: 9269), BADBABA
(num: 9270), BADBABA
(num: 9271), BADBABA
(num: 9272), BADBABA
(num: 9273), BADBABA, occupied, occupied
(num: 9274), BADBABA, trays, trays, happy, happy, unsure
(num: 9275), BADBABA, Fugitives, upstart, upstart
(num: 9276), BADBABA, Dragon, regarded, regarded, proves, proves, roofless, grassblades
(num: 9277), BADBABA
(num: 9278), BADBABA
(num: 9279), BADBABA, resistance, resistance, changeful
(num: 9280), BADBABA, sealed, sealed, unsatisfied
(num: 9281), BADBABA, unwashedup, hemlocksheaves
(num: 9282), BADBABA
(num: 9283), BADBABA, orderly, cleft, cleft
(num: 9284), BADBABA
(num: 9285), BADBABA, earliest
(num: 9286), BADBABA, hillsides, floating, floating, Unheeding
(num: 9287), BADBABA, fires, fires, collapse
(num: 9288), BADBABA, eat, eat
(num: 9289), BADBABA
(num: 9290), BADBABA
(num: 9291), BADBABA, draught, draught
(num: 9292), BADBABA
(num: 9293), BADBABA, Tea, Tea
(num: 9294), BADBABA
(num: 9295), BADBABA
(num: 9296), BADBABA, crashing, admit, admit, dazed, dazed
(num: 9297), BADBABA, sup, sup, Starlight, ld, ld
(num: 9298), BADBABA
(num: 9299), BADBABA, tapering
(num: 9300), BADBABA, alliance, alliance
(num: 9301), BADBABA, Lovely, Lovely
(num: 9302), BADBABA
(num: 9303), BADBABA
(num: 9304), BADBABA
(num: 9305), BADBABA, conspirator, conspirator, Dwarfkings
(num: 9306), BADBABA, beechtrees
(num: 9307), BADBABA
(num: 9308), BADBABA
(num: 9309), BADBABA
(num: 9310), BADBABA, examination
(num: 9311), BADBABA, iris, decay, decay, halved
(num: 9312), BADBABA, interlacing, merciless, Order, Order
(num: 9313), BADBABA, slumber, slumber, ankledeep, ankledeep, Haunted, Haunted
(num: 9314), BADBABA
(num: 9315), BADBABA, exercise, uswe
(num: 9316), BADBABA, grassgrown, grassgrown
(num: 9317), BADBABA, kind, kind, hobbling
(num: 9318), BADBABA
(num: 9319), BADBABA
(num: 9320), BADBABA, slimed, proposal
(num: 9321), BADBABA, trespassing, trespassing, loped
(num: 9322), BADBABA, snuffed, Suns, rowan, rowan
(num: 9323), BADBABA, smiling, smiling, abode, abode
(num: 9324), BADBABA
(num: 9325), BADBABA, rippled, rippled, Mauhr, Mauhr
(num: 9326), BADBABA
(num: 9327), BADBABA, brings, brings, pr, shaven, shaven
(num: 9328), BADBABA, dale, dale, recognition, necessity, necessity
(num: 9329), BADBABA, Nindalf
(num: 9330), BADBABA, clippety
(num: 9331), BADBABA, yearning
(num: 9332), BADBABA
(num: 9333), BADBABA, thing, thing
(num: 9334), BADBABA, ravens, ravens, mixing, mixing
(num: 9335), BADBABA, spells, spells, Lying, Lying
(num: 9336), BADBABA, jacks
(num: 9337), BADBABA, sears
(num: 9338), BADBABA, resolute, resolute
(num: 9339), BADBABA, Telchar
(num: 9340), BADBABA, fact, fact, sniffling
(num: 9341), BADBABA, persons, persons, mournfully, mournfully
(num: 9342), BADBABA, milk, midst, midst, Suspicion
(num: 9343), BADBABA, business, business
(num: 9344), BADBABA, or, or, sir, sir, monument, monument
(num: 9345), BADBABA
(num: 9346), BADBABA
(num: 9347), BADBABA, hiding, hiding
(num: 9348), BADBABA, Sandheaver
(num: 9349), BADBABA
(num: 9350), BADBABA, mountainpeaks
(num: 9351), BADBABA, Feeling
(num: 9352), BADBABA, servant, servant
(num: 9353), BADBABA
(num: 9354), BADBABA
(num: 9355), BADBABA
(num: 9356), BADBABA, aisle, aisle, flinthearted
(num: 9357), BADBABA, trained, trained
(num: 9358), BADBABA, According, According
(num: 9359), BADBABA
(num: 9360), BADBABA, sindanuriello, abed
(num: 9361), BADBABA
(num: 9362), BADBABA
(num: 9363), BADBABA, hustling, mallorntrees, mallorntrees, hullo
(num: 9364), BADBABA, flustered, flustered, rekindled, rekindled, accept, accept
(num: 9365), BADBABA, future, future
(num: 9366), BADBABA
(num: 9367), BADBABA, Top
(num: 9368), BADBABA
(num: 9369), BADBABA
(num: 9370), BADBABA
(num: 9371), BADBABA, ceiling, ceiling, fields, fields, hue, hue
(num: 9372), BADBABA, hardedged
(num: 9373), BADBABA, earthward
(num: 9374), BADBABA, evergreensit
(num: 9375), BADBABA
(num: 9376), BADBABA, treestumps
(num: 9377), BADBABA, Fling, Fenmarch, Fenmarch
(num: 9378), BADBABA, blackness, blackness
(num: 9379), BADBABA, palace, palace
(num: 9380), BADBABA, telescopes, shrank, shrank, waterman, windblown
(num: 9381), BADBABA
(num: 9382), BADBABA, Fallohides, Fallohides
(num: 9383), BADBABA, elephants, neckwe, nasturtiums
(num: 9384), BADBABA, stench, stench
(num: 9385), BADBABA, Hob, Hob
(num: 9386), BADBABA, twined, twined, elders, elders, Authority
(num: 9387), BADBABA, thistles, Language
(num: 9388), BADBABA, trim, homelike, homelike, Shes, Shes, crowning, crowning
(num: 9389), BADBABA
(num: 9390), BADBABA
(num: 9391), BADBABA, frantically, frantically
(num: 9392), BADBABA, contraptions
(num: 9393), BADBABA, pried, Records
(num: 9394), BADBABA, nonsensewords, motion, motion
(num: 9395), BADBABA
(num: 9396), BADBABA, quietly, quietly, Scouring, Scouring
(num: 9397), BADBABA
(num: 9398), BADBABA, rejoined, rejoined
(num: 9399), BADBABA
(num: 9400), BADBABA, Clash
(num: 9401), BADBABA
(num: 9402), BADBABA, Archet, Archet, errandrider, errandrider
(num: 9403), BADBABA, remain, remain, puff, puff
(num: 9404), BADBABA
(num: 9405), BADBABA, natural, built, built, flies, flies
(num: 9406), BADBABA, twanging
(num: 9407), BADBABA, lookout, lookout, plucking, plucking, politeness
(num: 9408), BADBABA
(num: 9409), BADBABA, mounds, mounds, sloe, sloe, ghylls, ghylls
(num: 9410), BADBABA
(num: 9411), BADBABA, bitterness, bitterness
(num: 9412), BADBABA, greatgranduncle, welded
(num: 9413), BADBABA, forestsilence, railing, efore, glowering, glowering
(num: 9414), BADBABA, shut, shut, Rather
(num: 9415), BADBABA
(num: 9416), BADBABA
(num: 9417), BADBABA, birdnesting
(num: 9418), BADBABA
(num: 9419), BADBABA
(num: 9420), BADBABA
(num: 9421), BADBABA, flamed, flamed
(num: 9422), BADBABA, forty, forty, Pelargir, Pelargir
(num: 9423), BADBABA, visible, visible
(num: 9424), BADBABA, ils, rashness, maggotridden
(num: 9425), BADBABA, raining, concealing, concealing
(num: 9426), BADBABA, everyday, everyday
(num: 9427), BADBABA, screened, Alder, legal, legal, Fatty, Fatty
(num: 9428), BADBABA, roundabout
(num: 9429), BADBABA, Seaelves
(num: 9430), BADBABA, whomsoever
(num: 9431), BADBABA
(num: 9432), BADBABA, currents, currents
(num: 9433), BADBABA
(num: 9434), BADBABA, shoes, shoes, Cita
(num: 9435), BADBABA, fastfor
(num: 9436), BADBABA, strict, strict
(num: 9437), BADBABA, attention, attention, swoon, swoon
(num: 9438), BADBABA, outon
(num: 9439), BADBABA
(num: 9440), BADBABA
(num: 9441), BADBABA, information, information, joins, joins, harshly
(num: 9442), BADBABA
(num: 9443), BADBABA, vain, vain
(num: 9444), BADBABA
(num: 9445), BADBABA
(num: 9446), BADBABA, resigned
(num: 9447), BADBABA, Sun, glimmered, glimmered, swordsmen, swordsmen, Lithui, Lithui
(num: 9448), BADBABA, bare, bare, dishonoured, dishonoured
(num: 9449), BADBABA, pinetrees, pinetrees
(num: 9450), BADBABA, donkeys, quays, quays, Candles, Candles
(num: 9451), BADBABA, Worms, Narsil, Narsil
(num: 9452), BADBABA, trespasser, bowlegged, bowlegged
(num: 9453), BADBABA, Stewards, Stewards, Oft
(num: 9454), BADBABA, paced, paced
(num: 9455), BADBABA
(num: 9456), BADBABA
(num: 9457), BADBABA, broadens
(num: 9458), BADBABA, breaths, Nimrodelcurse, Landroval, Landroval
(num: 9459), BADBABA, sha, sha
(num: 9460), BADBABA, Your, Your, Primeroles
(num: 9461), BADBABA, insulted
(num: 9462), BADBABA, Deal, Deal
(num: 9463), BADBABA, Hobbits, Hobbits, knobbed
(num: 9464), BADBABA
(num: 9465), BADBABA
(num: 9466), BADBABA
(num: 9467), BADBABA, insignificant
(num: 9468), BADBABA, mutters
(num: 9469), BADBABA
(num: 9470), BADBABA, searchingly, searchingly, sighted, sighted, crowding
(num: 9471), BADBABA
(num: 9472), BADBABA, hands, hands
(num: 9473), BADBABA, undulbvl, swarthier
(num: 9474), BADBABA, Drogo, Drogo
(num: 9475), BADBABA, ruled, ruled, apt, apt
(num: 9476), BADBABA, mansions, mansions
(num: 9477), BADBABA, facets, Southrons, Southrons
(num: 9478), BADBABA
(num: 9479), BADBABA, Pheriannath, Pheriannath
(num: 9480), BADBABA, niphredil, niphredil, fulfilling
(num: 9481), BADBABA, stewing
(num: 9482), BADBABA
(num: 9483), BADBABA, all, all, Hrnmm, console, Yonder, Yonder, Death, Death
(num: 9484), BADBABA, enmity, enmity, Grabbing
(num: 9485), BADBABA, shapely, shapely, revolved, revolved
(num: 9486), BADBABA
(num: 9487), BADBABA
(num: 9488), BADBABA, pungent, pungent, gallantly
(num: 9489), BADBABA
(num: 9490), BADBABA, tongs, tongs, plodding, luminous, luminous
(num: 9491), BADBABA, overtake, overtake
(num: 9492), BADBABA, toom
(num: 9493), BADBABA
(num: 9494), BADBABA
(num: 9495), BADBABA
(num: 9496), BADBABA, thenor, shyly, srinen, Spoiling
(num: 9497), BADBABA
(num: 9498), BADBABA
(num: 9499), BADBABA
(num: 9500), BADBABA, lightning, lightning, repent, irresponsible
(num: 9501), BADBABA, Words, Words
(num: 9502), BADBABA, burrahobbit, burrahobbit
(num: 9503), BADBABA, remote, remote
(num: 9504), BADBABA
(num: 9505), BADBABA, sparks, sparks
(num: 9506), BADBABA, Belladonna, Belladonna, Ordering, Ordering, gutters, gutters
(num: 9507), BADBABA, discern, discern
(num: 9508), BADBABA
(num: 9509), BADBABA
(num: 9510), BADBABA, rained
(num: 9511), BADBABA
(num: 9512), BADBABA, awful, awful
(num: 9513), BADBABA, scatter, blindness, blindness, headaches, RINGS
(num: 9514), BADBABA, Elendil, Elendil
(num: 9515), BADBABA
(num: 9516), BADBABA
(num: 9517), BADBABA, engine, ssed, ssed
(num: 9518), BADBABA, outcompanies, outcompanies
(num: 9519), BADBABA
(num: 9520), BADBABA
(num: 9521), BADBABA, forest, forest, Eastlands
(num: 9522), BADBABA, fitly, orchost, orchost
(num: 9523), BADBABA
(num: 9524), BADBABA, insupportable
(num: 9525), BADBABA, counted, counted, Denethor, Denethor, unabated, unabated
(num: 9526), BADBABA
(num: 9527), BADBABA, pertness, twentyfifth, twentyfifth
(num: 9528), BADBABA, pelts, pelts
(num: 9529), BADBABA
(num: 9530), BADBABA, deeply, deeply, driving, beams, beams, Therell, Therell
(num: 9531), BADBABA, give, give, dryad
(num: 9532), BADBABA, tunic, tunic
(num: 9533), BADBABA, rumbling, rumbling
(num: 9534), BADBABA, kindliness, handsfirst
(num: 9535), BADBABA, lissemiruvureva, Destroy, Shirriffhouses, Shirriffhouses
(num: 9536), BADBABA, laved, laved
(num: 9537), BADBABA, hours, hours
(num: 9538), BADBABA
(num: 9539), BADBABA
(num: 9540), BADBABA
(num: 9541), BADBABA, wearing, wearing, self, self
(num: 9542), BADBABA, Known
(num: 9543), BADBABA
(num: 9544), BADBABA, allude, scored, scored
(num: 9545), BADBABA, heave, heave
(num: 9546), BADBABA, Mugworts
(num: 9547), BADBABA
(num: 9548), BADBABA
(num: 9549), BADBABA, brave, brave
(num: 9550), BADBABA
(num: 9551), BADBABA
(num: 9552), BADBABA, somewhat, somewhat
(num: 9553), BADBABA, dreamed, dreamed, shrilling
(num: 9554), BADBABA, valleys, valleys, maintain
(num: 9555), BADBABA, daunt, daunt
(num: 9556), BADBABA, Here, Here, Perching
(num: 9557), BADBABA
(num: 9558), BADBABA, buds, buds
(num: 9559), BADBABA, crook, crook
(num: 9560), BADBABA
(num: 9561), BADBABA
(num: 9562), BADBABA, Tinviel, Tinviel, smallest, smallest
(num: 9563), BADBABA
(num: 9564), BADBABA, blindmans, Wrenching
(num: 9565), BADBABA, walks, walks, limbed, limbed
(num: 9566), BADBABA
(num: 9567), BADBABA, Dawn, variable
(num: 9568), BADBABA, Wheres, Wheres, Twisted
(num: 9569), BADBABA, quagmires, greatness
(num: 9570), BADBABA, ignorant, ignorant
(num: 9571), BADBABA
(num: 9572), BADBABA, Saturday, Saturday, Command, Command
(num: 9573), BADBABA, brightness, brightness, Anxiously
(num: 9574), BADBABA, Beside, Beside, Rain, Rain
(num: 9575), BADBABA, Fair, Fair
(num: 9576), BADBABA, Good, Good
(num: 9577), BADBABA, confusing, confusing
(num: 9578), BADBABA, cleverly, energies, Lie, Lie
(num: 9579), BADBABA
(num: 9580), BADBABA, sickle, sickle, waylay, Bor, Bor
(num: 9581), BADBABA, tucked, Oakenshield, Oakenshield, disconcerting, shoreless, shoreless
(num: 9582), BADBABA, sat, sat
(num: 9583), BADBABA, reopen, Stonecity, Stonecity
(num: 9584), BADBABA, Vi, Seeing, Seeing
(num: 9585), BADBABA, tossing, tossing, whinnied, barricade, barricade
(num: 9586), BADBABA, Thursday, Thursday, Buckler, Smokes, Smokes
(num: 9587), BADBABA
(num: 9588), BADBABA
(num: 9589), BADBABA
(num: 9590), BADBABA, Deserting
(num: 9591), BADBABA
(num: 9592), BADBABA, trolls, trolls
(num: 9593), BADBABA
(num: 9594), BADBABA, elfchildren, elfchildren, Shiretalk
(num: 9595), BADBABA, brim, brim, Riddermark, Riddermark
(num: 9596), BADBABA, spring, spring
(num: 9597), BADBABA
(num: 9598), BADBABA, breed, breed
(num: 9599), BADBABA, cone, cone
(num: 9600), BADBABA, inst, inst, vulgar, Change
(num: 9601), BADBABA
(num: 9602), BADBABA
(num: 9603), BADBABA
(num: 9604), BADBABA, prevail, prevail
(num: 9605), BADBABA, sweet, Anyway, Anyway, Hood, Elffriend, Elffriend
(num: 9606), BADBABA, His, His, wolfchieftain
(num: 9607), BADBABA, lembas, lembas
(num: 9608), BADBABA, Torment
(num: 9609), BADBABA, wobble, wobble, Goodbodies, Goodbodies
(num: 9610), BADBABA, confuse, wearied, wearied
(num: 9611), BADBABA, shells
(num: 9612), BADBABA, Contents
(num: 9613), BADBABA
(num: 9614), BADBABA, Anurien, author, author, palaces, palaces
(num: 9615), BADBABA
(num: 9616), BADBABA
(num: 9617), BADBABA
(num: 9618), BADBABA
(num: 9619), BADBABA, trowels, trowels
(num: 9620), BADBABA
(num: 9621), BADBABA, flowed, flowed
(num: 9622), BADBABA, Wriggling
(num: 9623), BADBABA
(num: 9624), BADBABA
(num: 9625), BADBABA, mischief, mischief
(num: 9626), BADBABA, untended, semicircle
(num: 9627), BADBABA
(num: 9628), BADBABA, air, air, stern, stern
(num: 9629), BADBABA, tricky, tricky
(num: 9630), BADBABA, anthills
(num: 9631), BADBABA, valleybottom
(num: 9632), BADBABA
(num: 9633), BADBABA, ridingtrack
(num: 9634), BADBABA
(num: 9635), BADBABA, listened, listened
(num: 9636), BADBABA, gravy, aisles, aisles
(num: 9637), BADBABA, leering, leering
(num: 9638), BADBABA
(num: 9639), BADBABA
(num: 9640), BADBABA, knife, knife, sharpeyed, sharpeyed
(num: 9641), BADBABA, foiled, bachelors, battlefield, battlefield
(num: 9642), BADBABA, upper, upper
(num: 9643), BADBABA
(num: 9644), BADBABA, Gaffer, Gaffer, Southward, Southward, Citygate
(num: 9645), BADBABA, threads, threads
(num: 9646), BADBABA
(num: 9647), BADBABA, gape, gape
(num: 9648), BADBABA, shrillness
(num: 9649), BADBABA, feeding, recesses, recesses
(num: 9650), BADBABA
(num: 9651), BADBABA, victorious, victorious
(num: 9652), BADBABA, Lthien, Lthien, Poison
(num: 9653), BADBABA, Grip, Grip, favour, favour
(num: 9654), BADBABA
(num: 9655), BADBABA
(num: 9656), BADBABA
(num: 9657), BADBABA
(num: 9658), BADBABA
(num: 9659), BADBABA, drove, drove, dealing, dealing, elfbanes
(num: 9660), BADBABA
(num: 9661), BADBABA, taken, taken
(num: 9662), BADBABA
(num: 9663), BADBABA, Lakemen, Lakemen
(num: 9664), BADBABA
(num: 9665), BADBABA, refused, refused, Dains, Dains, attempts, masterless
(num: 9666), BADBABA
(num: 9667), BADBABA, devouring, devouring, murky, ambushed
(num: 9668), BADBABA
(num: 9669), BADBABA
(num: 9670), BADBABA, O, O
(num: 9671), BADBABA, Ah, Ah
(num: 9672), BADBABA, throb, ca, ca
(num: 9673), BADBABA, Teatime, showed, showed, Huorns, Huorns
(num: 9674), BADBABA, briars, briars
(num: 9675), BADBABA
(num: 9676), BADBABA, menaced
(num: 9677), BADBABA, assistant, quartered, van, van
(num: 9678), BADBABA, exploded
(num: 9679), BADBABA, outnumbered, outnumbered, mission, mission, brunt, aput
(num: 9680), BADBABA, dissuaded
(num: 9681), BADBABA, captivity, tangles
(num: 9682), BADBABA, penetrated, interpret
(num: 9683), BADBABA
(num: 9684), BADBABA
(num: 9685), BADBABA, stuck, stuck, overgrown, voiced, arisen, arisen, turmoils, turmoils
(num: 9686), BADBABA
(num: 9687), BADBABA, unrolling, sided, sided
(num: 9688), BADBABA, top, top, guests, guests
(num: 9689), BADBABA, hurrying, hurrying
(num: 9690), BADBABA, hither, hither, lves
(num: 9691), BADBABA, slowkindled
(num: 9692), BADBABA, yourself, yourself
(num: 9693), BADBABA, making, making, Glamdring, Glamdring
(num: 9694), BADBABA, a, a, grain, crave, crave
(num: 9695), BADBABA, Surety
(num: 9696), BADBABA, mad, mad
(num: 9697), BADBABA
(num: 9698), BADBABA, serene
(num: 9699), BADBABA
(num: 9700), BADBABA, shrewdly
(num: 9701), BADBABA, flickering, watchfulness, Thranduil, Thranduil, Room, Room
(num: 9702), BADBABA
(num: 9703), BADBABA, mining, mining, stampede, Dizzy
(num: 9704), BADBABA, nay, nay
(num: 9705), BADBABA, hearthrug
(num: 9706), BADBABA, holy
(num: 9707), BADBABA, clothes, clothes, mingled, mingled
(num: 9708), BADBABA, cuts, cuts
(num: 9709), BADBABA, ages, ages, waterlilies, waterlilies, Loth, Loth
(num: 9710), BADBABA, treble
(num: 9711), BADBABA, eggshaped, armouries, armouries
(num: 9712), BADBABA, intricate, signboard
(num: 9713), BADBABA, crannied
(num: 9714), BADBABA, westwardsbehind
(num: 9715), BADBABA, fine, fine, trophies, trophies
(num: 9716), BADBABA
(num: 9717), BADBABA
(num: 9718), BADBABA
(num: 9719), BADBABA, forgetmenots, forgetmenots, orcmischief
(num: 9720), BADBABA, thudding, conveying, salt, salt
(num: 9721), BADBABA, dyou, dyou
(num: 9722), BADBABA
(num: 9723), BADBABA, bastion, bastion
(num: 9724), BADBABA, drier, berries, berries
(num: 9725), BADBABA, Grimbolds
(num: 9726), BADBABA, raft, raft, hump, hump
(num: 9727), BADBABA
(num: 9728), BADBABA, Nothing, Nothing, Breefolk, Breefolk
(num: 9729), BADBABA
(num: 9730), BADBABA, logs, logs, newopened, Branched, Wish, Wish
(num: 9731), BADBABA, anniversary
(num: 9732), BADBABA, mine, mine
(num: 9733), BADBABA, Tablet, Hunt
(num: 9734), BADBABA, poorest, observed, observed, scents
(num: 9735), BADBABA, adornments, ryna, ryna
(num: 9736), BADBABA, curiosity, curiosity
(num: 9737), BADBABA
(num: 9738), BADBABA
(num: 9739), BADBABA
(num: 9740), BADBABA, enjoyed, enjoyed, Today, Today
(num: 9741), BADBABA, slinking, Chetwood, Chetwood
(num: 9742), BADBABA, nests, nests
(num: 9743), BADBABA, pen, Overhill
(num: 9744), BADBABA, wellspoken, sheen, sheen
(num: 9745), BADBABA, frowning, frowning
(num: 9746), BADBABA, halfforgotten, halfforgotten
(num: 9747), BADBABA
(num: 9748), BADBABA, Whew, encircled, encircled
(num: 9749), BADBABA, Pine
(num: 9750), BADBABA, problem, problem
(num: 9751), BADBABA, alert, alert
(num: 9752), BADBABA, skyblue, whose, whose, cell, cell
(num: 9753), BADBABA, commands, commands
(num: 9754), BADBABA
(num: 9755), BADBABA, entertaining
(num: 9756), BADBABA, PS
(num: 9757), BADBABA, circlet, circlet
(num: 9758), BADBABA
(num: 9759), BADBABA, Yjni, Yjni
(num: 9760), BADBABA
(num: 9761), BADBABA
(num: 9762), BADBABA
(num: 9763), BADBABA, between, between, clank, astounding, Mithrandirs, Mithrandirs
(num: 9764), BADBABA, Wide, Wide, bower, bower
(num: 9765), BADBABA, campfire
(num: 9766), BADBABA, Boner, unclasped, unclasped
(num: 9767), BADBABA
(num: 9768), BADBABA, gentlemen
(num: 9769), BADBABA, spokes, highwalled, rushseated
(num: 9770), BADBABA
(num: 9771), BADBABA
(num: 9772), BADBABA, Mere, orccloak
(num: 9773), BADBABA, patting, patting
(num: 9774), BADBABA
(num: 9775), BADBABA, tents, tents
(num: 9776), BADBABA, soldiery, soldiery
(num: 9777), BADBABA, silvered, silvered
(num: 9778), BADBABA, thankful, thankful
(num: 9779), BADBABA, cruelly, du
(num: 9780), BADBABA
(num: 9781), BADBABA, naming, naming
(num: 9782), BADBABA, everyones
(num: 9783), BADBABA, craggy
(num: 9784), BADBABA, shepherdless, Renowned
(num: 9785), BADBABA, sandyhaired, faltered, faltered
(num: 9786), BADBABA
(num: 9787), BADBABA, lizard
(num: 9788), BADBABA, expensive, Surely, Surely, Realm, Realm
(num: 9789), BADBABA, bearable, bearable, Cotton, Cotton
(num: 9790), BADBABA
(num: 9791), BADBABA
(num: 9792), BADBABA, Hither, Hither
(num: 9793), BADBABA, clip, vaulting
(num: 9794), BADBABA, lichen, Esquire
(num: 9795), BADBABA, correctly, correctly
(num: 9796), BADBABA, darkling, darkling
(num: 9797), BADBABA
(num: 9798), BADBABA
(num: 9799), BADBABA, loth, squarely
(num: 9800), BADBABA, Watch, Watch, brooding, brooding
(num: 9801), BADBABA, trust, trust, gushing, Palantnr, suited, suited
(num: 9802), BADBABA
(num: 9803), BADBABA, view, view, linger, linger
(num: 9804), BADBABA, happily, happily
(num: 9805), BADBABA
(num: 9806), BADBABA
(num: 9807), BADBABA
(num: 9808), BADBABA, Youll, Youll, raiment, raiment
(num: 9809), BADBABA, rough, Urn
(num: 9810), BADBABA, picking, picking, belonging
(num: 9811), BADBABA, lednone
(num: 9812), BADBABA, deceptions, beginnings, beginnings, exhausted, exhausted
(num: 9813), BADBABA, cavern, cavern
(num: 9814), BADBABA, sounds, sounds
(num: 9815), BADBABA, windless, windless
(num: 9816), BADBABA, Foehammer, Foehammer
(num: 9817), BADBABA
(num: 9818), BADBABA
(num: 9819), BADBABA
(num: 9820), BADBABA, plant, plant
(num: 9821), BADBABA, jagged, jagged
(num: 9822), BADBABA, skins, skins
(num: 9823), BADBABA, trifle, Bowman, Bowman, Whereas
(num: 9824), BADBABA
(num: 9825), BADBABA
(num: 9826), BADBABA, cow, cow, turnips
(num: 9827), BADBABA
(num: 9828), BADBABA
(num: 9829), BADBABA, click, alternated
(num: 9830), BADBABA
(num: 9831), BADBABA
(num: 9832), BADBABA, Was, Was, RAF
(num: 9833), BADBABA, GANDALF
(num: 9834), BADBABA
(num: 9835), BADBABA, continued, assembled, assembled, posted, posted, muzzle
(num: 9836), BADBABA, stead, stead
(num: 9837), BADBABA
(num: 9838), BADBABA, rills, rills, renounce
(num: 9839), BADBABA, ewers
(num: 9840), BADBABA
(num: 9841), BADBABA, invasion, invasion, Grrr, mottos
(num: 9842), BADBABA
(num: 9843), BADBABA
(num: 9844), BADBABA
(num: 9845), BADBABA
(num: 9846), BADBABA
(num: 9847), BADBABA, treetrunk, treetrunk, trinket, hillmen, hillmen
(num: 9848), BADBABA
(num: 9849), BADBABA, humour, humour
(num: 9850), BADBABA, Precious, Precious
(num: 9851), BADBABA, dripdripdripping
(num: 9852), BADBABA, everything, everything, badges, badges
(num: 9853), BADBABA, Nonsense, Nonsense
(num: 9854), BADBABA, rind, rind, Erech, Erech
(num: 9855), BADBABA, eats, eats
(num: 9856), BADBABA, Lampwrights, Lampwrights
(num: 9857), BADBABA, fowl, whitish
(num: 9858), BADBABA, wanted, wanted, lovely, lovely
(num: 9859), BADBABA, convulsion
(num: 9860), BADBABA, scowled, hurtling, hurtling, brood, brood
(num: 9861), BADBABA
(num: 9862), BADBABA
(num: 9863), BADBABA, sit, sit, silken, silken, fetters
(num: 9864), BADBABA
(num: 9865), BADBABA
(num: 9866), BADBABA
(num: 9867), BADBABA, markings, markings, Lindir, Lindir, Cruel, Cruel
(num: 9868), BADBABA, il, rap
(num: 9869), BADBABA, wrought, wrought
(num: 9870), BADBABA
(num: 9871), BADBABA, offhere, Uruks, Uruks
(num: 9872), BADBABA, surprisingly
(num: 9873), BADBABA, anyhow, unslung, unslung
(num: 9874), BADBABA, touch, touch
(num: 9875), BADBABA, Windlord, Windlord
(num: 9876), BADBABA, broad, broad
(num: 9877), BADBABA, newcomer, newcomer
(num: 9878), BADBABA
(num: 9879), BADBABA, dwarvesnot
(num: 9880), BADBABA
(num: 9881), BADBABA
(num: 9882), BADBABA, piece, piece, marvellou
(num: 9883), BADBABA, unrecoverable
(num: 9884), BADBABA, watercourses
(num: 9885), BADBABA, hornblowing
(num: 9886), BADBABA
(num: 9887), BADBABA
(num: 9888), BADBABA, eh, eh, variety, variety, spires, spires
(num: 9889), BADBABA, Tombs
(num: 9890), BADBABA, July
(num: 9891), BADBABA, keyhole, keyhole, Fancy, slugs, slugs
(num: 9892), BADBABA, Mordor, Mordor, enthouse, enthouse
(num: 9893), BADBABA, sky, sky, motor
(num: 9894), BADBABA, dame
(num: 9895), BADBABA, hoard, hoard, blinked, worrying, worrying
(num: 9896), BADBABA, faces, faces, pella
(num: 9897), BADBABA
(num: 9898), BADBABA, Stout
(num: 9899), BADBABA, jogged, jogged, lore, lore
(num: 9900), BADBABA, Nargothrond, Nargothrond
(num: 9901), BADBABA, downstream, downstream, crumples
(num: 9902), BADBABA, reddened, Everevens, swamps
(num: 9903), BADBABA, redoubled, redoubled
(num: 9904), BADBABA, expert
(num: 9905), BADBABA, unawares, unawares, Hoisting
(num: 9906), BADBABA, eyelids, eyelids
(num: 9907), BADBABA, Gorbag, Gorbag
(num: 9908), BADBABA, contributor, counselled, counselled
(num: 9909), BADBABA, fir, appended
(num: 9910), BADBABA, grandfather, grandfather, rotting, rotting, Loudly
(num: 9911), BADBABA, firewood, firewood, fights
(num: 9912), BADBABA, ranges, ranges
(num: 9913), BADBABA
(num: 9914), BADBABA, worthwhile
(num: 9915), BADBABA
(num: 9916), BADBABA, blink, blink, boats, boats
(num: 9917), BADBABA
(num: 9918), BADBABA, provisions, provisions
(num: 9919), BADBABA, because, because, collected, collected, Andy, Andy
(num: 9920), BADBABA, rude, rude, punishment, punishment
(num: 9921), BADBABA, bound, bound, wallet
(num: 9922), BADBABA
(num: 9923), BADBABA
(num: 9924), BADBABA, rumour, rumour
(num: 9925), BADBABA, discussing, discussing, pelting
(num: 9926), BADBABA, ladle
(num: 9927), BADBABA, nonesave
(num: 9928), BADBABA
(num: 9929), BADBABA, Nose, aches
(num: 9930), BADBABA, prosperous, prosperous, Doris, Doris, brat
(num: 9931), BADBABA, rummaging
(num: 9932), BADBABA, order, order, iel
(num: 9933), BADBABA, welcomed, welcomed
(num: 9934), BADBABA, Birds, Birds, task, task
(num: 9935), BADBABA, eyots, Northborders
(num: 9936), BADBABA, Ware, Ware
(num: 9937), BADBABA
(num: 9938), BADBABA, coneysnaring, ownthat
(num: 9939), BADBABA, fl, fl
(num: 9940), BADBABA, foretellings
(num: 9941), BADBABA, bushes, bushes
(num: 9942), BADBABA
(num: 9943), BADBABA
(num: 9944), BADBABA
(num: 9945), BADBABA, genealogies
(num: 9946), BADBABA, female, Snaga, Snaga
(num: 9947), BADBABA
(num: 9948), BADBABA, Eh, limes
(num: 9949), BADBABA, Mostly, Mostly
(num: 9950), BADBABA, Sleepiness, barrowwightish, junipers
(num: 9951), BADBABA, orctrail, orctrail
(num: 9952), BADBABA
(num: 9953), BADBABA
(num: 9954), BADBABA, horsetail, horsetail
(num: 9955), BADBABA
(num: 9956), BADBABA, unseen, stooping, stooping
(num: 9957), BADBABA, calculating
(num: 9958), BADBABA
(num: 9959), BADBABA
(num: 9960), BADBABA, kindred, request, request, wedding
(num: 9961), BADBABA
(num: 9962), BADBABA, larder, larder
(num: 9963), BADBABA
(num: 9964), BADBABA
(num: 9965), BADBABA, grandsires, grandsires
(num: 9966), BADBABA, hunting, hunting, Dol, Dol
(num: 9967), BADBABA, gravelshoals
(num: 9968), BADBABA, kneeling, kneeling
(num: 9969), BADBABA, flats, flats, walkingparty, frontier, frontier, barbs
(num: 9970), BADBABA, reach, reach, redbrick, LORD
(num: 9971), BADBABA, upaway
(num: 9972), BADBABA
(num: 9973), BADBABA, tightening, recorder, nge
(num: 9974), BADBABA, announce, announce
(num: 9975), BADBABA
(num: 9976), BADBABA, Brandy, Brandy
(num: 9977), BADBABA, glints, dismounted, dismounted, untrue, untrue
(num: 9978), BADBABA
(num: 9979), BADBABA, walled, walled
(num: 9980), BADBABA
(num: 9981), BADBABA
(num: 9982), BADBABA
(num: 9983), BADBABA
(num: 9984), BADBABA, Later, somehow, somehow
(num: 9985), BADBABA
(num: 9986), BADBABA, Oi, Oi
(num: 9987), BADBABA, anywhere, anywhere, hobbitfeet, demanding, demanding, Tugging
(num: 9988), BADBABA, thirtythree
(num: 9989), BADBABA, dell, dell
(num: 9990), BADBABA, home, home
(num: 9991), BADBABA, incomplete
(num: 9992), BADBABA
(num: 9993), BADBABA, breadcrust, skeleton
(num: 9994), BADBABA, Thjoden, Thjoden, spiny
(num: 9995), BADBABA, gingerly, preventing
(num: 9996), BADBABA, line, line, Ladyship, Ladyship
(num: 9997), BADBABA
(num: 9998), BADBABA
(num: 9999), BADBABA, torment, torment
(num: 10000), BADBABA
(num: 10001), BADBABA
(num: 10002), BADBABA
(num: 10003), BADBABA, occasional, occasional
(num: 10004), BADBABA
(num: 10005), BADBABA
(num: 10006), BADBABA, whether, whether
(num: 10007), BADBABA, aearon, resonant
(num: 10008), BADBABA, tireder
(num: 10009), BADBABA
(num: 10010), BADBABA, heather, heather, smokehole
(num: 10011), BADBABA, postman, daybreak, daybreak
(num: 10012), BADBABA, Getting, averted, trials
(num: 10013), BADBABA, Neat
(num: 10014), BADBABA, precioussss, apiece, Safer
(num: 10015), BADBABA
(num: 10016), BADBABA, foolish, foolish, footstep, footstep
(num: 10017), BADBABA, nightfears
(num: 10018), BADBABA, gaze, gaze
(num: 10019), BADBABA, gilded, gilded, dwarfcandles, bedloft
(num: 10020), BADBABA, included, included
(num: 10021), BADBABA, hesitated, hesitated
(num: 10022), BADBABA, dwarfboots, dwarfboots, slant
(num: 10023), BADBABA, needlecovered, wellpleased
(num: 10024), BADBABA
(num: 10025), BADBABA
(num: 10026), BADBABA, valley, valley, eaten, eaten
(num: 10027), BADBABA
(num: 10028), BADBABA, muddied
(num: 10029), BADBABA
(num: 10030), BADBABA, unfastened, frozen, frozen, Dagorlad, restlessness, restlessness
(num: 10031), BADBABA, hobbitrooms, breekneek, fissure, fissure
(num: 10032), BADBABA
(num: 10033), BADBABA, tamed, tamed
(num: 10034), BADBABA, fullness, fullness
(num: 10035), BADBABA
(num: 10036), BADBABA
(num: 10037), BADBABA, Roast, popped, popped, Sounds
(num: 10038), BADBABA, tomorrow, tomorrow
(num: 10039), BADBABA, chuckled, chuckled, peril, peril
(num: 10040), BADBABA, loathly, Wishing
(num: 10041), BADBABA, practically, practically
(num: 10042), BADBABA
(num: 10043), BADBABA, Celebrnan, Celebrnan
(num: 10044), BADBABA, qualities, penalty, penalty
(num: 10045), BADBABA, lane, lane, achieve, achieve
(num: 10046), BADBABA, stairs, stairs, treeish, treeish, Dervorin
(num: 10047), BADBABA, Moon, Moon, trailer
(num: 10048), BADBABA
(num: 10049), BADBABA, blended, blended, mountainseat
(num: 10050), BADBABA
(num: 10051), BADBABA, Pack
(num: 10052), BADBABA, unaided, unaided
(num: 10053), BADBABA, intolerable, intolerable
(num: 10054), BADBABA, spits, tenfold
(num: 10055), BADBABA, nods, nods, seconds, seconds
(num: 10056), BADBABA, Faraway
(num: 10057), BADBABA
(num: 10058), BADBABA, boating, boating, insecurity
(num: 10059), BADBABA, scratch, quiver, quiver
(num: 10060), BADBABA
(num: 10061), BADBABA, chieftain, chieftain
(num: 10062), BADBABA, explanation, each, each
(num: 10063), BADBABA, expended
(num: 10064), BADBABA, exclaimed, planted, planted
(num: 10065), BADBABA
(num: 10066), BADBABA, BOOK, BOOK
(num: 10067), BADBABA, mess, mess, hedged, hedged
(num: 10068), BADBABA
(num: 10069), BADBABA
(num: 10070), BADBABA, dragonshapes
(num: 10071), BADBABA
(num: 10072), BADBABA
(num: 10073), BADBABA, tramps, Boom, Boom
(num: 10074), BADBABA, wormstench
(num: 10075), BADBABA
(num: 10076), BADBABA, sworn, sworn, gush
(num: 10077), BADBABA
(num: 10078), BADBABA, rumbled, rumbled
(num: 10079), BADBABA, undo, undo
(num: 10080), BADBABA, Sad
(num: 10081), BADBABA, unaffected
(num: 10082), BADBABA, spouting, spouting
(num: 10083), BADBABA, aside, aside
(num: 10084), BADBABA, scarlet, scarlet
(num: 10085), BADBABA, nieces, nieces
(num: 10086), BADBABA, Misty, Misty, precautions
(num: 10087), BADBABA
(num: 10088), BADBABA, kingdoms, kingdoms
(num: 10089), BADBABA
(num: 10090), BADBABA, rapid, rapid, mossy, mossy
(num: 10091), BADBABA, span, bustle, bustle, swart, swart
(num: 10092), BADBABA, Rohirrim, Rohirrim
(num: 10093), BADBABA
(num: 10094), BADBABA
(num: 10095), BADBABA, wondered, wondered, sport, sport
(num: 10096), BADBABA, fry, fry
(num: 10097), BADBABA
(num: 10098), BADBABA
(num: 10099), BADBABA
(num: 10100), BADBABA
(num: 10101), BADBABA
(num: 10102), BADBABA, goblinimp, chattered
(num: 10103), BADBABA, clans, shifting, shifting
(num: 10104), BADBABA
(num: 10105), BADBABA
(num: 10106), BADBABA, Wicked, Wicked
(num: 10107), BADBABA, densely
(num: 10108), BADBABA, instantly, doth, doth
(num: 10109), BADBABA, yelp, yelp, bitten
(num: 10110), BADBABA, thicker, thicker
(num: 10111), BADBABA, Rising, attacker
(num: 10112), BADBABA, shortage
(num: 10113), BADBABA, forgetful, forgetful
(num: 10114), BADBABA
(num: 10115), BADBABA
(num: 10116), BADBABA, lout
(num: 10117), BADBABA, afternoons, afternoons, Scouts, Scouts
(num: 10118), BADBABA, parted, parted
(num: 10119), BADBABA
(num: 10120), BADBABA, diggings
(num: 10121), BADBABA
(num: 10122), BADBABA, ashore, ashore, hotfoot, Burrowses, Burrowses
(num: 10123), BADBABA
(num: 10124), BADBABA
(num: 10125), BADBABA, slippingbeginning, questioning, questioning
(num: 10126), BADBABA, Reckless, Reckless
(num: 10127), BADBABA, carrocks, despise, ster
(num: 10128), BADBABA
(num: 10129), BADBABA, judgement, imagining, imagining
(num: 10130), BADBABA, highest, highest, firwoods
(num: 10131), BADBABA, fell, fell, sortindeed
(num: 10132), BADBABA
(num: 10133), BADBABA
(num: 10134), BADBABA
(num: 10135), BADBABA, crossed, crossed, oil, oil
(num: 10136), BADBABA, wanders, wanders
(num: 10137), BADBABA, ornament, ornament
(num: 10138), BADBABA, spreading, spreading
(num: 10139), BADBABA, passenger
(num: 10140), BADBABA
(num: 10141), BADBABA, daytime, forge, forge
(num: 10142), BADBABA, doomed, doomed, assailing, skilfully, skilfully
(num: 10143), BADBABA
(num: 10144), BADBABA, Lower
(num: 10145), BADBABA
(num: 10146), BADBABA, drat, Written
(num: 10147), BADBABA, luxurious, luxurious, elvengrey, Grond, Grond
(num: 10148), BADBABA, halfstarved, clematis
(num: 10149), BADBABA, hedges, lking, pestered
(num: 10150), BADBABA, wearily, dainties, dainties
(num: 10151), BADBABA, requests, coney, coney, finewrought
(num: 10152), BADBABA, likings
(num: 10153), BADBABA, Wake, Wake
(num: 10154), BADBABA, bewitchments, adding, adding
(num: 10155), BADBABA
(num: 10156), BADBABA, Dernhelms
(num: 10157), BADBABA, suddenness, suddenness, sunsethour
(num: 10158), BADBABA
(num: 10159), BADBABA
(num: 10160), BADBABA, Gulls
(num: 10161), BADBABA, interrupt, yelled, yelled, unwary, raincurtain, raincurtain
(num: 10162), BADBABA
(num: 10163), BADBABA, volunteers, shutter
(num: 10164), BADBABA
(num: 10165), BADBABA, Come, Come, rekindle
(num: 10166), BADBABA, ORTHANC, workers, workers
(num: 10167), BADBABA, shambled, glows, temple
(num: 10168), BADBABA
(num: 10169), BADBABA, Hes, Hes, Enchantment
(num: 10170), BADBABA, skill, skill, distress, distress, gaffers
(num: 10171), BADBABA
(num: 10172), BADBABA
(num: 10173), BADBABA
(num: 10174), BADBABA, bastards, reminding
(num: 10175), BADBABA, places, places, AND
(num: 10176), BADBABA, strong, strong, woodparsley
(num: 10177), BADBABA, Tell, Tell
(num: 10178), BADBABA, brown, brown, bony, bony
(num: 10179), BADBABA, orcblade
(num: 10180), BADBABA, wearisomethere
(num: 10181), BADBABA, plunder, plunder
(num: 10182), BADBABA
(num: 10183), BADBABA, flitted, flitted
(num: 10184), BADBABA, stoutly, stoutly, Elvenway, tempered, beckon, orcrag
(num: 10185), BADBABA
(num: 10186), BADBABA, UnderHill, UnderHill, becomes, becomes, cornel
(num: 10187), BADBABA, sucking, sucking
(num: 10188), BADBABA, Hope, Hope, Hildinyar
(num: 10189), BADBABA
(num: 10190), BADBABA, current, current, moonless, moonless
(num: 10191), BADBABA
(num: 10192), BADBABA, veer
(num: 10193), BADBABA, Lets, Lets, babbling
(num: 10194), BADBABA, daunted, daunted, heaving, heaving
(num: 10195), BADBABA, Dunharrow, Dunharrow
(num: 10196), BADBABA, carcase, carcase
(num: 10197), BADBABA, Grr
(num: 10198), BADBABA
(num: 10199), BADBABA
(num: 10200), BADBABA, snarled, snarled
(num: 10201), BADBABA
(num: 10202), BADBABA, garment, garment, upthrust, Hea
(num: 10203), BADBABA, messenger, messenger
(num: 10204), BADBABA, woolly
(num: 10205), BADBABA
(num: 10206), BADBABA, comprehended
(num: 10207), BADBABA, Not, Not, Esgalduin
(num: 10208), BADBABA, rejoicing, rejoicing
(num: 10209), BADBABA, Rhymes
(num: 10210), BADBABA, fender, fender
(num: 10211), BADBABA, talking, talking, laid, laid
(num: 10212), BADBABA, gesture, gesture, Saruma
(num: 10213), BADBABA, slavered
(num: 10214), BADBABA, returning, returning
(num: 10215), BADBABA, circling, circling
(num: 10216), BADBABA
(num: 10217), BADBABA, Pinnath, Pinnath
(num: 10218), BADBABA
(num: 10219), BADBABA
(num: 10220), BADBABA
(num: 10221), BADBABA, broil, broil
(num: 10222), BADBABA, wide, wide, paving, brake
(num: 10223), BADBABA, Of, Of
(num: 10224), BADBABA
(num: 10225), BADBABA, mallornleaf, mallornleaf
(num: 10226), BADBABA
(num: 10227), BADBABA, tightened, tightened, ropelength
(num: 10228), BADBABA
(num: 10229), BADBABA
(num: 10230), BADBABA, thickly, thickly
(num: 10231), BADBABA, confidently, wearies
(num: 10232), BADBABA
(num: 10233), BADBABA
(num: 10234), BADBABA, Dread, Dread, gurgled, coals, coals, padded, padded
(num: 10235), BADBABA, closestrung
(num: 10236), BADBABA, protruding, protruding
(num: 10237), BADBABA, faint, faint, Heel, Heel
(num: 10238), BADBABA, sheds, sheds
(num: 10239), BADBABA, Eastmark
(num: 10240), BADBABA, dart, dart, rents, rents
(num: 10241), BADBABA, bring, bring, hares, Things, Things
(num: 10242), BADBABA, sweeping, sweeping, brightburnished
(num: 10243), BADBABA
(num: 10244), BADBABA, adopted, adopted
(num: 10245), BADBABA, ilexes
(num: 10246), BADBABA, thats, thats, tenth, tenth
(num: 10247), BADBABA, spell, latest, latest, moulded
(num: 10248), BADBABA, Silently, handled, handled, dingle, dingle
(num: 10249), BADBABA, True, True
(num: 10250), BADBABA, Float, Darker
(num: 10251), BADBABA
(num: 10252), BADBABA, undeserved, undeserved
(num: 10253), BADBABA
(num: 10254), BADBABA, Although
(num: 10255), BADBABA, outlook
(num: 10256), BADBABA, snuggled
(num: 10257), BADBABA
(num: 10258), BADBABA
(num: 10259), BADBABA, Thorin, Thorin
(num: 10260), BADBABA
(num: 10261), BADBABA
(num: 10262), BADBABA, matter, matter
(num: 10263), BADBABA
(num: 10264), BADBABA, Vain
(num: 10265), BADBABA, bulky, shielding, shielding, protrude, fireencircled
(num: 10266), BADBABA, Supposing
(num: 10267), BADBABA
(num: 10268), BADBABA
(num: 10269), BADBABA, Blunt
(num: 10270), BADBABA, Morgulway
(num: 10271), BADBABA, building, building
(num: 10272), BADBABA, Foul
(num: 10273), BADBABA, changing, changing
(num: 10274), BADBABA
(num: 10275), BADBABA
(num: 10276), BADBABA
(num: 10277), BADBABA, blanched, blanched, blotch
(num: 10278), BADBABA
(num: 10279), BADBABA, Knocker, Wielding
(num: 10280), BADBABA, easterly, easterly, inrush
(num: 10281), BADBABA
(num: 10282), BADBABA
(num: 10283), BADBABA, Plain, Plain
(num: 10284), BADBABA
(num: 10285), BADBABA, ageold
(num: 10286), BADBABA, stained, stained, uncertainly, lantar, flares
(num: 10287), BADBABA
(num: 10288), BADBABA, rich, rich
(num: 10289), BADBABA, carried, carried, grins, grins
(num: 10290), BADBABA, representative
(num: 10291), BADBABA, Breeland, Breeland, ungrateful
(num: 10292), BADBABA
(num: 10293), BADBABA, change, change
(num: 10294), BADBABA
(num: 10295), BADBABA, story, story, overturned
(num: 10296), BADBABA, Umbar, Umbar
(num: 10297), BADBABA, shoot, shoot
(num: 10298), BADBABA
(num: 10299), BADBABA, untpa
(num: 10300), BADBABA, lmenn, Putting, Putting, Began
(num: 10301), BADBABA, December, December, swordhilt, swordhilt
(num: 10302), BADBABA, Harad, Harad, handstrokes
(num: 10303), BADBABA, Await
(num: 10304), BADBABA, numerous, numerous
(num: 10305), BADBABA, Elf, Elf, wolfvoices
(num: 10306), BADBABA
(num: 10307), BADBABA, Morning, Morning
(num: 10308), BADBABA
(num: 10309), BADBABA, Beorns, Beorns
(num: 10310), BADBABA, tufted, werewolves
(num: 10311), BADBABA
(num: 10312), BADBABA, former, former
(num: 10313), BADBABA, cure, cure, phalanx, phalanx
(num: 10314), BADBABA, beasts, beasts, shr
(num: 10315), BADBABA, dont, dont, greed, Street, Street
(num: 10316), BADBABA, May, May
(num: 10317), BADBABA, moats
(num: 10318), BADBABA, prays
(num: 10319), BADBABA
(num: 10320), BADBABA, Pool, Pool
(num: 10321), BADBABA, disappear, disappear
(num: 10322), BADBABA, spies, spies, raindrop, Warn
(num: 10323), BADBABA, crockery, dnriel, Rams
(num: 10324), BADBABA
(num: 10325), BADBABA, Dressed, BAG
(num: 10326), BADBABA, hardihood, hardihood
(num: 10327), BADBABA, Knife, Knife
(num: 10328), BADBABA, widebrimmed, widebrimmed
(num: 10329), BADBABA, Merethrond
(num: 10330), BADBABA, moonbut, clipped, clipped
(num: 10331), BADBABA
(num: 10332), BADBABA, ropers
(num: 10333), BADBABA
(num: 10334), BADBABA, carvings, swam, swam, eastside
(num: 10335), BADBABA
(num: 10336), BADBABA
(num: 10337), BADBABA
(num: 10338), BADBABA, complaints, complaints
(num: 10339), BADBABA
(num: 10340), BADBABA, abyss, abyss
(num: 10341), BADBABA, Wha, Ceorl
(num: 10342), BADBABA
(num: 10343), BADBABA, cellar, cellar, sturdy, sturdy
(num: 10344), BADBABA, deafest, treeshadows, treeshadows, unlightened
(num: 10345), BADBABA
(num: 10346), BADBABA, ligh
(num: 10347), BADBABA
(num: 10348), BADBABA
(num: 10349), BADBABA, orcshield, purely
(num: 10350), BADBABA, guardians, mantled, mantled
(num: 10351), BADBABA
(num: 10352), BADBABA, goblinchains, warbeacons
(num: 10353), BADBABA, slackening, slackening
(num: 10354), BADBABA, pushdug
(num: 10355), BADBABA
(num: 10356), BADBABA, decide, decide, torrent, torrent, lounging, lounging
(num: 10357), BADBABA
(num: 10358), BADBABA
(num: 10359), BADBABA, sleek, sleek
(num: 10360), BADBABA, widest, widest
(num: 10361), BADBABA, lamented, henceforth, henceforth
(num: 10362), BADBABA, hillbrow, hillbrow, surrounding, surrounding
(num: 10363), BADBABA, steeply, steeply, Mithril, Mithril
(num: 10364), BADBABA, laws, laws, murderer, murderer
(num: 10365), BADBABA
(num: 10366), BADBABA
(num: 10367), BADBABA
(num: 10368), BADBABA
(num: 10369), BADBABA, buyer
(num: 10370), BADBABA, certain, certain
(num: 10371), BADBABA, unfitting, downright
(num: 10372), BADBABA, shad
(num: 10373), BADBABA, collector
(num: 10374), BADBABA, Run, repeating, repeating, sway, sway, Peoples, Peoples
(num: 10375), BADBABA, match, match
(num: 10376), BADBABA
(num: 10377), BADBABA, butlers, dash, dash
(num: 10378), BADBABA, obstinately, lighted, outset, outset, Should
(num: 10379), BADBABA, squirrel, squirrel
(num: 10380), BADBABA, fitfully, fitfully, enfolding, Flats
(num: 10381), BADBABA, thriven, guesses, guesses, Wormtongues, Wormtongues, slavedriver
(num: 10382), BADBABA, been, been
(num: 10383), BADBABA, Sss, Cheers, Cheers
(num: 10384), BADBABA, misty, misty
(num: 10385), BADBABA, Woodmen, fetched
(num: 10386), BADBABA
(num: 10387), BADBABA, answers, answers, engrossing
(num: 10388), BADBABA, most, most
(num: 10389), BADBABA
(num: 10390), BADBABA, Wilderland, Wilderland, shrink, nuncheon
(num: 10391), BADBABA
(num: 10392), BADBABA, tempest, tempest
(num: 10393), BADBABA, permitted, permitted
(num: 10394), BADBABA, mouth, mouth
(num: 10395), BADBABA, part, part, craft, craft, twang, twang
(num: 10396), BADBABA, Moors, Moors
(num: 10397), BADBABA, vanishment, perilto, Nai, Nai, overflow, overflow
(num: 10398), BADBABA, settling, settling, nothings
(num: 10399), BADBABA, upthrusting, Log, Log
(num: 10400), BADBABA, burg
(num: 10401), BADBABA, embassy, trinkets
(num: 10402), BADBABA
(num: 10403), BADBABA, lodges, Striders, Striders
(num: 10404), BADBABA, seeding, maggots, maggots
(num: 10405), BADBABA, Westernesse, Westernesse, firesidetales
(num: 10406), BADBABA, nickname
(num: 10407), BADBABA, rougher
(num: 10408), BADBABA, Southerners
(num: 10409), BADBABA
(num: 10410), BADBABA
(num: 10411), BADBABA, Jothain, Jothain
(num: 10412), BADBABA, feigned, feigned
(num: 10413), BADBABA, attribute, downhill, downhill
(num: 10414), BADBABA, illmannered
(num: 10415), BADBABA, oclock, oclock
(num: 10416), BADBABA, keeping, keeping, suspiciously, suspiciously
(num: 10417), BADBABA
(num: 10418), BADBABA
(num: 10419), BADBABA
(num: 10420), BADBABA, Swanfleet
(num: 10421), BADBABA, Ashes, Ashes, shielded
(num: 10422), BADBABA, us, us, Sarumans, Sarumans
(num: 10423), BADBABA
(num: 10424), BADBABA, Kindreds
(num: 10425), BADBABA
(num: 10426), BADBABA
(num: 10427), BADBABA
(num: 10428), BADBABA, mouthfuls
(num: 10429), BADBABA
(num: 10430), BADBABA
(num: 10431), BADBABA, Doner
(num: 10432), BADBABA, bannerbearers, manages
(num: 10433), BADBABA
(num: 10434), BADBABA, growth, growth, consumed, consumed
(num: 10435), BADBABA, splintered, splintered, whiskers, illwill, Morgulsheen
(num: 10436), BADBABA, apologetically, cart, cart
(num: 10437), BADBABA, magician
(num: 10438), BADBABA
(num: 10439), BADBABA, captain, captain
(num: 10440), BADBABA, Because, Because
(num: 10441), BADBABA, Itd
(num: 10442), BADBABA, ends, ends
(num: 10443), BADBABA, delves
(num: 10444), BADBABA, unexpectedly, unexpectedly, unmolested
(num: 10445), BADBABA, Burden, Burden
(num: 10446), BADBABA, undue, Seeingstones
(num: 10447), BADBABA
(num: 10448), BADBABA, Elrohir, Elrohir
(num: 10449), BADBABA
(num: 10450), BADBABA
(num: 10451), BADBABA, fretted, beechwoods, rebuked
(num: 10452), BADBABA
(num: 10453), BADBABA, owns
(num: 10454), BADBABA
(num: 10455), BADBABA, Exactly, shoulder, shoulder, field, field
(num: 10456), BADBABA, enchanting, Herbs, unrelated, loving, tunes
(num: 10457), BADBABA, respectful, degrees
(num: 10458), BADBABA, doer
(num: 10459), BADBABA, limp, policies, policies
(num: 10460), BADBABA, perhaps, perhaps, pocketknife, roadmeeting, roadmeeting, elvenflowers
(num: 10461), BADBABA
(num: 10462), BADBABA
(num: 10463), BADBABA, shot, shot
(num: 10464), BADBABA, curious, curious, unbent
(num: 10465), BADBABA, sparing, sapling, sapling
(num: 10466), BADBABA, sss, sss, fouler, fouler
(num: 10467), BADBABA, abbreviated, continue, continue
(num: 10468), BADBABA
(num: 10469), BADBABA, Caves, Caves
(num: 10470), BADBABA, comparative
(num: 10471), BADBABA, tum, tum, Ambaruna
(num: 10472), BADBABA
(num: 10473), BADBABA
(num: 10474), BADBABA
(num: 10475), BADBABA, Information
(num: 10476), BADBABA, finger, finger, se, se
(num: 10477), BADBABA
(num: 10478), BADBABA, eyed, eyed
(num: 10479), BADBABA
(num: 10480), BADBABA, momen
(num: 10481), BADBABA, widows, widows
(num: 10482), BADBABA, frontdoors
(num: 10483), BADBABA
(num: 10484), BADBABA
(num: 10485), BADBABA, writ, gabbled
(num: 10486), BADBABA, unwatched, unwatched
(num: 10487), BADBABA
(num: 10488), BADBABA
(num: 10489), BADBABA, skirting, skirting, Lightfoots
(num: 10490), BADBABA
(num: 10491), BADBABA, ticking, rigid, rigid
(num: 10492), BADBABA, smelled
(num: 10493), BADBABA, lry
(num: 10494), BADBABA
(num: 10495), BADBABA, Spiders, shortcomings
(num: 10496), BADBABA, vapours, rein, rein
(num: 10497), BADBABA
(num: 10498), BADBABA, stinking, stinking
(num: 10499), BADBABA, especially, especially, resented, unwrapped
(num: 10500), BADBABA, Tharbad, Tharbad, adders
(num: 10501), BADBABA, Over, Over
(num: 10502), BADBABA
(num: 10503), BADBABA
(num: 10504), BADBABA
(num: 10505), BADBABA
(num: 10506), BADBABA, broken, broken, destroy, destroy, Gorhendad
(num: 10507), BADBABA, disappeared, disappeared
(num: 10508), BADBABA, reflections
(num: 10509), BADBABA, rabble, rabble
(num: 10510), BADBABA, dais, dais
(num: 10511), BADBABA, NorthEast, NorthEast
(num: 10512), BADBABA, tracker, tracker
(num: 10513), BADBABA
(num: 10514), BADBABA
(num: 10515), BADBABA, combat
(num: 10516), BADBABA, detain, deemed, deemed
(num: 10517), BADBABA, huge, huge
(num: 10518), BADBABA
(num: 10519), BADBABA
(num: 10520), BADBABA, h, h
(num: 10521), BADBABA, yards, arid, arid
(num: 10522), BADBABA, cost, cost, deliberate
(num: 10523), BADBABA, evening, evening
(num: 10524), BADBABA, hilts, Happy, Happy, hearten
(num: 10525), BADBABA, chestnut, chestnut
(num: 10526), BADBABA
(num: 10527), BADBABA, shouting, shouting, unrusted, bull
(num: 10528), BADBABA, Norbury, Norbury
(num: 10529), BADBABA
(num: 10530), BADBABA
(num: 10531), BADBABA, yerd
(num: 10532), BADBABA
(num: 10533), BADBABA, joint, joint
(num: 10534), BADBABA, plump
(num: 10535), BADBABA, Could, Could
(num: 10536), BADBABA
(num: 10537), BADBABA, selection, selection
(num: 10538), BADBABA, Send, Send
(num: 10539), BADBABA, comic, gnawed, Secondly
(num: 10540), BADBABA, investigate
(num: 10541), BADBABA
(num: 10542), BADBABA, mirky
(num: 10543), BADBABA, chieftains, chieftains
(num: 10544), BADBABA, adamant, adamant
(num: 10545), BADBABA, gloves
(num: 10546), BADBABA, even, even
(num: 10547), BADBABA, Weathertop, starry, starry
(num: 10548), BADBABA
(num: 10549), BADBABA, Whether, Whether
(num: 10550), BADBABA
(num: 10551), BADBABA, leaf, leaf, interfere, interfere
(num: 10552), BADBABA
(num: 10553), BADBABA, growl, growl
(num: 10554), BADBABA, sorted
(num: 10555), BADBABA, Fine
(num: 10556), BADBABA, nder, nder
(num: 10557), BADBABA, Shirefolk, Shirefolk, urge, urge
(num: 10558), BADBABA, combed, combed
(num: 10559), BADBABA
(num: 10560), BADBABA, southward, southward
(num: 10561), BADBABA, Fili, Fili, manned, thoughtful, thoughtful
(num: 10562), BADBABA, shears, shears, subtle, goodnights
(num: 10563), BADBABA
(num: 10564), BADBABA, breath, breath
(num: 10565), BADBABA
(num: 10566), BADBABA
(num: 10567), BADBABA
(num: 10568), BADBABA, Inland
(num: 10569), BADBABA, tarred
(num: 10570), BADBABA, listeners, listeners, boatbridges
(num: 10571), BADBABA, workshops, workshops, preference
(num: 10572), BADBABA
(num: 10573), BADBABA, shortest, shortest
(num: 10574), BADBABA, walkingsticks, Brandybuck, Brandybuck
(num: 10575), BADBABA, towns
(num: 10576), BADBABA, noticed, Altogether, Altogether, hoy, hoy
(num: 10577), BADBABA, reproachfully
(num: 10578), BADBABA, pang
(num: 10579), BADBABA, mothballs, sorcery, sorcery
(num: 10580), BADBABA
(num: 10581), BADBABA, oakwood
(num: 10582), BADBABA, Ringlu, Ringlu
(num: 10583), BADBABA, fells, joke, joke
(num: 10584), BADBABA, inconsistencies
(num: 10585), BADBABA
(num: 10586), BADBABA, Slays
(num: 10587), BADBABA, leapt, leapt, notes, notes, minding, minding
(num: 10588), BADBABA, giddy, giddy, hungered, hungered
(num: 10589), BADBABA, cushions, cushions, trumpetblast
(num: 10590), BADBABA, bidding, bidding
(num: 10591), BADBABA, wakefulness, lookings, garlands
(num: 10592), BADBABA
(num: 10593), BADBABA
(num: 10594), BADBABA, Elvenking, Elvenking
(num: 10595), BADBABA
(num: 10596), BADBABA, Wood, Wood, examined, examined
(num: 10597), BADBABA
(num: 10598), BADBABA, requires, requires
(num: 10599), BADBABA, tired, tired, Dreadful, Dreadful
(num: 10600), BADBABA, guarded, guarded, labelled, booths, booths
(num: 10601), BADBABA
(num: 10602), BADBABA
(num: 10603), BADBABA, Reward, Ss, dragonin
(num: 10604), BADBABA, gradually, gradually
(num: 10605), BADBABA
(num: 10606), BADBABA
(num: 10607), BADBABA, cried, cried, unclosed
(num: 10608), BADBABA
(num: 10609), BADBABA
(num: 10610), BADBABA
(num: 10611), BADBABA
(num: 10612), BADBABA
(num: 10613), BADBABA
(num: 10614), BADBABA, Rider, Rider, deeps, deeps
(num: 10615), BADBABA
(num: 10616), BADBABA
(num: 10617), BADBABA
(num: 10618), BADBABA
(num: 10619), BADBABA, immovably
(num: 10620), BADBABA, untutored
(num: 10621), BADBABA, copies, copies, squinting, hallows
(num: 10622), BADBABA, begins, begins
(num: 10623), BADBABA, Otherworld, Preciouss
(num: 10624), BADBABA
(num: 10625), BADBABA, manytiered, Finglas, Finglas
(num: 10626), BADBABA, nick, nick, Orders, Orders, sensed, noonbells
(num: 10627), BADBABA, style, style
(num: 10628), BADBABA
(num: 10629), BADBABA, ined
(num: 10630), BADBABA
(num: 10631), BADBABA
(num: 10632), BADBABA, smitten, smitten
(num: 10633), BADBABA
(num: 10634), BADBABA, minute, minute
(num: 10635), BADBABA, Isengrim, Isengrim, prompted
(num: 10636), BADBABA, rousing, rousing
(num: 10637), BADBABA, charred, charred
(num: 10638), BADBABA, languages, languages, Oris
(num: 10639), BADBABA
(num: 10640), BADBABA
(num: 10641), BADBABA, dishcovers, Healer
(num: 10642), BADBABA, suggestions, outfly
(num: 10643), BADBABA, unchecked
(num: 10644), BADBABA, pillar, pillar
(num: 10645), BADBABA, personal, personal
(num: 10646), BADBABA, Wise, Wise
(num: 10647), BADBABA, crackers, crackers
(num: 10648), BADBABA, bluegleaming
(num: 10649), BADBABA
(num: 10650), BADBABA, tripping, repack
(num: 10651), BADBABA, midafternoon
(num: 10652), BADBABA, threatens, fifteenth
(num: 10653), BADBABA
(num: 10654), BADBABA
(num: 10655), BADBABA, saucer, crackled, crackled, hobbitlordlings
(num: 10656), BADBABA, keenness, keenness, Linhir
(num: 10657), BADBABA, weatherstained, weatherstained, Counsel
(num: 10658), BADBABA
(num: 10659), BADBABA, chanced, chanced, cage
(num: 10660), BADBABA, expelled
(num: 10661), BADBABA
(num: 10662), BADBABA, Gateway
(num: 10663), BADBABA
(num: 10664), BADBABA
(num: 10665), BADBABA, scarcely, scarcely, Nows, Nows
(num: 10666), BADBABA, roads, roads, crowing
(num: 10667), BADBABA, whipped, whipped, hairy, hairy, Galadr
(num: 10668), BADBABA, worth, worth, Thanks
(num: 10669), BADBABA
(num: 10670), BADBABA
(num: 10671), BADBABA, complain, Mae
(num: 10672), BADBABA, Primula, f, f, spanned, spanned, mountainwalls
(num: 10673), BADBABA, victuals, victuals
(num: 10674), BADBABA, drafts
(num: 10675), BADBABA, covering, covering, Crouching, bonethin, Holbytla, Holbytla
(num: 10676), BADBABA
(num: 10677), BADBABA
(num: 10678), BADBABA
(num: 10679), BADBABA
(num: 10680), BADBABA, Orcrist, Orcrist, skinning
(num: 10681), BADBABA
(num: 10682), BADBABA, pondering, pondering, ne, willothewisp
(num: 10683), BADBABA
(num: 10684), BADBABA, thoughtfully, thoughtfully, sounding, sounding
(num: 10685), BADBABA, sheltering, sheltering, incompatible, laituvalmet
(num: 10686), BADBABA
(num: 10687), BADBABA, stilled, stilled
(num: 10688), BADBABA, Ungol, Ungol
(num: 10689), BADBABA, Storage
(num: 10690), BADBABA
(num: 10691), BADBABA, cluster, cluster, Yea, Yea
(num: 10692), BADBABA
(num: 10693), BADBABA, Nameless, Nameless
(num: 10694), BADBABA
(num: 10695), BADBABA, greenclad, greenclad, Onehand
(num: 10696), BADBABA, harts
(num: 10697), BADBABA
(num: 10698), BADBABA
(num: 10699), BADBABA, Lotho, Lotho, symbols
(num: 10700), BADBABA, allay
(num: 10701), BADBABA, bade, bade, kindled, kindled
(num: 10702), BADBABA
(num: 10703), BADBABA
(num: 10704), BADBABA, road, road
(num: 10705), BADBABA, Aglarni
(num: 10706), BADBABA, sell, sell, snarl, snarl
(num: 10707), BADBABA
(num: 10708), BADBABA
(num: 10709), BADBABA, Upon, winter, winter
(num: 10710), BADBABA, befor, befor, longarmed
(num: 10711), BADBABA, bet, bet
(num: 10712), BADBABA, homecoming, ripeness
(num: 10713), BADBABA, Thank, breakfasts, breakfasts, Mistress, Perilous, Perilous
(num: 10714), BADBABA, Gracious, brambles, brambles
(num: 10715), BADBABA, illgotten
(num: 10716), BADBABA
(num: 10717), BADBABA, supped, supped
(num: 10718), BADBABA, shortened, shortened
(num: 10719), BADBABA, capering, capering, stonecracking
(num: 10720), BADBABA, cinders, cinders, turbulent
(num: 10721), BADBABA, enhearten
(num: 10722), BADBABA, belly, belly, glitter, glitter
(num: 10723), BADBABA
(num: 10724), BADBABA, stirrup, stirrup
(num: 10725), BADBABA
(num: 10726), BADBABA, dwarflinked
(num: 10727), BADBABA, bright, bright
(num: 10728), BADBABA, listening, listening, sawn, outward, outward
(num: 10729), BADBABA, Splash, wholesome, wholesome, hammered, hammered
(num: 10730), BADBABA
(num: 10731), BADBABA, glistening, glistening
(num: 10732), BADBABA, House, House, stables, stables
(num: 10733), BADBABA
(num: 10734), BADBABA
(num: 10735), BADBABA, accident, accident, luxury, booty, booty
(num: 10736), BADBABA
(num: 10737), BADBABA, market, outwall, outwall
(num: 10738), BADBABA
(num: 10739), BADBABA
(num: 10740), BADBABA, question, question, Field, Field
(num: 10741), BADBABA, butler, butler
(num: 10742), BADBABA
(num: 10743), BADBABA
(num: 10744), BADBABA, drinkof
(num: 10745), BADBABA, pray, pray, tenn
(num: 10746), BADBABA, daylight, opposite, opposite, briar, briar
(num: 10747), BADBABA, Standing, Standing, folded, folded
(num: 10748), BADBABA
(num: 10749), BADBABA, dwarfmail
(num: 10750), BADBABA, tap, tap, estre
(num: 10751), BADBABA, specks, specks, affray, carrots
(num: 10752), BADBABA, hut, hut
(num: 10753), BADBABA
(num: 10754), BADBABA, elyl
(num: 10755), BADBABA, loved, loved, claw, claw
(num: 10756), BADBABA, Boromir, Boromir, issues, hobbiteyes
(num: 10757), BADBABA, positively, positively, Silverlode, Silverlode
(num: 10758), BADBABA, becoming, becoming, beheld, beheld
(num: 10759), BADBABA, fathom, fathom, deviously, Orcmail
(num: 10760), BADBABA, grownup
(num: 10761), BADBABA, awfully, greatgrandchildren
(num: 10762), BADBABA, oppression
(num: 10763), BADBABA, advantage, advantage, Snow, Snow
(num: 10764), BADBABA, firebrand
(num: 10765), BADBABA, tellee, spaced
(num: 10766), BADBABA
(num: 10767), BADBABA
(num: 10768), BADBABA
(num: 10769), BADBABA, sensesand
(num: 10770), BADBABA, Escaping
(num: 10771), BADBABA, pushing, pushing
(num: 10772), BADBABA, weapon, weapon
(num: 10773), BADBABA
(num: 10774), BADBABA, upward, upward
(num: 10775), BADBABA, regular, regular, weigh, weigh
(num: 10776), BADBABA, spoken, spoken, northerly, northerly
(num: 10777), BADBABA, previous, previous
(num: 10778), BADBABA, aware, aware
(num: 10779), BADBABA
(num: 10780), BADBABA, recover, recover, Woodelves, Woodelves, needs, needs
(num: 10781), BADBABA, lest, lest, hayfork
(num: 10782), BADBABA, knobknuckled, Cottons, Cottons
(num: 10783), BADBABA, hob
(num: 10784), BADBABA, customers, swagger
(num: 10785), BADBABA, cleverness, cleverness
(num: 10786), BADBABA
(num: 10787), BADBABA, error
(num: 10788), BADBABA, ballast, bluegrey
(num: 10789), BADBABA, Hobbitryinarms, hilltops, hilltops
(num: 10790), BADBABA, cheek, illfounded
(num: 10791), BADBABA, supplemented
(num: 10792), BADBABA
(num: 10793), BADBABA, imitate, suspicions, suspicions, holden
(num: 10794), BADBABA, thrumming
(num: 10795), BADBABA, robber, robber
(num: 10796), BADBABA, vengeance, vengeance, package
(num: 10797), BADBABA, fleeted
(num: 10798), BADBABA, Gamgee, Gamgee, unblessed
(num: 10799), BADBABA
(num: 10800), BADBABA, near, near, supplies, supplies, throughout, throughout
(num: 10801), BADBABA
(num: 10802), BADBABA
(num: 10803), BADBABA, rafters, rafters, Bucklander, Bucklander
(num: 10804), BADBABA
(num: 10805), BADBABA, Stage
(num: 10806), BADBABA, telltales
(num: 10807), BADBABA
(num: 10808), BADBABA, beeswax
(num: 10809), BADBABA, greeting, greeting
(num: 10810), BADBABA, however, however, Lonely, Lonely, Hoping
(num: 10811), BADBABA, rockroses
(num: 10812), BADBABA, foreknowledge
(num: 10813), BADBABA, produce, produce
(num: 10814), BADBABA, patience, patience
(num: 10815), BADBABA
(num: 10816), BADBABA, Silmaril, Silmaril
(num: 10817), BADBABA, sighing, sighing
(num: 10818), BADBABA
(num: 10819), BADBABA, brigand, brigand
(num: 10820), BADBABA
(num: 10821), BADBABA
(num: 10822), BADBABA, rainy, rainy
(num: 10823), BADBABA, lfhelm, deceives
(num: 10824), BADBABA, nursing
(num: 10825), BADBABA, SACKVILLEBAGGINS
(num: 10826), BADBABA, Found, Found, ope
(num: 10827), BADBABA, bait, bait
(num: 10828), BADBABA
(num: 10829), BADBABA, airetbrilnrinen
(num: 10830), BADBABA, floundering
(num: 10831), BADBABA, fended, seer, seer
(num: 10832), BADBABA
(num: 10833), BADBABA, shelterless, Goldilocks
(num: 10834), BADBABA, render, render, Rosies, Rosies
(num: 10835), BADBABA
(num: 10836), BADBABA, abundant, crusts
(num: 10837), BADBABA, lands, lands
(num: 10838), BADBABA, raspberry
(num: 10839), BADBABA, Twentyfirst
(num: 10840), BADBABA, Grapplinghooks
(num: 10841), BADBABA, Khazaddym, Khazaddym
(num: 10842), BADBABA, Twentynine
(num: 10843), BADBABA
(num: 10844), BADBABA
(num: 10845), BADBABA, rang, rang, Hammers, values
(num: 10846), BADBABA
(num: 10847), BADBABA, time, time, awakening, awakening, stink, stink
(num: 10848), BADBABA, beg, beg
(num: 10849), BADBABA
(num: 10850), BADBABA
(num: 10851), BADBABA, fiftysecond, weskit
(num: 10852), BADBABA, halted, halted, Clever
(num: 10853), BADBABA, Hurrying, wildest, wildest
(num: 10854), BADBABA, spikes, spikes, ringed, ringed, Securely
(num: 10855), BADBABA
(num: 10856), BADBABA, house, house, carts, carts, elftongue, elftongue
(num: 10857), BADBABA, spidercolony
(num: 10858), BADBABA, Fang, Fang
(num: 10859), BADBABA
(num: 10860), BADBABA, lend, lend, Orcvoices
(num: 10861), BADBABA, steeds, steeds, definite
(num: 10862), BADBABA, eastward, fragments, fragments, admirers
(num: 10863), BADBABA, her, her, conveyed, browned
(num: 10864), BADBABA, owl, owl, theft, figure, figure
(num: 10865), BADBABA, heartening, heartening
(num: 10866), BADBABA
(num: 10867), BADBABA
(num: 10868), BADBABA, masks
(num: 10869), BADBABA, waxing, waxing
(num: 10870), BADBABA, gh
(num: 10871), BADBABA, coming, coming, unwanted, unwanted
(num: 10872), BADBABA, Tooks, Tooks, muster, muster, vulturefaces
(num: 10873), BADBABA, Edge, Edge, legends, legends
(num: 10874), BADBABA, pitied
(num: 10875), BADBABA
(num: 10876), BADBABA, quicksand
(num: 10877), BADBABA
(num: 10878), BADBABA, cavalcade, Faerie
(num: 10879), BADBABA
(num: 10880), BADBABA
(num: 10881), BADBABA, sequel, sequel
(num: 10882), BADBABA, rooms, rooms
(num: 10883), BADBABA
(num: 10884), BADBABA, easygoing
(num: 10885), BADBABA, trial, trial, Upwards
(num: 10886), BADBABA
(num: 10887), BADBABA, toes, toes
(num: 10888), BADBABA
(num: 10889), BADBABA, About, About, gravely, gravely, closes
(num: 10890), BADBABA, playeda
(num: 10891), BADBABA
(num: 10892), BADBABA
(num: 10893), BADBABA, taut, Lair, Lair
(num: 10894), BADBABA, dream, dream, happiness, happiness
(num: 10895), BADBABA, willows, crying, crying, forbodes
(num: 10896), BADBABA
(num: 10897), BADBABA, overshadow
(num: 10898), BADBABA, creeps, reject, reject
(num: 10899), BADBABA, liphaunt
(num: 10900), BADBABA
(num: 10901), BADBABA
(num: 10902), BADBABA, Thin, Thin
(num: 10903), BADBABA
(num: 10904), BADBABA, draweth, Cobwebs, Cobwebs
(num: 10905), BADBABA, scream, scream
(num: 10906), BADBABA, caper, caper
(num: 10907), BADBABA, growls, support, support, evermounting
(num: 10908), BADBABA
(num: 10909), BADBABA, Bill, Bill, fortunate, fortunate
(num: 10910), BADBABA, hold, hold, oral, Meaning, Meaning
(num: 10911), BADBABA, shrugged, shrugged, shorten, shorten
(num: 10912), BADBABA, hungrily
(num: 10913), BADBABA, greet, greet
(num: 10914), BADBABA, fared, slower, slower, hoi, hoi
(num: 10915), BADBABA
(num: 10916), BADBABA, Bagginses, Bagginses, parchments, Nick
(num: 10917), BADBABA
(num: 10918), BADBABA, maidens, maidens
(num: 10919), BADBABA, Rollrollrollroll
(num: 10920), BADBABA
(num: 10921), BADBABA, Goodday, scoop, hindmost
(num: 10922), BADBABA, gift, gift
(num: 10923), BADBABA
(num: 10924), BADBABA
(num: 10925), BADBABA, spawned, spawned
(num: 10926), BADBABA, piles, piles, haul, haul
(num: 10927), BADBABA
(num: 10928), BADBABA, shovel, outburst, outburst
(num: 10929), BADBABA
(num: 10930), BADBABA, Uncanny
(num: 10931), BADBABA
(num: 10932), BADBABA
(num: 10933), BADBABA, hatches
(num: 10934), BADBABA, tell, tell, angrier, angrier
(num: 10935), BADBABA, sunlit, sunlit
(num: 10936), BADBABA, grasses, grasses
(num: 10937), BADBABA, doled
(num: 10938), BADBABA, Awe, distaste
(num: 10939), BADBABA, courtyard, courtyard
(num: 10940), BADBABA, First, First, tter
(num: 10941), BADBABA
(num: 10942), BADBABA, castle, castle
(num: 10943), BADBABA, attack, attack, confounded, confounded, threequarters
(num: 10944), BADBABA, spout, spout, Bain
(num: 10945), BADBABA
(num: 10946), BADBABA, crisp
(num: 10947), BADBABA, Gorbadoc, Gorbadoc
(num: 10948), BADBABA, manuscripts, Nrnen, Nrnen
(num: 10949), BADBABA
(num: 10950), BADBABA
(num: 10951), BADBABA, goodly, goodly
(num: 10952), BADBABA
(num: 10953), BADBABA, dragonspell
(num: 10954), BADBABA
(num: 10955), BADBABA, dragonhaunted
(num: 10956), BADBABA, wallpropping
(num: 10957), BADBABA
(num: 10958), BADBABA, conqueror
(num: 10959), BADBABA
(num: 10960), BADBABA, Barrel
(num: 10961), BADBABA, deepsome, herewhich
(num: 10962), BADBABA
(num: 10963), BADBABA, pierce, pierce, oblivious
(num: 10964), BADBABA, jump, jump, gather, gather
(num: 10965), BADBABA, breathed, breathed, straggling, straggling
(num: 10966), BADBABA
(num: 10967), BADBABA, familys, grunted, grunted, Gaze
(num: 10968), BADBABA
(num: 10969), BADBABA, behave, behave, scanned, scanned, ceremony
(num: 10970), BADBABA
(num: 10971), BADBABA
(num: 10972), BADBABA, fade, fade, rumblings, straighten
(num: 10973), BADBABA, pranks, outmatching
(num: 10974), BADBABA, presents, presents
(num: 10975), BADBABA
(num: 10976), BADBABA, preferred, preferred
(num: 10977), BADBABA
(num: 10978), BADBABA, spiked
(num: 10979), BADBABA, with, with
(num: 10980), BADBABA
(num: 10981), BADBABA, dislikes
(num: 10982), BADBABA, meetingplace, meetingplace, weary, weary, orchouse, Drive, stronglooking
(num: 10983), BADBABA, wellfed
(num: 10984), BADBABA, simbelmynl, simbelmynl
(num: 10985), BADBABA, overhanging, overhanging, howled
(num: 10986), BADBABA, managed, managed
(num: 10987), BADBABA, Elflord, Elflord
(num: 10988), BADBABA
(num: 10989), BADBABA
(num: 10990), BADBABA, jointed
(num: 10991), BADBABA
(num: 10992), BADBABA, stirred, stirred, hoomhom, hoomhom
(num: 10993), BADBABA, ventured, ventured
(num: 10994), BADBABA, meal, meal
(num: 10995), BADBABA, delicious, tyrant, mountainfield
(num: 10996), BADBABA, milder, milder
(num: 10997), BADBABA, smelling, smelling
(num: 10998), BADBABA, zed
(num: 10999), BADBABA, trove, trove, finely
(num: 11000), BADBABA, wreath, suffice, suffice
(num: 11001), BADBABA, relatives, relatives, kingfishers
(num: 11002), BADBABA, andchanges, ds, ds
(num: 11003), BADBABA
(num: 11004), BADBABA, ironbound
(num: 11005), BADBABA, loathsome, loathsome, lip, lip, Eldamar, Eldamar
(num: 11006), BADBABA, yonder, yonder
(num: 11007), BADBABA, turnand
(num: 11008), BADBABA
(num: 11009), BADBABA, survivor
(num: 11010), BADBABA, deathlike
(num: 11011), BADBABA
(num: 11012), BADBABA, Unbelievable
(num: 11013), BADBABA
(num: 11014), BADBABA, gashed
(num: 11015), BADBABA
(num: 11016), BADBABA, dispel
(num: 11017), BADBABA, beautifully, emeralds, emeralds
(num: 11018), BADBABA
(num: 11019), BADBABA, lag, lag
(num: 11020), BADBABA, Folde, Folde
(num: 11021), BADBABA
(num: 11022), BADBABA
(num: 11023), BADBABA, mines, mines, stops
(num: 11024), BADBABA, afternoon, afternoon
(num: 11025), BADBABA
(num: 11026), BADBABA, judge, judge, joints, joints
(num: 11027), BADBABA, harboured
(num: 11028), BADBABA, dewdrops, treasuries, treasuries
(num: 11029), BADBABA, staff, staff, wintry, Names, Names
(num: 11030), BADBABA, agreed, agreed, approaching, approaching, dispirited, dispirited
(num: 11031), BADBABA
(num: 11032), BADBABA
(num: 11033), BADBABA, bacon, bacon, summit, summit, archway, archway, aimknu, aimknu, bareback
(num: 11034), BADBABA, probable, probable
(num: 11035), BADBABA, maddened
(num: 11036), BADBABA
(num: 11037), BADBABA, longfallen
(num: 11038), BADBABA, jored, jored
(num: 11039), BADBABA, affairs, affairs, dig, dig
(num: 11040), BADBABA, gipping, Fate
(num: 11041), BADBABA, crunchable, chilly, drumbeat, drumbeat
(num: 11042), BADBABA, redcheeked, suits, Celos
(num: 11043), BADBABA
(num: 11044), BADBABA
(num: 11045), BADBABA
(num: 11046), BADBABA, bottoms, uprooted, uprooted
(num: 11047), BADBABA, therein, therein, Annon
(num: 11048), BADBABA
(num: 11049), BADBABA
(num: 11050), BADBABA, whitetipped, halftrolls
(num: 11051), BADBABA, winding, winding, clumsylimbed
(num: 11052), BADBABA, Gloin, dent, dent, ired, Galathilion
(num: 11053), BADBABA, Thainship, Fearing
(num: 11054), BADBABA
(num: 11055), BADBABA
(num: 11056), BADBABA, racket, racket
(num: 11057), BADBABA, repeated, greybeards, greybeards
(num: 11058), BADBABA, lassi
(num: 11059), BADBABA, Andros, Andros
(num: 11060), BADBABA
(num: 11061), BADBABA
(num: 11062), BADBABA
(num: 11063), BADBABA, girdle, girdle, beunless, screams
(num: 11064), BADBABA, ssty
(num: 11065), BADBABA, supplant
(num: 11066), BADBABA, carven, carven, Ea
(num: 11067), BADBABA, talan, talan
(num: 11068), BADBABA, kin, kin, permission, permission, Birdtamer
(num: 11069), BADBABA, blare
(num: 11070), BADBABA
(num: 11071), BADBABA, race, race, bedside, bedside
(num: 11072), BADBABA, barb, spars
(num: 11073), BADBABA, hobbitsmell
(num: 11074), BADBABA, greener, greener, drowse, firmament
(num: 11075), BADBABA, salad, solely, solely
(num: 11076), BADBABA, reached, reached, rain, rain
(num: 11077), BADBABA, huntinghorns, fishing
(num: 11078), BADBABA, borne, borne
(num: 11079), BADBABA
(num: 11080), BADBABA, uniforms, sked
(num: 11081), BADBABA, goblintunnels
(num: 11082), BADBABA, marred, marred
(num: 11083), BADBABA, garden, anyway, anyway, wolds
(num: 11084), BADBABA
(num: 11085), BADBABA, pleasures, Southron, Southron
(num: 11086), BADBABA, take, take
(num: 11087), BADBABA, shipped
(num: 11088), BADBABA, wry, wry
(num: 11089), BADBABA, meat, meat
(num: 11090), BADBABA
(num: 11091), BADBABA, emptied, jewel, jewel
(num: 11092), BADBABA, handy, handy
(num: 11093), BADBABA, catch, catch
(num: 11094), BADBABA, buttertubs
(num: 11095), BADBABA
(num: 11096), BADBABA, Pit, Pit
(num: 11097), BADBABA
(num: 11098), BADBABA, bowstring, bowstring, Keys, windowholes
(num: 11099), BADBABA
(num: 11100), BADBABA, groping, groping, soundedbut
(num: 11101), BADBABA
(num: 11102), BADBABA
(num: 11103), BADBABA, nurse, nurse, scarred
(num: 11104), BADBABA
(num: 11105), BADBABA
(num: 11106), BADBABA, Hornburggates
(num: 11107), BADBABA, unpressing
(num: 11108), BADBABA
(num: 11109), BADBABA
(num: 11110), BADBABA, dol, dol, cha, battalions, battalions
(num: 11111), BADBABA
(num: 11112), BADBABA, dine
(num: 11113), BADBABA
(num: 11114), BADBABA, Mounds, Mounds
(num: 11115), BADBABA, eldest, eldest, nightsky
(num: 11116), BADBABA, hewing, Helmingas
(num: 11117), BADBABA, Heir, springless, crags, crags
(num: 11118), BADBABA, dangle, ANGELICAS
(num: 11119), BADBABA, Jewel, Jewel
(num: 11120), BADBABA, aldaron
(num: 11121), BADBABA
(num: 11122), BADBABA, weep, summon, summon, assuredly
(num: 11123), BADBABA
(num: 11124), BADBABA, overwritten, folksif, roughhaired, wormcreature
(num: 11125), BADBABA
(num: 11126), BADBABA, sparerooms
(num: 11127), BADBABA, legged, legged, whipweal
(num: 11128), BADBABA
(num: 11129), BADBABA, roaring, roaring, challenger
(num: 11130), BADBABA, orcshape
(num: 11131), BADBABA, lifted, lifted
(num: 11132), BADBABA, star, star, warhorses
(num: 11133), BADBABA, straighter, puffs
(num: 11134), BADBABA, welltended, welltended, manytowered, eclipse
(num: 11135), BADBABA, Last, Last, Entmoot, Entmoot, Henneth, Henneth, ruffian, ruffian
(num: 11136), BADBABA
(num: 11137), BADBABA, choked, choked
(num: 11138), BADBABA
(num: 11139), BADBABA, mantle, mantle, citadel, citadel
(num: 11140), BADBABA, slid, slid
(num: 11141), BADBABA, it, it, serve, serve
(num: 11142), BADBABA
(num: 11143), BADBABA
(num: 11144), BADBABA, turretdoor, turretdoor
(num: 11145), BADBABA, cypress
(num: 11146), BADBABA, everybody, everybody
(num: 11147), BADBABA, baabaabaa
(num: 11148), BADBABA, gathered, gathered
(num: 11149), BADBABA, Dashing
(num: 11150), BADBABA, alleys, Think, Think, convince
(num: 11151), BADBABA, risks, risks, fades, fades
(num: 11152), BADBABA, wait, wait
(num: 11153), BADBABA, disobeyed, disobeyed
(num: 11154), BADBABA, kingfisher
(num: 11155), BADBABA, orckind
(num: 11156), BADBABA, ta, ta
(num: 11157), BADBABA, looking, looking, Creeping
(num: 11158), BADBABA, shudder, shudder
(num: 11159), BADBABA, provision, provision
(num: 11160), BADBABA, threelegs, clumsier, tearing, tearing
(num: 11161), BADBABA, Valandil, Valandil
(num: 11162), BADBABA, sand, sand
(num: 11163), BADBABA, Fimbrethil, Fimbrethil
(num: 11164), BADBABA, thirtynine, flotsam, flotsam
(num: 11165), BADBABA, stooped, stooped, gr, gr
(num: 11166), BADBABA
(num: 11167), BADBABA, Golfirnbuls, deepcut
(num: 11168), BADBABA
(num: 11169), BADBABA, Shed
(num: 11170), BADBABA, barrel, barrel, Pkel
(num: 11171), BADBABA, Though, Though, unfurled, assuaged, ambushing
(num: 11172), BADBABA, yield, yield
(num: 11173), BADBABA
(num: 11174), BADBABA, mast, Talking, Talking
(num: 11175), BADBABA, shrieks
(num: 11176), BADBABA, writes
(num: 11177), BADBABA, Thrains, Thrains, veils, filthy, filthy, Leaning
(num: 11178), BADBABA, whack, busied, busied, supposes
(num: 11179), BADBABA, bit, bit, original, original
(num: 11180), BADBABA, proof, proof
(num: 11181), BADBABA, destiny
(num: 11182), BADBABA, elveneyes
(num: 11183), BADBABA, BarrowDowns, BarrowDowns
(num: 11184), BADBABA
(num: 11185), BADBABA
(num: 11186), BADBABA
(num: 11187), BADBABA, haste, haste, marching, marching
(num: 11188), BADBABA, warded, arrowfeathers, baleful
(num: 11189), BADBABA, tendency
(num: 11190), BADBABA, skull, steering, Mer, revolts, pardoned
(num: 11191), BADBABA, orccamp
(num: 11192), BADBABA, wizardwheedling, courtesies
(num: 11193), BADBABA, endbut, remorseless
(num: 11194), BADBABA, mile, mile, pawn
(num: 11195), BADBABA, Groans
(num: 11196), BADBABA, loves, loves
(num: 11197), BADBABA
(num: 11198), BADBABA
(num: 11199), BADBABA, towered, towered, brazier
(num: 11200), BADBABA, Doors, Doors, foodbag
(num: 11201), BADBABA
(num: 11202), BADBABA, firm, firm
(num: 11203), BADBABA, Nine, Nine
(num: 11204), BADBABA, inquiring, leaderless, doughtiest
(num: 11205), BADBABA
(num: 11206), BADBABA, Mirkwood, Mirkwood, rayed, rayed
(num: 11207), BADBABA, annoyed, annoyed, beastly, beastly
(num: 11208), BADBABA
(num: 11209), BADBABA, woods, woods
(num: 11210), BADBABA, fey, fey
(num: 11211), BADBABA
(num: 11212), BADBABA, tied, tied, sparkle, maiden, maiden
(num: 11213), BADBABA, blundering, three, three, armour, armour
(num: 11214), BADBABA, filbert, fief
(num: 11215), BADBABA, collections
(num: 11216), BADBABA
(num: 11217), BADBABA, Hand, Hand
(num: 11218), BADBABA, wouldbe
(num: 11219), BADBABA
(num: 11220), BADBABA
(num: 11221), BADBABA, clapping, Ring, Ring
(num: 11222), BADBABA, recrossing, baffle, evillooking
(num: 11223), BADBABA
(num: 11224), BADBABA, faroff, faroff
(num: 11225), BADBABA
(num: 11226), BADBABA, cosily, cosily, shocking, channels
(num: 11227), BADBABA, Escaped
(num: 11228), BADBABA, travelling, Flawless, poignant
(num: 11229), BADBABA, afloat, afloat
(num: 11230), BADBABA, shadows, shadows, surpr, ah, ah
(num: 11231), BADBABA
(num: 11232), BADBABA
(num: 11233), BADBABA, Dragonfire
(num: 11234), BADBABA, highway, highway
(num: 11235), BADBABA, sliding, sliding, waves, exceptional, exceptional
(num: 11236), BADBABA
(num: 11237), BADBABA, sa, sa
(num: 11238), BADBABA, Longbottom, Longbottom
(num: 11239), BADBABA, longer, longer
(num: 11240), BADBABA, feather, feather
(num: 11241), BADBABA
(num: 11242), BADBABA
(num: 11243), BADBABA, crannies, crannies, dragonlair
(num: 11244), BADBABA, exceeding, exceeding, unstained, unstained
(num: 11245), BADBABA, howls, howls
(num: 11246), BADBABA, fuel, fuel
(num: 11247), BADBABA
(num: 11248), BADBABA, kick, chiefs, chiefs
(num: 11249), BADBABA, busy, busy, lintel
(num: 11250), BADBABA, Riders, Riders, reed, reed, neighing, neighing
(num: 11251), BADBABA, stains
(num: 11252), BADBABA, resentful
(num: 11253), BADBABA, makin
(num: 11254), BADBABA, Flies, Flies
(num: 11255), BADBABA, mow
(num: 11256), BADBABA, tongue, tongue, shattering, shattering
(num: 11257), BADBABA, hunters, hunters, Howling
(num: 11258), BADBABA, till, till, outstretched, outstretched
(num: 11259), BADBABA
(num: 11260), BADBABA
(num: 11261), BADBABA, yoke
(num: 11262), BADBABA, bloom, bloom
(num: 11263), BADBABA
(num: 11264), BADBABA
(num: 11265), BADBABA, tub, tub
(num: 11266), BADBABA, rival, rival, corrupted, rebel, rebel
(num: 11267), BADBABA
(num: 11268), BADBABA
(num: 11269), BADBABA
(num: 11270), BADBABA
(num: 11271), BADBABA, Carried
(num: 11272), BADBABA, moaned, moaned
(num: 11273), BADBABA, River, River, unsafe, unsafe
(num: 11274), BADBABA, besides, besides
(num: 11275), BADBABA, boughs, boughs, curl, curl
(num: 11276), BADBABA, shop
(num: 11277), BADBABA, wounded, wounded
(num: 11278), BADBABA, chisel, chisel
(num: 11279), BADBABA
(num: 11280), BADBABA, wrapping, mishandled
(num: 11281), BADBABA, untruthfully
(num: 11282), BADBABA
(num: 11283), BADBABA
(num: 11284), BADBABA, Nasty, armies, armies, threes
(num: 11285), BADBABA, scuttle, tackle, tackle
(num: 11286), BADBABA, mailshirt, mailshirt
(num: 11287), BADBABA
(num: 11288), BADBABA, welcomes
(num: 11289), BADBABA, men, men
(num: 11290), BADBABA, soles, soles
(num: 11291), BADBABA
(num: 11292), BADBABA, absurdly
(num: 11293), BADBABA
(num: 11294), BADBABA, gatearch
(num: 11295), BADBABA, Dragonshooter, earthgnawing
(num: 11296), BADBABA, yells, yells, Edrnur, Edrnur
(num: 11297), BADBABA, Pass, Jolly, Jolly
(num: 11298), BADBABA, snug, northeast, continually
(num: 11299), BADBABA
(num: 11300), BADBABA, guffawing, vapour, narrower, narrower
(num: 11301), BADBABA, walkingsong, dripped, dripped, Radbug
(num: 11302), BADBABA
(num: 11303), BADBABA
(num: 11304), BADBABA, fortunes, Cloudyhead
(num: 11305), BADBABA
(num: 11306), BADBABA, quaff, blindfold, blindfold, confidence, confidence
(num: 11307), BADBABA, baggages, baggages
(num: 11308), BADBABA, rootless, orcprints, lolling, lolling
(num: 11309), BADBABA, bounded, bounded, profit, profit
(num: 11310), BADBABA, slowrolling
(num: 11311), BADBABA, twinkle, twinkle
(num: 11312), BADBABA, deepens, deepens
(num: 11313), BADBABA, troll, troll
(num: 11314), BADBABA, spy, spy, metals, intensely
(num: 11315), BADBABA, clopclop, ennorath, tussock, tussock
(num: 11316), BADBABA, Glittering, Glittering
(num: 11317), BADBABA, wetting, wetting
(num: 11318), BADBABA, Cautiously
(num: 11319), BADBABA
(num: 11320), BADBABA
(num: 11321), BADBABA, fighters, fighters
(num: 11322), BADBABA, originally, originally, weakening, weakening
(num: 11323), BADBABA, bivouacked
(num: 11324), BADBABA, inspiration, inspiration, disquieted, palandiriel
(num: 11325), BADBABA, bloodcurdling, soiled, soiled
(num: 11326), BADBABA, cats, cats
(num: 11327), BADBABA, ponder, ponder
(num: 11328), BADBABA, treeclad, treeclad
(num: 11329), BADBABA, clover, clover, rediscovered
(num: 11330), BADBABA, nosing, obliged, obliged
(num: 11331), BADBABA, situations, Lightning
(num: 11332), BADBABA
(num: 11333), BADBABA, relentlessly
(num: 11334), BADBABA
(num: 11335), BADBABA, tongues, tongues, closely, closely, orcarchers, orcarchers
(num: 11336), BADBABA, funny, funny, smiths, smiths
(num: 11337), BADBABA, Rowantrees, Rowantrees
(num: 11338), BADBABA, Wingless, illuminated, illuminated
(num: 11339), BADBABA
(num: 11340), BADBABA, weeds, weeds, melodies, melodies, chaps
(num: 11341), BADBABA, dreaded, dreaded
(num: 11342), BADBABA
(num: 11343), BADBABA
(num: 11344), BADBABA, would, would, Setting, Setting
(num: 11345), BADBABA, kindle, kindle
(num: 11346), BADBABA, bargained
(num: 11347), BADBABA, misleading, oaths, oaths
(num: 11348), BADBABA, Killed, rattlingon, Esmeralda
(num: 11349), BADBABA, swordsman, blossom, blossom, Overhead
(num: 11350), BADBABA, highland, leeches
(num: 11351), BADBABA, character, character, burbrum, burbrum
(num: 11352), BADBABA, mostways, Solemnly
(num: 11353), BADBABA, pavilion, pavilion
(num: 11354), BADBABA, squeaking, squeaking
(num: 11355), BADBABA
(num: 11356), BADBABA
(num: 11357), BADBABA, Gandalfand, orcarrow
(num: 11358), BADBABA, onto, onto
(num: 11359), BADBABA, shadowygrey
(num: 11360), BADBABA, bargaining
(num: 11361), BADBABA
(num: 11362), BADBABA, Nantasarion
(num: 11363), BADBABA, phial, phial
(num: 11364), BADBABA
(num: 11365), BADBABA
(num: 11366), BADBABA, fog, fog
(num: 11367), BADBABA, poles, poles, whithersoever
(num: 11368), BADBABA
(num: 11369), BADBABA, storming, storming
(num: 11370), BADBABA, Wednesday, Wednesday
(num: 11371), BADBABA, Hals
(num: 11372), BADBABA, paying, hurled, hurled, chiselling
(num: 11373), BADBABA, perpetual
(num: 11374), BADBABA, gentler, Front, Front
(num: 11375), BADBABA
(num: 11376), BADBABA, helterskelter
(num: 11377), BADBABA, hell, hell, elusive, elusive
(num: 11378), BADBABA, Number, Number, hobbled, Lugbrz, Lugbrz
(num: 11379), BADBABA
(num: 11380), BADBABA, fumed
(num: 11381), BADBABA
(num: 11382), BADBABA, Ready
(num: 11383), BADBABA, encircle, encircle
(num: 11384), BADBABA
(num: 11385), BADBABA
(num: 11386), BADBABA, eggquestion, eggquestion
(num: 11387), BADBABA, fiercest, floundered, floundered
(num: 11388), BADBABA, exile, exile
(num: 11389), BADBABA, Better, wrath, wrath
(num: 11390), BADBABA, squeezing, squeezing
(num: 11391), BADBABA
(num: 11392), BADBABA
(num: 11393), BADBABA, rallied, rallied
(num: 11394), BADBABA, proper, proper
(num: 11395), BADBABA
(num: 11396), BADBABA, corals
(num: 11397), BADBABA, lonely, lonely, magnificence, magnificence, Marish, Marish
(num: 11398), BADBABA
(num: 11399), BADBABA, Onodrim, Onodrim, sicken
(num: 11400), BADBABA, acquainted, acquainted, utvienyes
(num: 11401), BADBABA, routed, routed
(num: 11402), BADBABA
(num: 11403), BADBABA, deploring
(num: 11404), BADBABA, Hunters, Hunters
(num: 11405), BADBABA, thrakatulyk, infusion
(num: 11406), BADBABA, upprobably, Watchers, Watchers
(num: 11407), BADBABA, Shirebuildings
(num: 11408), BADBABA, detachable
(num: 11409), BADBABA
(num: 11410), BADBABA, displayed, displayed
(num: 11411), BADBABA
(num: 11412), BADBABA
(num: 11413), BADBABA
(num: 11414), BADBABA
(num: 11415), BADBABA, Hear, Hear, orcdragging
(num: 11416), BADBABA
(num: 11417), BADBABA
(num: 11418), BADBABA, doing, doing
(num: 11419), BADBABA
(num: 11420), BADBABA
(num: 11421), BADBABA
(num: 11422), BADBABA, peoples, peoples
(num: 11423), BADBABA, Gluin, Gluin
(num: 11424), BADBABA, sawed
(num: 11425), BADBABA, widespread, yielded, yielded
(num: 11426), BADBABA
(num: 11427), BADBABA, singed, singed, hurtled, finders, anguish, anguish
(num: 11428), BADBABA, add, add
(num: 11429), BADBABA, uncanny, uncanny, wayand, vision, vision
(num: 11430), BADBABA
(num: 11431), BADBABA
(num: 11432), BADBABA, Impenetrable
(num: 11433), BADBABA, morrowless, prows
(num: 11434), BADBABA
(num: 11435), BADBABA, fifteen, fifteen, released, Making
(num: 11436), BADBABA
(num: 11437), BADBABA, trembling, trembling, passable, recoiled, recoiled
(num: 11438), BADBABA, retake, retake
(num: 11439), BADBABA, again, again, Chambers
(num: 11440), BADBABA
(num: 11441), BADBABA
(num: 11442), BADBABA
(num: 11443), BADBABA, Quickbeam, Quickbeam
(num: 11444), BADBABA, bearded, poetry, poetry, spares, Arvedui
(num: 11445), BADBABA, friends, friends, Lhaw, Lhaw, gong, gong
(num: 11446), BADBABA, ale, ale
(num: 11447), BADBABA, pegs, pegs, exceptions
(num: 11448), BADBABA
(num: 11449), BADBABA
(num: 11450), BADBABA
(num: 11451), BADBABA, spotted, spotted
(num: 11452), BADBABA
(num: 11453), BADBABA, verily, verily
(num: 11454), BADBABA, bogs, bogs
(num: 11455), BADBABA
(num: 11456), BADBABA, only, only, prove, prove
(num: 11457), BADBABA, mud, mud
(num: 11458), BADBABA, riddles, riddles, atnaught
(num: 11459), BADBABA, pendants
(num: 11460), BADBABA, silk, silk, Piles
(num: 11461), BADBABA, oath, oath
(num: 11462), BADBABA, Girion, Girion
(num: 11463), BADBABA
(num: 11464), BADBABA
(num: 11465), BADBABA
(num: 11466), BADBABA
(num: 11467), BADBABA, Galen, Galen, wellknit
(num: 11468), BADBABA
(num: 11469), BADBABA
(num: 11470), BADBABA
(num: 11471), BADBABA, Kheled
(num: 11472), BADBABA
(num: 11473), BADBABA, tradition, tradition
(num: 11474), BADBABA, Trying
(num: 11475), BADBABA
(num: 11476), BADBABA
(num: 11477), BADBABA, serpent, serpent
(num: 11478), BADBABA
(num: 11479), BADBABA, kitchengarden
(num: 11480), BADBABA, Hour, Hour
(num: 11481), BADBABA, thunderbolt, chuckling, chuckling
(num: 11482), BADBABA, dusk, dusk, Fiddlesticks, hoofbeats
(num: 11483), BADBABA, various, various
(num: 11484), BADBABA
(num: 11485), BADBABA, waterskins
(num: 11486), BADBABA, ceaselessly
(num: 11487), BADBABA
(num: 11488), BADBABA, Bp
(num: 11489), BADBABA
(num: 11490), BADBABA
(num: 11491), BADBABA, agitation
(num: 11492), BADBABA, freshener
(num: 11493), BADBABA, warmed, warmed
(num: 11494), BADBABA, recapture, recapture
(num: 11495), BADBABA, snort, snort, pledges
(num: 11496), BADBABA, situation, situation
(num: 11497), BADBABA, helms, helms, altered, altered, allegiance, allegiance
(num: 11498), BADBABA
(num: 11499), BADBABA, behold, Follow, Follow
(num: 11500), BADBABA, means, means, Kheledzvram, Kheledzvram
(num: 11501), BADBABA
(num: 11502), BADBABA, moonlit, Servants
(num: 11503), BADBABA, watchful, watchful
(num: 11504), BADBABA
(num: 11505), BADBABA, mountaintop, homeless, homeless
(num: 11506), BADBABA
(num: 11507), BADBABA, jewels, jewels
(num: 11508), BADBABA, Nice, Nice
(num: 11509), BADBABA
(num: 11510), BADBABA
(num: 11511), BADBABA, presently, presently, mithril, mithril
(num: 11512), BADBABA, flurried, drifting, drifting
(num: 11513), BADBABA
(num: 11514), BADBABA
(num: 11515), BADBABA, floor, floor, thicket, thicket
(num: 11516), BADBABA, accidentally, thread, thread
(num: 11517), BADBABA
(num: 11518), BADBABA
(num: 11519), BADBABA, succeed, succeed
(num: 11520), BADBABA, Batter
(num: 11521), BADBABA
(num: 11522), BADBABA, quest, quest
(num: 11523), BADBABA, life, life, kicked, kicked, reprieved, vomit, vomit
(num: 11524), BADBABA, halfeaten
(num: 11525), BADBABA, ruins, ruins, roving, roving, encompassed, barbed, barbed
(num: 11526), BADBABA
(num: 11527), BADBABA, decrepitude
(num: 11528), BADBABA, arrest
(num: 11529), BADBABA, treeherds, treeherds
(num: 11530), BADBABA, jewellery, uselessly
(num: 11531), BADBABA, gloaming, gloaming
(num: 11532), BADBABA, Imagine, memo
(num: 11533), BADBABA, sprinters
(num: 11534), BADBABA, withered, withered, rick
(num: 11535), BADBABA, persisted, appealing, madness, madness
(num: 11536), BADBABA, debated, debated, fraught, fraught
(num: 11537), BADBABA, Va
(num: 11538), BADBABA
(num: 11539), BADBABA, dodging, dodging, Lazy, Lazy, cou, nged
(num: 11540), BADBABA, drinkinghorns
(num: 11541), BADBABA
(num: 11542), BADBABA, fastened, fastened
(num: 11543), BADBABA, festering
(num: 11544), BADBABA, renew, Silence, flattopped
(num: 11545), BADBABA, To, To, usual, usual, stable, stable
(num: 11546), BADBABA
(num: 11547), BADBABA, slate
(num: 11548), BADBABA, losst, ylight
(num: 11549), BADBABA, approved, approved
(num: 11550), BADBABA, acquire
(num: 11551), BADBABA, forged, forged, quarry, quarry
(num: 11552), BADBABA, stewardship, stewardship
(num: 11553), BADBABA
(num: 11554), BADBABA
(num: 11555), BADBABA, Twenty, hows
(num: 11556), BADBABA, spilled, spilled, elven, dourhanded
(num: 11557), BADBABA
(num: 11558), BADBABA, alive, alive
(num: 11559), BADBABA
(num: 11560), BADBABA
(num: 11561), BADBABA
(num: 11562), BADBABA
(num: 11563), BADBABA, naturally, naturally, false, false
(num: 11564), BADBABA, babbled, chatting
(num: 11565), BADBABA
(num: 11566), BADBABA
(num: 11567), BADBABA
(num: 11568), BADBABA
(num: 11569), BADBABA, visited, visited, Northe
(num: 11570), BADBABA, Maytime, Maytime, overlaid, overlaid, Aldaluml
(num: 11571), BADBABA, needed, needed, furthest, Reunited, befriend
(num: 11572), BADBABA, fter, forts, forts
(num: 11573), BADBABA, linguistic, linguistic, Bree, Bree, erred, erred
(num: 11574), BADBABA, watch, watch
(num: 11575), BADBABA, visions, dumdiddle, twitching, twitching, leafplantations
(num: 11576), BADBABA, Shirenay
(num: 11577), BADBABA
(num: 11578), BADBABA, strangers, strangers
(num: 11579), BADBABA
(num: 11580), BADBABA, blamed, blamed
(num: 11581), BADBABA, idea, idea, acquired
(num: 11582), BADBABA, jests, jests, doomboom, doomboom
(num: 11583), BADBABA
(num: 11584), BADBABA
(num: 11585), BADBABA, cloud, cloud
(num: 11586), BADBABA
(num: 11587), BADBABA
(num: 11588), BADBABA, pearl, pearl
(num: 11589), BADBABA, quite, quite, bobbing, bobbing, write, write
(num: 11590), BADBABA
(num: 11591), BADBABA, loveliness, loveliness
(num: 11592), BADBABA, Heathertoes, jeering, jeering
(num: 11593), BADBABA, Lieutenant
(num: 11594), BADBABA
(num: 11595), BADBABA, brows, brows, Assaulting
(num: 11596), BADBABA, vales, vales, rape
(num: 11597), BADBABA
(num: 11598), BADBABA, batcloud, Silvan, Silvan
(num: 11599), BADBABA, sometimes, sometimes, tire, tire
(num: 11600), BADBABA, justified, Ai, Ai
(num: 11601), BADBABA
(num: 11602), BADBABA, fluster, ilous
(num: 11603), BADBABA, magnified, Heed, Heed
(num: 11604), BADBABA, Mind, Mind
(num: 11605), BADBABA, hair, hair
(num: 11606), BADBABA, mischances
(num: 11607), BADBABA
(num: 11608), BADBABA, assented
(num: 11609), BADBABA
(num: 11610), BADBABA, kine, kine
(num: 11611), BADBABA, jobs, belated, unfriendly, unfriendly
(num: 11612), BADBABA
(num: 11613), BADBABA
(num: 11614), BADBABA, grumbles
(num: 11615), BADBABA, Foolishly
(num: 11616), BADBABA, Laid
(num: 11617), BADBABA, screech, screech
(num: 11618), BADBABA
(num: 11619), BADBABA, Three, whispered, whispered, Lanterns
(num: 11620), BADBABA
(num: 11621), BADBABA
(num: 11622), BADBABA, gloom, gloom, ddenly, ddenly
(num: 11623), BADBABA
(num: 11624), BADBABA, scintillating, shuttering, waggonloads
(num: 11625), BADBABA, Merely, catapults
(num: 11626), BADBABA, Waste, Waste, pare
(num: 11627), BADBABA, virtues, virtues
(num: 11628), BADBABA, elvenprinceling
(num: 11629), BADBABA
(num: 11630), BADBABA
(num: 11631), BADBABA, tenso, watered
(num: 11632), BADBABA, equally, equally
(num: 11633), BADBABA, murmuring, murmuring, viol
(num: 11634), BADBABA, arrived, arrived
(num: 11635), BADBABA, scrawl, Thjodred, Thjodred
(num: 11636), BADBABA, harp, harp, express, express, refresh, b, b, vehemence
(num: 11637), BADBABA
(num: 11638), BADBABA
(num: 11639), BADBABA, reversebut, Gamgees, Gamgees, warbling
(num: 11640), BADBABA, Galadriel, Galadriel, border, border
(num: 11641), BADBABA, shines, shines
(num: 11642), BADBABA
(num: 11643), BADBABA, shadowfolded
(num: 11644), BADBABA
(num: 11645), BADBABA, extremely, extremely
(num: 11646), BADBABA, clinkclink, unescapable
(num: 11647), BADBABA
(num: 11648), BADBABA, named, prisons, scrawny
(num: 11649), BADBABA, drooping, drooping
(num: 11650), BADBABA, lick
(num: 11651), BADBABA
(num: 11652), BADBABA
(num: 11653), BADBABA, going, going, Tarry, deepen
(num: 11654), BADBABA, forgotten, forgotten
(num: 11655), BADBABA, mattresses, mattresses, hostages
(num: 11656), BADBABA
(num: 11657), BADBABA, loud, loud, permanent, permanent
(num: 11658), BADBABA, Bardings, Bardings, Stew
(num: 11659), BADBABA, household, household, Mina
(num: 11660), BADBABA, wilted, wilted, denies
(num: 11661), BADBABA
(num: 11662), BADBABA, FIVE, illdisposed
(num: 11663), BADBABA, Tookland, Tookland, spurring
(num: 11664), BADBABA, colony, tiresome, tiresome
(num: 11665), BADBABA, Gollum, Gollum
(num: 11666), BADBABA, Woody, Woody
(num: 11667), BADBABA, withdrew, withdrew, Lothos, Lothos
(num: 11668), BADBABA
(num: 11669), BADBABA, offering, offering, unlit, levies
(num: 11670), BADBABA, tighter, inclusion
(num: 11671), BADBABA, grateful, grateful, sentry, raftered
(num: 11672), BADBABA
(num: 11673), BADBABA
(num: 11674), BADBABA, oddments, oddments
(num: 11675), BADBABA, grandmother, grandmother, returnand
(num: 11676), BADBABA
(num: 11677), BADBABA, dropped, dropped
(num: 11678), BADBABA
(num: 11679), BADBABA
(num: 11680), BADBABA, spoke, spoke, iving
(num: 11681), BADBABA, eleventyfirst, driest
(num: 11682), BADBABA, closeting
(num: 11683), BADBABA, Towers, Towers
(num: 11684), BADBABA, urgent, urgent
(num: 11685), BADBABA
(num: 11686), BADBABA, thirteen, thirteen, script, script
(num: 11687), BADBABA, dwells, Flight, Flight
(num: 11688), BADBABA, wriggling, wriggling, barked, dearer, dearer
(num: 11689), BADBABA, squealed, squealed
(num: 11690), BADBABA
(num: 11691), BADBABA, devoted, devoted, remitted
(num: 11692), BADBABA
(num: 11693), BADBABA
(num: 11694), BADBABA
(num: 11695), BADBABA, cockscomb, edhellen
(num: 11696), BADBABA
(num: 11697), BADBABA, widened, widened
(num: 11698), BADBABA, nostrils, nostrils, firmer, firmer, sleepyhead
(num: 11699), BADBABA
(num: 11700), BADBABA, verses, Elftowers, wideawake
(num: 11701), BADBABA, diners
(num: 11702), BADBABA, lair, lair
(num: 11703), BADBABA, notable, sparrow
(num: 11704), BADBABA, spiderstring
(num: 11705), BADBABA
(num: 11706), BADBABA, device, device
(num: 11707), BADBABA, crossing, crossing
(num: 11708), BADBABA
(num: 11709), BADBABA, clean, engulf, engulf, islet
(num: 11710), BADBABA, hale, hale
(num: 11711), BADBABA, passes, passes
(num: 11712), BADBABA
(num: 11713), BADBABA, mnri
(num: 11714), BADBABA
(num: 11715), BADBABA, whiplash
(num: 11716), BADBABA, tone, tone
(num: 11717), BADBABA, cloudveiled
(num: 11718), BADBABA, injured, injured, lurks
(num: 11719), BADBABA, pack, pack, Bonfire, Bonfire
(num: 11720), BADBABA, bows, bows
(num: 11721), BADBABA, pain, pain
(num: 11722), BADBABA, nature, nature
(num: 11723), BADBABA
(num: 11724), BADBABA, squeezes, Elvenmaid
(num: 11725), BADBABA
(num: 11726), BADBABA, orcflesh
(num: 11727), BADBABA, undervalue
(num: 11728), BADBABA, wooden, wooden
(num: 11729), BADBABA, wages, proclaimed
(num: 11730), BADBABA, worms, hobbitlike, hobbitlike
(num: 11731), BADBABA
(num: 11732), BADBABA, fails, fails
(num: 11733), BADBABA, goodwill
(num: 11734), BADBABA
(num: 11735), BADBABA, grown, grown, Sheer
(num: 11736), BADBABA, inheritance, inheritance, praises
(num: 11737), BADBABA, peg, Leastways, Leastways, glistened, glistened
(num: 11738), BADBABA
(num: 11739), BADBABA
(num: 11740), BADBABA
(num: 11741), BADBABA, Yestereve
(num: 11742), BADBABA, swordbelts
(num: 11743), BADBABA, Whats, Whats, stumble, stumble, brou
(num: 11744), BADBABA
(num: 11745), BADBABA, prayers
(num: 11746), BADBABA, used, used
(num: 11747), BADBABA, ripples, ripples, surer, Hald, ashgrey
(num: 11748), BADBABA, tough, tough
(num: 11749), BADBABA
(num: 11750), BADBABA, twentynine, twentynine
(num: 11751), BADBABA, box, box, maggotholes
(num: 11752), BADBABA, diminished, diminished, fables, fables
(num: 11753), BADBABA
(num: 11754), BADBABA
(num: 11755), BADBABA, sweeter, sweeter
(num: 11756), BADBABA, piga, Sharkey, Sharkey
(num: 11757), BADBABA
(num: 11758), BADBABA, guardroom, guardroom, grappling, grappling
(num: 11759), BADBABA, horsethief, Southlinch
(num: 11760), BADBABA
(num: 11761), BADBABA
(num: 11762), BADBABA
(num: 11763), BADBABA, However, However
(num: 11764), BADBABA
(num: 11765), BADBABA, womanhood, womanhood
(num: 11766), BADBABA, swing, screaming, screaming
(num: 11767), BADBABA, ashtrees
(num: 11768), BADBABA, flinging, flinging, orccries
(num: 11769), BADBABA, heal, heal
(num: 11770), BADBABA, trap, trap
(num: 11771), BADBABA, overridden, foulbellied
(num: 11772), BADBABA
(num: 11773), BADBABA, chief, according, according
(num: 11774), BADBABA
(num: 11775), BADBABA, crowd, crowd, Grange
(num: 11776), BADBABA
(num: 11777), BADBABA, Twelfth
(num: 11778), BADBABA
(num: 11779), BADBABA, leisure, leisure, presume, presume
(num: 11780), BADBABA
(num: 11781), BADBABA
(num: 11782), BADBABA, drown, drown
(num: 11783), BADBABA, Morthond, Morthond
(num: 11784), BADBABA
(num: 11785), BADBABA, hurling, hurling, utterly, utterly, pursuers, pursuers, loot
(num: 11786), BADBABA, nosebags
(num: 11787), BADBABA, chimneycorner
(num: 11788), BADBABA
(num: 11789), BADBABA, Distant
(num: 11790), BADBABA, nighteyes, nighteyes
(num: 11791), BADBABA, fetching
(num: 11792), BADBABA, clad, clad
(num: 11793), BADBABA, Years, Years
(num: 11794), BADBABA, theory, prattle
(num: 11795), BADBABA, farmers, farmers, himnot
(num: 11796), BADBABA, calmly
(num: 11797), BADBABA
(num: 11798), BADBABA
(num: 11799), BADBABA, ventures
(num: 11800), BADBABA
(num: 11801), BADBABA
(num: 11802), BADBABA
(num: 11803), BADBABA, primitive, Peel
(num: 11804), BADBABA, greatgrandfathers
(num: 11805), BADBABA
(num: 11806), BADBABA
(num: 11807), BADBABA, forms, forms, needlessly, needlessly, Crawl, replace
(num: 11808), BADBABA, Broken, Broken
(num: 11809), BADBABA, Shireservices, attire
(num: 11810), BADBABA
(num: 11811), BADBABA, jovial
(num: 11812), BADBABA
(num: 11813), BADBABA, pinch, pinch
(num: 11814), BADBABA
(num: 11815), BADBABA
(num: 11816), BADBABA, reckon, wearisomely, Rushlight
(num: 11817), BADBABA, discovered, discovered
(num: 11818), BADBABA, Evendim, Evendim
(num: 11819), BADBABA, outlet, outlet
(num: 11820), BADBABA, neednt, neednt
(num: 11821), BADBABA, long, long, primarily, pedestals
(num: 11822), BADBABA, underground, underground, deafened, Sorrow, lanternbeam
(num: 11823), BADBABA, lighter, lighter, violently, violently, unconquerable
(num: 11824), BADBABA, Does, accord, accord, lloping, wraps, myriads
(num: 11825), BADBABA, kindnesses, pitted, pitted, Burg, Burg
(num: 11826), BADBABA, hulk, towels
(num: 11827), BADBABA
(num: 11828), BADBABA, blowing, blowing, blinded, ravine, ravine
(num: 11829), BADBABA
(num: 11830), BADBABA, ied
(num: 11831), BADBABA
(num: 11832), BADBABA
(num: 11833), BADBABA
(num: 11834), BADBABA, telling, telling, inches, inches
(num: 11835), BADBABA, Giants, Giants
(num: 11836), BADBABA
(num: 11837), BADBABA, fat, fat
(num: 11838), BADBABA, firneedles, engulfed
(num: 11839), BADBABA, wildox
(num: 11840), BADBABA, Mountains, Mountains, gruesome, roofs, Undertowers, Undertowers
(num: 11841), BADBABA, words, words, coarse, burrowing
(num: 11842), BADBABA, school, rbmar
(num: 11843), BADBABA
(num: 11844), BADBABA, seasons, seasons, figh
(num: 11845), BADBABA, aftersupper, unwavering
(num: 11846), BADBABA, mustered, fundin
(num: 11847), BADBABA, broidered, broidered
(num: 11848), BADBABA, inter, besets, chant, chant
(num: 11849), BADBABA, flowing, flowing, thirteenth
(num: 11850), BADBABA, was, was, centuries, centuries
(num: 11851), BADBABA
(num: 11852), BADBABA
(num: 11853), BADBABA, hidinghole
(num: 11854), BADBABA, armchair
(num: 11855), BADBABA
(num: 11856), BADBABA, help, help
(num: 11857), BADBABA
(num: 11858), BADBABA, touched, touched
(num: 11859), BADBABA, boat, boat
(num: 11860), BADBABA, fearful, fearful, openair, opped, alallalallarumbakamandalindorburml, garbled
(num: 11861), BADBABA, elflord, elflord, himand, himand
(num: 11862), BADBABA, lookishly, Couldnt, Couldnt
(num: 11863), BADBABA, rowantree
(num: 11864), BADBABA, modified, modified, tides, tides, Leg
(num: 11865), BADBABA, Renewed, Renewed
(num: 11866), BADBABA, moans, Dorthonion
(num: 11867), BADBABA
(num: 11868), BADBABA, warring, warring
(num: 11869), BADBABA
(num: 11870), BADBABA, perplexed, maggot, maggot
(num: 11871), BADBABA, Round, Round, Sing, Sing, Refuse
(num: 11872), BADBABA
(num: 11873), BADBABA, during, during, capered
(num: 11874), BADBABA, become, become, graciously, graciously
(num: 11875), BADBABA, Worse, Worse
(num: 11876), BADBABA, binds
(num: 11877), BADBABA
(num: 11878), BADBABA
(num: 11879), BADBABA, despoiled, despoiled
(num: 11880), BADBABA
(num: 11881), BADBABA, rest, rest, twicebaked, outlined, outlined, Rosielass
(num: 11882), BADBABA
(num: 11883), BADBABA, protest, protest
(num: 11884), BADBABA, expected, expected, intaken, intaken
(num: 11885), BADBABA
(num: 11886), BADBABA
(num: 11887), BADBABA
(num: 11888), BADBABA, dyer, dyer, messengers, messengers, wargs
(num: 11889), BADBABA, wroth, wroth
(num: 11890), BADBABA
(num: 11891), BADBABA, wave, wave
(num: 11892), BADBABA, perceive, perceive
(num: 11893), BADBABA, panes
(num: 11894), BADBABA, grabbling
(num: 11895), BADBABA, persuade, persuade, texture
(num: 11896), BADBABA, tintilar, Grimslade
(num: 11897), BADBABA, Anborn, Anborn
(num: 11898), BADBABA, Slow, Slow
(num: 11899), BADBABA, knows, knows, hadnt, hadnt
(num: 11900), BADBABA, ago, ago
(num: 11901), BADBABA, generations, generations, untame, nswered, nswered
(num: 11902), BADBABA, Horsecountry
(num: 11903), BADBABA, calmed, calmed
(num: 11904), BADBABA
(num: 11905), BADBABA, caps, caps
(num: 11906), BADBABA
(num: 11907), BADBABA, placing, lready, lready
(num: 11908), BADBABA, Stars, Stars, darkens
(num: 11909), BADBABA, oak, oak
(num: 11910), BADBABA, ietly
(num: 11911), BADBABA
(num: 11912), BADBABA
(num: 11913), BADBABA
(num: 11914), BADBABA, splashing, splashing
(num: 11915), BADBABA, buttons, windy, windy, Willowman, Willowman, willowlands
(num: 11916), BADBABA, weather, weather, Entish, Entish
(num: 11917), BADBABA, diningrooms
(num: 11918), BADBABA, bakers
(num: 11919), BADBABA, Bandobras, Bandobras
(num: 11920), BADBABA, Searing
(num: 11921), BADBABA
(num: 11922), BADBABA, hiltshard
(num: 11923), BADBABA, deepset, Longholes
(num: 11924), BADBABA, tormenting, tormenting
(num: 11925), BADBABA
(num: 11926), BADBABA, destroys
(num: 11927), BADBABA, Busy, asla
(num: 11928), BADBABA
(num: 11929), BADBABA, Hornrock
(num: 11930), BADBABA, wil, wil
(num: 11931), BADBABA, frayed
(num: 11932), BADBABA, people, people, pets, cramped, cramped
(num: 11933), BADBABA, pockets, pockets, accepted, grievous, grievous, Figures
(num: 11934), BADBABA, assistance, assistance
(num: 11935), BADBABA, lacks, lacks, noonup
(num: 11936), BADBABA
(num: 11937), BADBABA, warn, warn, chessboard, armourer
(num: 11938), BADBABA
(num: 11939), BADBABA, Curse, crawling, crawling
(num: 11940), BADBABA, Orophin, Orophin
(num: 11941), BADBABA, vigilant
(num: 11942), BADBABA
(num: 11943), BADBABA, probably, probably, Beaver
(num: 11944), BADBABA, Fools, Fools, corslet, corslet
(num: 11945), BADBABA, Uglk, Uglk, Life
(num: 11946), BADBABA, mans, mans
(num: 11947), BADBABA, Strider, Strider
(num: 11948), BADBABA, Neck
(num: 11949), BADBABA, looked, looked, therefore, evidently, evidently, stake, scholar
(num: 11950), BADBABA
(num: 11951), BADBABA, plains, plains, Carrion
(num: 11952), BADBABA, parts, parts, watering, honoured, Tuckborough, Tuckborough
(num: 11953), BADBABA, Nay, Nay, Markwardens
(num: 11954), BADBABA, geese, geese, Miserable, Miserable
(num: 11955), BADBABA
(num: 11956), BADBABA, curiously, curiously, wakes, wakes
(num: 11957), BADBABA, rightful, invitation, invitation
(num: 11958), BADBABA, foreheads, foreheads
(num: 11959), BADBABA
(num: 11960), BADBABA, polluted
(num: 11961), BADBABA, needless, Sixty
(num: 11962), BADBABA, Westron, Westron
(num: 11963), BADBABA
(num: 11964), BADBABA, ts, ts
(num: 11965), BADBABA, postscript
(num: 11966), BADBABA, discord
(num: 11967), BADBABA
(num: 11968), BADBABA, Seen, curls, curls
(num: 11969), BADBABA, suit, suit
(num: 11970), BADBABA
(num: 11971), BADBABA, sword, sword, suppressed, gloated, gloated
(num: 11972), BADBABA, Ganda, Ganda
(num: 11973), BADBABA
(num: 11974), BADBABA, corner, corner
(num: 11975), BADBABA
(num: 11976), BADBABA, baytrees, baytrees, Somethings, Somethings
(num: 11977), BADBABA
(num: 11978), BADBABA, nursed
(num: 11979), BADBABA, breadth, breadth
(num: 11980), BADBABA, sacred, sacred, adoption
(num: 11981), BADBABA, nt, nt
(num: 11982), BADBABA, hearts, hearts, herald, herald
(num: 11983), BADBABA
(num: 11984), BADBABA
(num: 11985), BADBABA
(num: 11986), BADBABA, Gatekeepers
(num: 11987), BADBABA
(num: 11988), BADBABA, Outriders
(num: 11989), BADBABA, Stones, Stones
(num: 11990), BADBABA
(num: 11991), BADBABA, bar, bar
(num: 11992), BADBABA, axestroke
(num: 11993), BADBABA, sleepers, sleepers
(num: 11994), BADBABA, prepare, prepare
(num: 11995), BADBABA, paved, paved
(num: 11996), BADBABA, easytempered, weedy, weedy, fleshless, fleshless
(num: 11997), BADBABA, creaked, creaked, Lock, Uruk, Uruk
(num: 11998), BADBABA, gledes
(num: 11999), BADBABA, goblinses, goblinses, ancientry
(num: 12000), BADBABA
(num: 12001), BADBABA, highroad, highroad
(num: 12002), BADBABA
(num: 12003), BADBABA, Wont, Wont, gasps, gasps
(num: 12004), BADBABA, relieved, relieved
(num: 12005), BADBABA, directing
(num: 12006), BADBABA
(num: 12007), BADBABA, farmer, farmer, twitch
(num: 12008), BADBABA, pushed, pushed
(num: 12009), BADBABA, tottering, sevenfold
(num: 12010), BADBABA
(num: 12011), BADBABA, full, full, extent, extent
(num: 12012), BADBABA, reappear, reappear, Brr, mastering, R
(num: 12013), BADBABA, clutch, clutch
(num: 12014), BADBABA, arrowwound, Following, Following, courtesy, courtesy
(num: 12015), BADBABA, fast, fast, talks, talks, gripping, gripping
(num: 12016), BADBABA, Leagues, narrowed
(num: 12017), BADBABA
(num: 12018), BADBABA
(num: 12019), BADBABA, publication
(num: 12020), BADBABA
(num: 12021), BADBABA, defying, passersby
(num: 12022), BADBABA, eyeses
(num: 12023), BADBABA
(num: 12024), BADBABA, rejoiced, rejoiced
(num: 12025), BADBABA, hindered, hindered
(num: 12026), BADBABA
(num: 12027), BADBABA
(num: 12028), BADBABA, protected, protected
(num: 12029), BADBABA
(num: 12030), BADBABA, Merry, Merry
(num: 12031), BADBABA, linden
(num: 12032), BADBABA, uncertain, uncertain
(num: 12033), BADBABA
(num: 12034), BADBABA, recapturing
(num: 12035), BADBABA, reminiscences
(num: 12036), BADBABA
(num: 12037), BADBABA, solitude, solitude
(num: 12038), BADBABA, unfought, unfought
(num: 12039), BADBABA, truesilver, truesilver
(num: 12040), BADBABA, Masster
(num: 12041), BADBABA, my, my, clock, clock, Frja
(num: 12042), BADBABA
(num: 12043), BADBABA, wickedest, clamouring, clamouring
(num: 12044), BADBABA
(num: 12045), BADBABA, pastures, pastures
(num: 12046), BADBABA
(num: 12047), BADBABA
(num: 12048), BADBABA
(num: 12049), BADBABA, process, process, littered, littered
(num: 12050), BADBABA, venomous, venomous
(num: 12051), BADBABA, Breeblood
(num: 12052), BADBABA, Troubles
(num: 12053), BADBABA
(num: 12054), BADBABA
(num: 12055), BADBABA
(num: 12056), BADBABA
(num: 12057), BADBABA, wrote, wrote, om, om
(num: 12058), BADBABA, hm, hm
(num: 12059), BADBABA
(num: 12060), BADBABA, le, le
(num: 12061), BADBABA, revel
(num: 12062), BADBABA, onethats, Each, Each, DALE
(num: 12063), BADBABA, Nearer, Nearer
(num: 12064), BADBABA
(num: 12065), BADBABA, refer, refer, plank, Tearing
(num: 12066), BADBABA, unpack
(num: 12067), BADBABA, Rauros, Rauros
(num: 12068), BADBABA, Hole, Vale, Vale, thatd
(num: 12069), BADBABA
(num: 12070), BADBABA
(num: 12071), BADBABA, humbled, noth
(num: 12072), BADBABA, fix, fix
(num: 12073), BADBABA, rejected, rejected
(num: 12074), BADBABA, brushed, brushed
(num: 12075), BADBABA, play, play, twain
(num: 12076), BADBABA
(num: 12077), BADBABA, clamorous
(num: 12078), BADBABA
(num: 12079), BADBABA, day, day
(num: 12080), BADBABA
(num: 12081), BADBABA, within, within, Sorceress
(num: 12082), BADBABA, modest
(num: 12083), BADBABA
(num: 12084), BADBABA, twelve, twelve, Shove, strive, strive
(num: 12085), BADBABA, sprouted, safer, stealthy, stealthy
(num: 12086), BADBABA, poached
(num: 12087), BADBABA, Wellearned
(num: 12088), BADBABA, wrestle
(num: 12089), BADBABA, heredity
(num: 12090), BADBABA
(num: 12091), BADBABA
(num: 12092), BADBABA, seemed, seemed, survive, survive
(num: 12093), BADBABA, broadheaded, broadheaded
(num: 12094), BADBABA
(num: 12095), BADBABA, Grinds, owly
(num: 12096), BADBABA, echo, echo, Flame, Flame
(num: 12097), BADBABA, doorwardens, doorwardens
(num: 12098), BADBABA, Choices, Choices
(num: 12099), BADBABA
(num: 12100), BADBABA, Bathe, Alone
(num: 12101), BADBABA, bellowed, rootthreads, Rounding, gulls, gulls
(num: 12102), BADBABA
(num: 12103), BADBABA
(num: 12104), BADBABA, fa, fa, lik, lebethron, lebethron
(num: 12105), BADBABA
(num: 12106), BADBABA, adventurouswhen
(num: 12107), BADBABA, naughty, naughty
(num: 12108), BADBABA, outliers
(num: 12109), BADBABA, once, once, earth, earth
(num: 12110), BADBABA, Carn, Carn
(num: 12111), BADBABA
(num: 12112), BADBABA, timber, timber
(num: 12113), BADBABA, keeneyed, keeneyed, Northlands, wellarrayed
(num: 12114), BADBABA, kissing, kissing
(num: 12115), BADBABA, nasty, nasty
(num: 12116), BADBABA, origina
(num: 12117), BADBABA, peasants, richness
(num: 12118), BADBABA, changes, elvenwise
(num: 12119), BADBABA, Merrys, Merrys
(num: 12120), BADBABA, Lumlanor, Hardest
(num: 12121), BADBABA, plainly, plainly, Unhappy
(num: 12122), BADBABA, review, ambassador
(num: 12123), BADBABA, fortunately, fortunately, sneakthief
(num: 12124), BADBABA
(num: 12125), BADBABA, age, age, disbelieved
(num: 12126), BADBABA, meats, meats
(num: 12127), BADBABA, Willows
(num: 12128), BADBABA, outcrop
(num: 12129), BADBABA, stronghold, stronghold
(num: 12130), BADBABA, old, old, orders, orders, containing, containing
(num: 12131), BADBABA, forgiven, forgiven, awakes, awakes
(num: 12132), BADBABA
(num: 12133), BADBABA, lightningflashes, cheers, cheers, Being, Being
(num: 12134), BADBABA, belched, belched
(num: 12135), BADBABA, chance, chance, Falalalally, indisposed, indisposed
(num: 12136), BADBABA, swordplay
(num: 12137), BADBABA
(num: 12138), BADBABA, prodded
(num: 12139), BADBABA
(num: 12140), BADBABA, Watcher, Watcher
(num: 12141), BADBABA
(num: 12142), BADBABA, blow, Thrain, Thrain, Valinor, Valinor
(num: 12143), BADBABA
(num: 12144), BADBABA
(num: 12145), BADBABA, Hooray, Andnl
(num: 12146), BADBABA
(num: 12147), BADBABA, disbelieve, leechcraft, leechcraft
(num: 12148), BADBABA, shelter, shelter, surpassing, surpassing
(num: 12149), BADBABA
(num: 12150), BADBABA, Cirdan
(num: 12151), BADBABA, level, eaglelord, relationship
(num: 12152), BADBABA, whither, whither
(num: 12153), BADBABA, flanks, flanks
(num: 12154), BADBABA, greenish, greenish
(num: 12155), BADBABA, cisterns
(num: 12156), BADBABA, apple, apple
(num: 12157), BADBABA, Elrond, Elrond, Brand, Brand, Rope, Rope
(num: 12158), BADBABA, lagged, lagged
(num: 12159), BADBABA
(num: 12160), BADBABA, auctions, va
(num: 12161), BADBABA, Sauron, Sauron
(num: 12162), BADBABA, j
(num: 12163), BADBABA
(num: 12164), BADBABA
(num: 12165), BADBABA
(num: 12166), BADBABA, Rivers, Rivers
(num: 12167), BADBABA, amazement, amazement, official, official
(num: 12168), BADBABA, Exiles
(num: 12169), BADBABA, we, we, windwrithen, ugliness
(num: 12170), BADBABA, Bundushathyr, culvert, culvert, drynurse
(num: 12171), BADBABA
(num: 12172), BADBABA, Stillall, hoarded, hoarded
(num: 12173), BADBABA, inspired, inspired
(num: 12174), BADBABA
(num: 12175), BADBABA, quarried
(num: 12176), BADBABA, postmen
(num: 12177), BADBABA, your, your, preceded, preceded
(num: 12178), BADBABA
(num: 12179), BADBABA
(num: 12180), BADBABA, bird, bird, guardhouseover, shearing
(num: 12181), BADBABA, progress, progress
(num: 12182), BADBABA
(num: 12183), BADBABA, clenched, clenched, sisters, sisters
(num: 12184), BADBABA
(num: 12185), BADBABA, Twofoot, deceive, deceive
(num: 12186), BADBABA, creditable, Greyflood, Greyflood
(num: 12187), BADBABA, belied, onlooker
(num: 12188), BADBABA, darkened, darkened, Doriath, Doriath, emissary
(num: 12189), BADBABA, glossy, glossy
(num: 12190), BADBABA, running, running
(num: 12191), BADBABA, Worm, Worm, discovering, discovering
(num: 12192), BADBABA
(num: 12193), BADBABA
(num: 12194), BADBABA, nor, nor, Shelter, burdensome, burdensome
(num: 12195), BADBABA, chip, chip
(num: 12196), BADBABA
(num: 12197), BADBABA, bellows
(num: 12198), BADBABA, champing, example
(num: 12199), BADBABA
(num: 12200), BADBABA
(num: 12201), BADBABA
(num: 12202), BADBABA, now, now
(num: 12203), BADBABA, height, height, lightningcrowned
(num: 12204), BADBABA
(num: 12205), BADBABA, undaunted
(num: 12206), BADBABA
(num: 12207), BADBABA
(num: 12208), BADBABA, Hayward, Hayward
(num: 12209), BADBABA, cakesand, cleaned, cleaned
(num: 12210), BADBABA, hedge, hedge, harvest, harvest
(num: 12211), BADBABA, Fortress
(num: 12212), BADBABA, handkerchief, enthusiastic, Twilight, Twilight
(num: 12213), BADBABA, egg, stank, stank
(num: 12214), BADBABA
(num: 12215), BADBABA, supplement, steelrings, sunbeams
(num: 12216), BADBABA, frightful, frightful, soundlessly, groundless, firstrate
(num: 12217), BADBABA
(num: 12218), BADBABA, Hushed
(num: 12219), BADBABA, lightless, waywas
(num: 12220), BADBABA, stretches, stretches
(num: 12221), BADBABA, beak, beak
(num: 12222), BADBABA, explorers
(num: 12223), BADBABA, lasto, Bear, Bear
(num: 12224), BADBABA, miss, miss
(num: 12225), BADBABA
(num: 12226), BADBABA
(num: 12227), BADBABA
(num: 12228), BADBABA
(num: 12229), BADBABA, Lumpkin, Lumpkin
(num: 12230), BADBABA, Laketown, Laketown, daymeal, daymeal
(num: 12231), BADBABA, Ori, Ori, iss, iss
(num: 12232), BADBABA
(num: 12233), BADBABA, stole, stole
(num: 12234), BADBABA
(num: 12235), BADBABA
(num: 12236), BADBABA
(num: 12237), BADBABA, tosspots, groves, groves
(num: 12238), BADBABA, reaching, reaching, presage
(num: 12239), BADBABA, fried, shrivelled, shrivelled
(num: 12240), BADBABA, flywalks, commanding, fox, fox, steers
(num: 12241), BADBABA
(num: 12242), BADBABA, solid, pitter, careless, careless
(num: 12243), BADBABA
(num: 12244), BADBABA
(num: 12245), BADBABA, yoi
(num: 12246), BADBABA, thunder, thunder, bereft, bereft
(num: 12247), BADBABA
(num: 12248), BADBABA
(num: 12249), BADBABA, happening, widearmed, unnerved, glowworm, elvenbrooch
(num: 12250), BADBABA, tilling, tilling, Tarlangs
(num: 12251), BADBABA
(num: 12252), BADBABA, pursues
(num: 12253), BADBABA
(num: 12254), BADBABA, Minas, Minas
(num: 12255), BADBABA, helm, helm
(num: 12256), BADBABA
(num: 12257), BADBABA, references, references
(num: 12258), BADBABA, Adamant
(num: 12259), BADBABA, boasting
(num: 12260), BADBABA, counsel, counsel, comrade, comrade
(num: 12261), BADBABA, boned, staggerment, crumb, crumb
(num: 12262), BADBABA, everlastingly, everlastingly
(num: 12263), BADBABA, Rise
(num: 12264), BADBABA
(num: 12265), BADBABA
(num: 12266), BADBABA, additions, Hop, Hop
(num: 12267), BADBABA, merrier, merrier, grea, grea
(num: 12268), BADBABA, foulsmelling
(num: 12269), BADBABA
(num: 12270), BADBABA, wear, wear, rains, rains
(num: 12271), BADBABA
(num: 12272), BADBABA, argument, argument, wentIt, loosened, leader, leader, troublesome, bench, bench
(num: 12273), BADBABA, overpowering
(num: 12274), BADBABA, clockless
(num: 12275), BADBABA, heathland
(num: 12276), BADBABA, define
(num: 12277), BADBABA, Nimrais, Nimrais
(num: 12278), BADBABA, caution, caution
(num: 12279), BADBABA
(num: 12280), BADBABA
(num: 12281), BADBABA, Root
(num: 12282), BADBABA, Almost, Almost
(num: 12283), BADBABA, Rac, Rac, decrease, vainly, vainly
(num: 12284), BADBABA, loop, loop
(num: 12285), BADBABA, overrun, overrun
(num: 12286), BADBABA, bigger, bigger
(num: 12287), BADBABA
(num: 12288), BADBABA, rockface, rockface, Dath, Dath
(num: 12289), BADBABA
(num: 12290), BADBABA
(num: 12291), BADBABA, crosses, crosses, poisoning
(num: 12292), BADBABA, blocked, blocked, dour
(num: 12293), BADBABA, Cracks, Cracks, tiptap
(num: 12294), BADBABA
(num: 12295), BADBABA, Chapter, Saw
(num: 12296), BADBABA, softly, softly, baffled
(num: 12297), BADBABA
(num: 12298), BADBABA
(num: 12299), BADBABA
(num: 12300), BADBABA, stunted, stunted
(num: 12301), BADBABA, gloomy, gloomy, someth
(num: 12302), BADBABA, Elfhelm, Elfhelm
(num: 12303), BADBABA, juice
(num: 12304), BADBABA
(num: 12305), BADBABA
(num: 12306), BADBABA
(num: 12307), BADBABA
(num: 12308), BADBABA
(num: 12309), BADBABA, shy, shy, fame, fame
(num: 12310), BADBABA, dinted
(num: 12311), BADBABA, prayed
(num: 12312), BADBABA, Bomburor, clung, clung, warhardened
(num: 12313), BADBABA, Watervalley
(num: 12314), BADBABA
(num: 12315), BADBABA, crookedly, Rule, Rule
(num: 12316), BADBABA, proceeded, proceeded
(num: 12317), BADBABA, hopes, hopes
(num: 12318), BADBABA, clumsy, palantnri, palantnri
(num: 12319), BADBABA, One, One
(num: 12320), BADBABA, dot, dot
(num: 12321), BADBABA, pressure, pressure
(num: 12322), BADBABA
(num: 12323), BADBABA, passagethreshold
(num: 12324), BADBABA
(num: 12325), BADBABA
(num: 12326), BADBABA, murmurs, murmurs
(num: 12327), BADBABA, surrounded, surrounded
(num: 12328), BADBABA, trapped, trapped, hugged, hugged
(num: 12329), BADBABA, professionally
(num: 12330), BADBABA, distrusted
(num: 12331), BADBABA
(num: 12332), BADBABA, Pleading
(num: 12333), BADBABA
(num: 12334), BADBABA, Ours, Ours
(num: 12335), BADBABA, cant, cant
(num: 12336), BADBABA
(num: 12337), BADBABA
(num: 12338), BADBABA, moons, nooks, challenged, challenged, evilsmelling
(num: 12339), BADBABA
(num: 12340), BADBABA, nail, nail
(num: 12341), BADBABA
(num: 12342), BADBABA, dwarfridden
(num: 12343), BADBABA, Imladris, Imladris, commend, commend
(num: 12344), BADBABA, freedom, freedom
(num: 12345), BADBABA, tattering
(num: 12346), BADBABA, misunderstood
(num: 12347), BADBABA, stroke, stroke, knights, knights
(num: 12348), BADBABA, uneasy, uneasy
(num: 12349), BADBABA, fortyfour, fortyfour, storeys
(num: 12350), BADBABA, silvan
(num: 12351), BADBABA, mices
(num: 12352), BADBABA
(num: 12353), BADBABA, available
(num: 12354), BADBABA, hardships, flesh, flesh
(num: 12355), BADBABA, Obstinate, Obstinate
(num: 12356), BADBABA, slew, slew
(num: 12357), BADBABA, imagined, imagined, twofeather
(num: 12358), BADBABA
(num: 12359), BADBABA, auction, auction
(num: 12360), BADBABA
(num: 12361), BADBABA
(num: 12362), BADBABA, Hobbiton, Hobbiton
(num: 12363), BADBABA
(num: 12364), BADBABA, fabulously
(num: 12365), BADBABA
(num: 12366), BADBABA, vagabond
(num: 12367), BADBABA, kindlings
(num: 12368), BADBABA, uplands, uplands
(num: 12369), BADBABA
(num: 12370), BADBABA
(num: 12371), BADBABA
(num: 12372), BADBABA
(num: 12373), BADBABA
(num: 12374), BADBABA
(num: 12375), BADBABA, grandson, grandson, Walls, Walls, Entfist
(num: 12376), BADBABA, refreshed, refreshed, payin, impudence
(num: 12377), BADBABA
(num: 12378), BADBABA
(num: 12379), BADBABA
(num: 12380), BADBABA, goes, goes
(num: 12381), BADBABA, snapped, snapped, Dorwinion, Dorwinion
(num: 12382), BADBABA, striding, striding, hallow, hallow
(num: 12383), BADBABA
(num: 12384), BADBABA, Thirty, Thirty
(num: 12385), BADBABA, ithildin, ithildin
(num: 12386), BADBABA, represent, Mirrormere, Mirrormere
(num: 12387), BADBABA
(num: 12388), BADBABA, emerge
(num: 12389), BADBABA
(num: 12390), BADBABA, perishable, freshness
(num: 12391), BADBABA, invisible, invisible, forestroad, forestroad
(num: 12392), BADBABA
(num: 12393), BADBABA
(num: 12394), BADBABA, ninety, ninety
(num: 12395), BADBABA, general, general, bears, bears, Magic, Magic
(num: 12396), BADBABA, towed
(num: 12397), BADBABA, became, became, sparely
(num: 12398), BADBABA
(num: 12399), BADBABA, dreariest, longlived, seemeth, carrotses, masster, masster
(num: 12400), BADBABA
(num: 12401), BADBABA
(num: 12402), BADBABA
(num: 12403), BADBABA, graves, graves
(num: 12404), BADBABA, exactly, exactly, scimitars, scimitars
(num: 12405), BADBABA, grope, grope
(num: 12406), BADBABA, Bladorthin
(num: 12407), BADBABA
(num: 12408), BADBABA, inventing
(num: 12409), BADBABA, sandy, sandy
(num: 12410), BADBABA, premises, heirlooms, heirlooms
(num: 12411), BADBABA
(num: 12412), BADBABA
(num: 12413), BADBABA
(num: 12414), BADBABA, sulkily, sulkily
(num: 12415), BADBABA
(num: 12416), BADBABA, drawing, towering, towering, clack
(num: 12417), BADBABA, Collect
(num: 12418), BADBABA, marshland
(num: 12419), BADBABA, nearer, nearer
(num: 12420), BADBABA, already, already, stirrups, stirrups
(num: 12421), BADBABA, onslaught, onslaught
(num: 12422), BADBABA, paid, paid, vessels, vessels, unwinking
(num: 12423), BADBABA, rated
(num: 12424), BADBABA
(num: 12425), BADBABA
(num: 12426), BADBABA, outbreak, weighing, weighing
(num: 12427), BADBABA, grandsire
(num: 12428), BADBABA, bringing, bringing, rarely, Ossiriand
(num: 12429), BADBABA, prosy
(num: 12430), BADBABA, healed, Lumpkins, swordthain, swordthain
(num: 12431), BADBABA, barren, barren
(num: 12432), BADBABA
(num: 12433), BADBABA, aimed, lugging, skirt
(num: 12434), BADBABA
(num: 12435), BADBABA, Beornings, Beornings, Bind, cheating
(num: 12436), BADBABA
(num: 12437), BADBABA, sidepassage
(num: 12438), BADBABA
(num: 12439), BADBABA, inevitably, Thinclad
(num: 12440), BADBABA, barnowl, brea
(num: 12441), BADBABA, Dangerous, Haldir, Haldir, espied, espied
(num: 12442), BADBABA
(num: 12443), BADBABA, willowwind
(num: 12444), BADBABA, surpassi
(num: 12445), BADBABA
(num: 12446), BADBABA, Stonewain, Stonewain
(num: 12447), BADBABA, shadow, shadow, shrinking, lusty
(num: 12448), BADBABA, Greenway, Greenway
(num: 12449), BADBABA, Year, Year
(num: 12450), BADBABA, importance, importance, Wouldnt, Wouldnt
(num: 12451), BADBABA, founded, founded, honouring
(num: 12452), BADBABA
(num: 12453), BADBABA, learned, learned
(num: 12454), BADBABA, Swift, Swift
(num: 12455), BADBABA, blasted, blasted
(num: 12456), BADBABA, crafts, crafts
(num: 12457), BADBABA, rowers, rowers
(num: 12458), BADBABA, Porch, withholds, foresaw, foresaw
(num: 12459), BADBABA, vague, vague
(num: 12460), BADBABA, Leaflock, Leaflock, sunray
(num: 12461), BADBABA, nothing, nothing
(num: 12462), BADBABA, larn, larn
(num: 12463), BADBABA
(num: 12464), BADBABA
(num: 12465), BADBABA
(num: 12466), BADBABA, kindness, kindness
(num: 12467), BADBABA
(num: 12468), BADBABA, willowtree, willowtree
(num: 12469), BADBABA, plate, rema, inaccessible, inaccessible
(num: 12470), BADBABA, clustered, opal
(num: 12471), BADBABA, Despite
(num: 12472), BADBABA
(num: 12473), BADBABA
(num: 12474), BADBABA
(num: 12475), BADBABA, clustering, clustering
(num: 12476), BADBABA, t, mountainside, mountainside, habits, habits
(num: 12477), BADBABA, nappingand, islands
(num: 12478), BADBABA, crests
(num: 12479), BADBABA, questioned, questioned
(num: 12480), BADBABA, Land, Land, pestilence
(num: 12481), BADBABA, fiercely, fiercely, ightly
(num: 12482), BADBABA, safety, safety
(num: 12483), BADBABA, Thisll, disquiet, chaind, haltingly, gueststruly, Meneldor, Meneldor
(num: 12484), BADBABA
(num: 12485), BADBABA, suffices, shelllike
(num: 12486), BADBABA, minutes, minutes, creakings
(num: 12487), BADBABA, annihilated, sweated
(num: 12488), BADBABA
(num: 12489), BADBABA
(num: 12490), BADBABA
(num: 12491), BADBABA
(num: 12492), BADBABA, pair, pair, peacefully, peacefully
(num: 12493), BADBABA, pardon, pardon
(num: 12494), BADBABA, If, If
(num: 12495), BADBABA, juicy, ir, ir
(num: 12496), BADBABA, forayers
(num: 12497), BADBABA, teachers, Enting
(num: 12498), BADBABA, fumes, fumes
(num: 12499), BADBABA, Whitesocks
(num: 12500), BADBABA, skulking, Isengard, Isengard
(num: 12501), BADBABA
(num: 12502), BADBABA
(num: 12503), BADBABA, dawdle
(num: 12504), BADBABA, strangelooking, strangelooking, greyskinned
(num: 12505), BADBABA, chin, chin
(num: 12506), BADBABA, grew, grew
(num: 12507), BADBABA, sores
(num: 12508), BADBABA, thag
(num: 12509), BADBABA, lor
(num: 12510), BADBABA, politely, politely, proudly, proudly, molten, molten
(num: 12511), BADBABA, man, man, casket, casket, Beds
(num: 12512), BADBABA, legbonds, domed, domed, briarthickets
(num: 12513), BADBABA, Unfortunately, embarked, butt, Counsels
(num: 12514), BADBABA
(num: 12515), BADBABA, woven, catches, catches
(num: 12516), BADBABA
(num: 12517), BADBABA
(num: 12518), BADBABA
(num: 12519), BADBABA, hir
(num: 12520), BADBABA
(num: 12521), BADBABA, straining, straining, shabbier
(num: 12522), BADBABA, shire, skulls, Heaving, chat
(num: 12523), BADBABA, innacle
(num: 12524), BADBABA
(num: 12525), BADBABA, Sidedoor, Sidedoor, youcanthaveit
(num: 12526), BADBABA
(num: 12527), BADBABA
(num: 12528), BADBABA, key, key, coverlet, coverlet, surged, surged
(num: 12529), BADBABA
(num: 12530), BADBABA, hasten, hasten, briefer, chooser, immensity, swanknights
(num: 12531), BADBABA, livid, livid, Various
(num: 12532), BADBABA, every, every, thatand, lintl, Same, Same
(num: 12533), BADBABA
(num: 12534), BADBABA, energetic
(num: 12535), BADBABA, Pyre, begrudged
(num: 12536), BADBABA, Goblin, Goblin, forefinger, forefinger
(num: 12537), BADBABA, sickening, sickening
(num: 12538), BADBABA, plodded, plodded
(num: 12539), BADBABA, scribe
(num: 12540), BADBABA, maddening
(num: 12541), BADBABA
(num: 12542), BADBABA, arrangements, arrangements, barges, barges
(num: 12543), BADBABA
(num: 12544), BADBABA, steady, steady
(num: 12545), BADBABA, stragglers, glens, glens
(num: 12546), BADBABA, loo, loo, Rede, unbreakable, embalmed
(num: 12547), BADBABA, elffriendone, unbidden, unbidden, duller, duller, battlemented
(num: 12548), BADBABA, trusted, trusted, loremaster, loremaster
(num: 12549), BADBABA, snatch, bricks, bricks
(num: 12550), BADBABA, sunshine, sunshine
(num: 12551), BADBABA, Fond, mountainpass
(num: 12552), BADBABA, westward, westward
(num: 12553), BADBABA
(num: 12554), BADBABA, fastnesses, fastnesses, Cair, Cair
(num: 12555), BADBABA, warily, warily, forces, aflame, united
(num: 12556), BADBABA
(num: 12557), BADBABA, discovery, Ravenhill, Ravenhill
(num: 12558), BADBABA
(num: 12559), BADBABA
(num: 12560), BADBABA
(num: 12561), BADBABA, billowing, Guarded
(num: 12562), BADBABA, hilllop, Pilgrim, Pilgrim
(num: 12563), BADBABA, basins, basins
(num: 12564), BADBABA, hooded, brothers, Far, Far, mistakenand, ting, ting
(num: 12565), BADBABA
(num: 12566), BADBABA
(num: 12567), BADBABA, crumpled, crumpled, bolster
(num: 12568), BADBABA
(num: 12569), BADBABA
(num: 12570), BADBABA
(num: 12571), BADBABA, Day, Day, contempt
(num: 12572), BADBABA, starlit, sandpit, sandpit
(num: 12573), BADBABA, moot, moot
(num: 12574), BADBABA, starlight, starlight, tiptoed
(num: 12575), BADBABA, serial
(num: 12576), BADBABA, city, city
(num: 12577), BADBABA, deep, deep
(num: 12578), BADBABA
(num: 12579), BADBABA
(num: 12580), BADBABA, itd, itd, tender, tender
(num: 12581), BADBABA, eyesight, eyesight, Creatures
(num: 12582), BADBABA, lurkingplace, inset
(num: 12583), BADBABA, inno, mountainslopes, mountainslopes, enliven
(num: 12584), BADBABA, rosebrambles
(num: 12585), BADBABA
(num: 12586), BADBABA, Blossom, intrusion
(num: 12587), BADBABA, PRESENT
(num: 12588), BADBABA, locally
(num: 12589), BADBABA, zvram
(num: 12590), BADBABA, fourlegs, storksforks, finches, bridled
(num: 12591), BADBABA, movements, movements, elvenmail
(num: 12592), BADBABA, cradles, cradles, Cling
(num: 12593), BADBABA
(num: 12594), BADBABA, panic, panic
(num: 12595), BADBABA
(num: 12596), BADBABA, the, the, maybe, maybe
(num: 12597), BADBABA
(num: 12598), BADBABA, rear, rear
(num: 12599), BADBABA, tasting, Unearthly
(num: 12600), BADBABA
(num: 12601), BADBABA, overlate
(num: 12602), BADBABA, terms, terms
(num: 12603), BADBABA, search, search
(num: 12604), BADBABA, wildgoose
(num: 12605), BADBABA
(num: 12606), BADBABA, upholden
(num: 12607), BADBABA
(num: 12608), BADBABA, gathering, gathering
(num: 12609), BADBABA, squibs, fenny
(num: 12610), BADBABA
(num: 12611), BADBABA, risked, risked
(num: 12612), BADBABA
(num: 12613), BADBABA, nippers, oncoming, oncoming
(num: 12614), BADBABA, loudest
(num: 12615), BADBABA, outs
(num: 12616), BADBABA
(num: 12617), BADBABA
(num: 12618), BADBABA
(num: 12619), BADBABA, delivered, delivered, resinous
(num: 12620), BADBABA
(num: 12621), BADBABA, soaring
(num: 12622), BADBABA
(num: 12623), BADBABA
(num: 12624), BADBABA, complete, complete
(num: 12625), BADBABA, horseflesh
(num: 12626), BADBABA, uninteresting
(num: 12627), BADBABA
(num: 12628), BADBABA, quality, quality
(num: 12629), BADBABA
(num: 12630), BADBABA, pursuing, pursuing
(num: 12631), BADBABA, Gildors, Gildors, grots
(num: 12632), BADBABA, strands, boom, boom, tempting
(num: 12633), BADBABA, excavated
(num: 12634), BADBABA, hears, hears
(num: 12635), BADBABA, Time, Time, slag, slag
(num: 12636), BADBABA, tinkles
(num: 12637), BADBABA, lives, lives
(num: 12638), BADBABA, clutching, floored, Trust, bereaved
(num: 12639), BADBABA, Rangers, Rangers, behalf, behalf, changeable
(num: 12640), BADBABA
(num: 12641), BADBABA, sloped, snoring, snoring, hbl, hbl
(num: 12642), BADBABA, first, first, sniffed, sniffed
(num: 12643), BADBABA
(num: 12644), BADBABA, compliments, compliments, necked
(num: 12645), BADBABA, imitations, imitations
(num: 12646), BADBABA
(num: 12647), BADBABA
(num: 12648), BADBABA, absolute
(num: 12649), BADBABA, queerest, queerest
(num: 12650), BADBABA
(num: 12651), BADBABA, flung, flung, beartracks, lugged, lugged, forelegs, forelegs
(num: 12652), BADBABA, seeking, seeking
(num: 12653), BADBABA, Cant, clink, clink
(num: 12654), BADBABA
(num: 12655), BADBABA, hopeful, hopeful, fla, fearless, fearless, rivalry
(num: 12656), BADBABA, rabbit, rabbit, compared, compared
(num: 12657), BADBABA, curtained, curtained
(num: 12658), BADBABA, Aye, Aye
(num: 12659), BADBABA
(num: 12660), BADBABA
(num: 12661), BADBABA, plundered, sticky, sticky, Above, Above
(num: 12662), BADBABA, ninny
(num: 12663), BADBABA, closest, closest
(num: 12664), BADBABA
(num: 12665), BADBABA, specially, specially, perceptibly
(num: 12666), BADBABA
(num: 12667), BADBABA, evermind
(num: 12668), BADBABA, suffocated, youa
(num: 12669), BADBABA
(num: 12670), BADBABA, Ive, Ive
(num: 12671), BADBABA
(num: 12672), BADBABA, bridge, bridge, soften
(num: 12673), BADBABA
(num: 12674), BADBABA, Slain
(num: 12675), BADBABA
(num: 12676), BADBABA
(num: 12677), BADBABA, woodcraft, Moonset
(num: 12678), BADBABA, sages, sages, Thorondor
(num: 12679), BADBABA, sparkling, Ford, breeds, poet, noose, noose
(num: 12680), BADBABA
(num: 12681), BADBABA
(num: 12682), BADBABA, hid, hid
(num: 12683), BADBABA, Such, Such
(num: 12684), BADBABA, sullied, munched, munched
(num: 12685), BADBABA, odd, lock, lock, proudest
(num: 12686), BADBABA, rules, rules, undoing, undoing, dwarflanguage
(num: 12687), BADBABA, dayguards
(num: 12688), BADBABA, presented, presented
(num: 12689), BADBABA, fr, fr
(num: 12690), BADBABA
(num: 12691), BADBABA, cockleboats
(num: 12692), BADBABA, manage, manage
(num: 12693), BADBABA
(num: 12694), BADBABA, Outside, Outside, Trapped, luini, childs, hobbitses, hobbitses, picketed
(num: 12695), BADBABA, needles, hedgerows, hedgerows
(num: 12696), BADBABA, patrol, oneself
(num: 12697), BADBABA, both, both, belonged, belonged
(num: 12698), BADBABA, dads
(num: 12699), BADBABA, laughter, laughter, toppled, repair, repair, flicked, flicked, Backward
(num: 12700), BADBABA, hart, hart, tuppence, needy, rashly, hollowed, hollowed, outlaw
(num: 12701), BADBABA, mingle
(num: 12702), BADBABA, entangled, entangled
(num: 12703), BADBABA
(num: 12704), BADBABA, limit
(num: 12705), BADBABA
(num: 12706), BADBABA, Calacirya
(num: 12707), BADBABA, snatches, snatches
(num: 12708), BADBABA, goblinwars
(num: 12709), BADBABA, seeing, seeing
(num: 12710), BADBABA
(num: 12711), BADBABA, recipe, weaker, weaker
(num: 12712), BADBABA, wounds, wounds
(num: 12713), BADBABA, hundreds, hundreds
(num: 12714), BADBABA
(num: 12715), BADBABA, outside, outside
(num: 12716), BADBABA, kingdom, kingdom, images, images
(num: 12717), BADBABA, stayathome
(num: 12718), BADBABA
(num: 12719), BADBABA
(num: 12720), BADBABA
(num: 12721), BADBABA, surrender, surrender
(num: 12722), BADBABA, richest, system
(num: 12723), BADBABA, powerless
(num: 12724), BADBABA, rockhewn, paleskinned
(num: 12725), BADBABA
(num: 12726), BADBABA, paused, paused
(num: 12727), BADBABA
(num: 12728), BADBABA, posture
(num: 12729), BADBABA, hind, hind, greyhued
(num: 12730), BADBABA
(num: 12731), BADBABA, moths, moths, stir, stir, sheepish
(num: 12732), BADBABA
(num: 12733), BADBABA
(num: 12734), BADBABA
(num: 12735), BADBABA, morninged, dense, dense
(num: 12736), BADBABA, Live, Live
(num: 12737), BADBABA, hewn, hewn
(num: 12738), BADBABA, airy, airy
(num: 12739), BADBABA
(num: 12740), BADBABA, explanations
(num: 12741), BADBABA
(num: 12742), BADBABA
(num: 12743), BADBABA, mindexcept
(num: 12744), BADBABA, greenhued
(num: 12745), BADBABA
(num: 12746), BADBABA
(num: 12747), BADBABA
(num: 12748), BADBABA
(num: 12749), BADBABA, felt, felt
(num: 12750), BADBABA, personally, darkly, darkly
(num: 12751), BADBABA
(num: 12752), BADBABA, wargskin, Enemys, wrenching, wrenching
(num: 12753), BADBABA, Reforged
(num: 12754), BADBABA, primly, Star, guise, guise, orcspeech, orcspeech, exhaustion, exhaustion
(num: 12755), BADBABA, bathsongs
(num: 12756), BADBABA, January, deck, bier, bier, ling, ling
(num: 12757), BADBABA, dnudan, Minutes, tube, Friends, Friends
(num: 12758), BADBABA, North, North
(num: 12759), BADBABA
(num: 12760), BADBABA, Even, Even
(num: 12761), BADBABA
(num: 12762), BADBABA
(num: 12763), BADBABA, lost, lost
(num: 12764), BADBABA, roomy
(num: 12765), BADBABA
(num: 12766), BADBABA, shimmering, shimmering
(num: 12767), BADBABA
(num: 12768), BADBABA
(num: 12769), BADBABA, Sand
(num: 12770), BADBABA
(num: 12771), BADBABA, nolegs, firwood, firwood
(num: 12772), BADBABA
(num: 12773), BADBABA, Gollumlike
(num: 12774), BADBABA, Ossir
(num: 12775), BADBABA
(num: 12776), BADBABA, Yet, Yet
(num: 12777), BADBABA
(num: 12778), BADBABA, stonegiants, stonegiants
(num: 12779), BADBABA, bottle, barns, barns, Climb, Climb
(num: 12780), BADBABA, snicked
(num: 12781), BADBABA, observe, witches
(num: 12782), BADBABA, tickle
(num: 12783), BADBABA, ordained, chimneys, chimneys
(num: 12784), BADBABA, knoll, knoll, postpone
(num: 12785), BADBABA, ice, ice
(num: 12786), BADBABA, annoyance, annoyance
(num: 12787), BADBABA, larks
(num: 12788), BADBABA, smoky, smoky
(num: 12789), BADBABA, warmly, warmly, unfaithful
(num: 12790), BADBABA
(num: 12791), BADBABA, born, couch, couch
(num: 12792), BADBABA
(num: 12793), BADBABA
(num: 12794), BADBABA
(num: 12795), BADBABA, circle, circle, booted, booted, Satisfied
(num: 12796), BADBABA, maker, maker
(num: 12797), BADBABA, flicking
(num: 12798), BADBABA, Brief
(num: 12799), BADBABA, passengers, tastes, tastes
(num: 12800), BADBABA, nervously, palely
(num: 12801), BADBABA, mountains, mountains, arrowstorm
(num: 12802), BADBABA
(num: 12803), BADBABA
(num: 12804), BADBABA, mixed, mixed, links
(num: 12805), BADBABA, sundownbells
(num: 12806), BADBABA
(num: 12807), BADBABA, hire, hire
(num: 12808), BADBABA, Unafraid, NOW, NOW, rail, rail
(num: 12809), BADBABA
(num: 12810), BADBABA, hum, hum, pall, pall, insolent
(num: 12811), BADBABA, overjoyed, overjoyed, ceaseless, Noodles
(num: 12812), BADBABA
(num: 12813), BADBABA
(num: 12814), BADBABA, smoking, smoking
(num: 12815), BADBABA
(num: 12816), BADBABA
(num: 12817), BADBABA
(num: 12818), BADBABA, beeautiful
(num: 12819), BADBABA
(num: 12820), BADBABA
(num: 12821), BADBABA
(num: 12822), BADBABA, damned
(num: 12823), BADBABA
(num: 12824), BADBABA, Samll
(num: 12825), BADBABA, crash, crash, webby
(num: 12826), BADBABA, Ungo, crownless, crownless
(num: 12827), BADBABA
(num: 12828), BADBABA
(num: 12829), BADBABA, unmake, orcfaces
(num: 12830), BADBABA, rode, rode, glummer, glummer, Breedialect
(num: 12831), BADBABA
(num: 12832), BADBABA
(num: 12833), BADBABA
(num: 12834), BADBABA, flickered, flickered, roses
(num: 12835), BADBABA, Lone
(num: 12836), BADBABA
(num: 12837), BADBABA
(num: 12838), BADBABA, sudden, sudden, Bridge, Bridge, Daerons, lver, woodwrights
(num: 12839), BADBABA
(num: 12840), BADBABA, declaim, blurred, blurred
(num: 12841), BADBABA, club, dug, dug
(num: 12842), BADBABA
(num: 12843), BADBABA, moonrise
(num: 12844), BADBABA, Wellpreserved, assail, assail, sneaks, sneaks
(num: 12845), BADBABA, conditions
(num: 12846), BADBABA
(num: 12847), BADBABA
(num: 12848), BADBABA
(num: 12849), BADBABA
(num: 12850), BADBABA
(num: 12851), BADBABA
(num: 12852), BADBABA, snarls
(num: 12853), BADBABA, morsel, morsel
(num: 12854), BADBABA
(num: 12855), BADBABA, kinds, kinds, nohow, nohow
(num: 12856), BADBABA, mw
(num: 12857), BADBABA, names, appletart, nought, Goatleaf, Goatleaf
(num: 12858), BADBABA, womans
(num: 12859), BADBABA
(num: 12860), BADBABA
(num: 12861), BADBABA, throughthrough
(num: 12862), BADBABA, darkgrey, darkgrey
(num: 12863), BADBABA, patched, wheres, rocking
(num: 12864), BADBABA, Soft, Soft
(num: 12865), BADBABA
(num: 12866), BADBABA, tcher
(num: 12867), BADBABA, Belfalas, Belfalas
(num: 12868), BADBABA
(num: 12869), BADBABA, thou, thou
(num: 12870), BADBABA
(num: 12871), BADBABA
(num: 12872), BADBABA
(num: 12873), BADBABA, tweens, tweens, trickling, trickling
(num: 12874), BADBABA, performer, trusty, trusty, unadorned, unadorned, hatched
(num: 12875), BADBABA, ruefully, ruefully
(num: 12876), BADBABA, urgency, urgency
(num: 12877), BADBABA, get, get, hopped, hopped, wanderer, wanderer, retreated, retreated
(num: 12878), BADBABA
(num: 12879), BADBABA
(num: 12880), BADBABA, punctual, punctual
(num: 12881), BADBABA, Really, Really
(num: 12882), BADBABA, deliberately, deliberately
(num: 12883), BADBABA
(num: 12884), BADBABA, efforts, efforts, winters, winters
(num: 12885), BADBABA, He, He, escaping, escaping, collar, collar
(num: 12886), BADBABA, raising, raising
(num: 12887), BADBABA, calm, calm, Otho, Otho
(num: 12888), BADBABA, cousin, cousin
(num: 12889), BADBABA, fragrance, fragrance
(num: 12890), BADBABA, wet, wet, array, Hal, Hal, crouching, crouching
(num: 12891), BADBABA, dismayed, dismayed
(num: 12892), BADBABA
(num: 12893), BADBABA, Gore
(num: 12894), BADBABA, shadowing
(num: 12895), BADBABA
(num: 12896), BADBABA, altogether, altogether
(num: 12897), BADBABA
(num: 12898), BADBABA, burned, burned, gatelike
(num: 12899), BADBABA, Deepingcoomb, Deepingcoomb
(num: 12900), BADBABA, lilybowls
(num: 12901), BADBABA
(num: 12902), BADBABA, drifted, fee
(num: 12903), BADBABA, constantly, constantly
(num: 12904), BADBABA, consulting, frugal, frugal, carve, carve
(num: 12905), BADBABA, pained, pained
(num: 12906), BADBABA
(num: 12907), BADBABA
(num: 12908), BADBABA
(num: 12909), BADBABA
(num: 12910), BADBABA, reedchoked
(num: 12911), BADBABA
(num: 12912), BADBABA, Changes, Naked
(num: 12913), BADBABA, plumtrees
(num: 12914), BADBABA
(num: 12915), BADBABA, furry, furry, seal, seal
(num: 12916), BADBABA, plu, thronging
(num: 12917), BADBABA
(num: 12918), BADBABA, sorcerers, veritably
(num: 12919), BADBABA, footman
(num: 12920), BADBABA, untouchable
(num: 12921), BADBABA, greatly, greatly, Swarthy, insatiable
(num: 12922), BADBABA, Excuse, Excuse
(num: 12923), BADBABA, shriek, shriek, doorthe
(num: 12924), BADBABA
(num: 12925), BADBABA
(num: 12926), BADBABA, tiers
(num: 12927), BADBABA, provide, provide, Ettenmoors, Ettenmoors
(num: 12928), BADBABA, clinking, Moving, Anbrion, Anbrion
(num: 12929), BADBABA, brew, brew, manes, manes, hallowed, hallowed
(num: 12930), BADBABA, Hallo, Hallo, anann
(num: 12931), BADBABA
(num: 12932), BADBABA
(num: 12933), BADBABA
(num: 12934), BADBABA, ridge, ridge, horseman, horseman
(num: 12935), BADBABA, send, send, uneven, uneven, Overlord
(num: 12936), BADBABA, sullenly
(num: 12937), BADBABA, excellently
(num: 12938), BADBABA, boa
(num: 12939), BADBABA, ignoble
(num: 12940), BADBABA
(num: 12941), BADBABA, slackened, slackened
(num: 12942), BADBABA, avalanche, conjectural, unmade, unmade
(num: 12943), BADBABA
(num: 12944), BADBABA
(num: 12945), BADBABA, sparklers
(num: 12946), BADBABA, dangers, dangers, cargoes, cargoes, sorrowless, sorrowless
(num: 12947), BADBABA, strongbox
(num: 12948), BADBABA, supper, supper, uprising
(num: 12949), BADBABA, recall, recall
(num: 12950), BADBABA, possible, possible
(num: 12951), BADBABA, Galdor, Galdor
(num: 12952), BADBABA, blacker, weathering
(num: 12953), BADBABA, trestles, trestles
(num: 12954), BADBABA, scoffed, scoffed
(num: 12955), BADBABA, Imrahils
(num: 12956), BADBABA
(num: 12957), BADBABA, Cross
(num: 12958), BADBABA, elvenharps
(num: 12959), BADBABA, southeast, southeast
(num: 12960), BADBABA, quickest, quickest
(num: 12961), BADBABA
(num: 12962), BADBABA, unfolds
(num: 12963), BADBABA
(num: 12964), BADBABA, manflesh
(num: 12965), BADBABA
(num: 12966), BADBABA, persuaded, persuaded
(num: 12967), BADBABA
(num: 12968), BADBABA
(num: 12969), BADBABA, Hundreds, Hundreds
(num: 12970), BADBABA, perplexities, circlets, circlets
(num: 12971), BADBABA
(num: 12972), BADBABA, apparently, apparently, saplings, saplings
(num: 12973), BADBABA
(num: 12974), BADBABA
(num: 12975), BADBABA
(num: 12976), BADBABA
(num: 12977), BADBABA
(num: 12978), BADBABA, willdo, benches, benches
(num: 12979), BADBABA, beater
(num: 12980), BADBABA
(num: 12981), BADBABA
(num: 12982), BADBABA
(num: 12983), BADBABA
(num: 12984), BADBABA, foaming, foaming, Beautiful
(num: 12985), BADBABA, ranging, ranging
(num: 12986), BADBABA, bellied, exit
(num: 12987), BADBABA, unlocked, unlocked, penna, penna
(num: 12988), BADBABA, lamplike, lamplike, ish
(num: 12989), BADBABA, lighting, Yer, Yer, imminent
(num: 12990), BADBABA, doubt, doubt, welllaid, welllaid
(num: 12991), BADBABA
(num: 12992), BADBABA, committed, Brave, Brave
(num: 12993), BADBABA, easy, easy
(num: 12994), BADBABA, seek, seek, Hornblowers, Hornblowers
(num: 12995), BADBABA
(num: 12996), BADBABA, emperor, daughter, daughter
(num: 12997), BADBABA
(num: 12998), BADBABA, movement, movement
(num: 12999), BADBABA, leaden, leaden
(num: 13000), BADBABA, riven, riven, friendless, sallowfaced
(num: 13001), BADBABA, forbiddingly
(num: 13002), BADBABA, abiding
(num: 13003), BADBABA, Spring, Spring, grovelled, grovelled
(num: 13004), BADBABA
(num: 13005), BADBABA, crescent, crescent, strawberries, strawberries
(num: 13006), BADBABA, Smith
(num: 13007), BADBABA, praise, Im, Im, tune, unpleasantly
(num: 13008), BADBABA
(num: 13009), BADBABA, wreckage, wreckage
(num: 13010), BADBABA, slightly, slightly, Real
(num: 13011), BADBABA, spare, Lands, boundary, boundary, intentions
(num: 13012), BADBABA
(num: 13013), BADBABA, guards, guards, bulbous, consequence
(num: 13014), BADBABA
(num: 13015), BADBABA, perfect, perfect, arrange
(num: 13016), BADBABA, worst, jumped, jumped
(num: 13017), BADBABA
(num: 13018), BADBABA, quivering, quivering, Pursuers
(num: 13019), BADBABA, atone
(num: 13020), BADBABA, return, return, ranks, ranks
(num: 13021), BADBABA
(num: 13022), BADBABA, Ben, turrets
(num: 13023), BADBABA, greathearted
(num: 13024), BADBABA, travellers, travellers
(num: 13025), BADBABA, tonight, tonight, enquire
(num: 13026), BADBABA
(num: 13027), BADBABA, Murder
(num: 13028), BADBABA, improved, improved, redgolden, redgolden, gangs
(num: 13029), BADBABA, least, least, farmbuildings, sombre, sombre, mountainvillages, convulsed, weddings
(num: 13030), BADBABA, Samma
(num: 13031), BADBABA, senseless, senseless
(num: 13032), BADBABA, asked, asked, stored, stored
(num: 13033), BADBABA, elfroad
(num: 13034), BADBABA, Mablung, Mablung
(num: 13035), BADBABA, deprived
(num: 13036), BADBABA
(num: 13037), BADBABA, tunnels, tunnels, wellforged
(num: 13038), BADBABA, squash, squash, limbs, curiousminded
(num: 13039), BADBABA, eatinghouse
(num: 13040), BADBABA, orchestra
(num: 13041), BADBABA
(num: 13042), BADBABA, calling, calling, Higher, rivals, rivals
(num: 13043), BADBABA
(num: 13044), BADBABA, Frightening
(num: 13045), BADBABA, timidly, roundness
(num: 13046), BADBABA, lament, lament
(num: 13047), BADBABA
(num: 13048), BADBABA
(num: 13049), BADBABA, Rivende
(num: 13050), BADBABA, arch, arch, linnathon, wanton, scion
(num: 13051), BADBABA, pillow, pillow, rinse
(num: 13052), BADBABA
(num: 13053), BADBABA, gale, gale
(num: 13054), BADBABA
(num: 13055), BADBABA
(num: 13056), BADBABA, cheery
(num: 13057), BADBABA, alien, alien
(num: 13058), BADBABA, virtue, virtue
(num: 13059), BADBABA, youngster, youngster, Gilgalad, Gilgalad, surcoats
(num: 13060), BADBABA, pronouncing, ce, gauntlets, gauntlets
(num: 13061), BADBABA
(num: 13062), BADBABA, shouldered, shouldered, street, street, flappy
(num: 13063), BADBABA
(num: 13064), BADBABA, believing, believing
(num: 13065), BADBABA, sorcerous, pursuit, forthcoming
(num: 13066), BADBABA, growths, growths
(num: 13067), BADBABA, hindering
(num: 13068), BADBABA, anvils, punish, Taurelilumlatumbalemorna, divers
(num: 13069), BADBABA
(num: 13070), BADBABA, anvil, anvil
(num: 13071), BADBABA, Wolfriders
(num: 13072), BADBABA, upon, upon, reports, reports, foaled, foaled
(num: 13073), BADBABA
(num: 13074), BADBABA, ramp, ramp
(num: 13075), BADBABA, pineneedles, adventurer
(num: 13076), BADBABA, Another, dashed, dashed
(num: 13077), BADBABA, haggard, haggard
(num: 13078), BADBABA, creaking, creaking, helpful, helpful
(num: 13079), BADBABA
(num: 13080), BADBABA, Gathering, Gathering
(num: 13081), BADBABA, gangway, tentacle, hornblasts, hornblasts
(num: 13082), BADBABA, interested, interested, Fury, Oathbreakers
(num: 13083), BADBABA, Age, Age
(num: 13084), BADBABA, grace, grace, Phew, Phew
(num: 13085), BADBABA, untidy, untidy
(num: 13086), BADBABA
(num: 13087), BADBABA, fens, fens
(num: 13088), BADBABA, steamed, steamed, Bosss, Bosss
(num: 13089), BADBABA, forded, forded, mistress, mistress
(num: 13090), BADBABA, Snowmane, Snowmane
(num: 13091), BADBABA
(num: 13092), BADBABA, laburnums, Arathorn, Arathorn
(num: 13093), BADBABA, articles, articles
(num: 13094), BADBABA
(num: 13095), BADBABA
(num: 13096), BADBABA, venom, venom
(num: 13097), BADBABA, tenseness, tenseness
(num: 13098), BADBABA, nettles
(num: 13099), BADBABA, which, which, truce, truce
(num: 13100), BADBABA, vultures, vultures, Pimples, Pimples
(num: 13101), BADBABA
(num: 13102), BADBABA, recreant
(num: 13103), BADBABA
(num: 13104), BADBABA, Trembling, Trembling, protested
(num: 13105), BADBABA, wish, wish, dimming
(num: 13106), BADBABA, urgently, urgently
(num: 13107), BADBABA, spiderpoison, Feasts
(num: 13108), BADBABA, withholding
(num: 13109), BADBABA, difference, difference, comely, comely
(num: 13110), BADBABA, fenreek
(num: 13111), BADBABA, Isenmouthe, Isenmouthe
(num: 13112), BADBABA, Harding
(num: 13113), BADBABA, sufficed
(num: 13114), BADBABA, Butterburs, Butterburs, spake, spake
(num: 13115), BADBABA, Burglar, Burglar, strategy
(num: 13116), BADBABA
(num: 13117), BADBABA, UrukHai, UrukHai
(num: 13118), BADBABA, proud, proud
(num: 13119), BADBABA, Guided
(num: 13120), BADBABA, kingly, kingly
(num: 13121), BADBABA
(num: 13122), BADBABA, stayed, wasting, wasting
(num: 13123), BADBABA, Orcses, Orcses
(num: 13124), BADBABA, ache, ache, condescending
(num: 13125), BADBABA, windows, windows
(num: 13126), BADBABA, whips, whips
(num: 13127), BADBABA, ceased, ceased, Gondor, Gondor
(num: 13128), BADBABA
(num: 13129), BADBABA, low, low, Part, Part
(num: 13130), BADBABA, revived, revived, Choose, Choose
(num: 13131), BADBABA, halfremembered
(num: 13132), BADBABA
(num: 13133), BADBABA, obscure, obscure
(num: 13134), BADBABA, walkingstick, walkingstick
(num: 13135), BADBABA, eams, Wandlimb
(num: 13136), BADBABA, wen, wen
(num: 13137), BADBABA, dawning
(num: 13138), BADBABA, timbers, timbers
(num: 13139), BADBABA, method, ttle
(num: 13140), BADBABA, blight
(num: 13141), BADBABA, earnestly
(num: 13142), BADBABA, lightbuilt
(num: 13143), BADBABA, distantly, distantly
(num: 13144), BADBABA, do, do, lazy, attractions, tireless, tireless, Northerners, Northerners, gibbet, gibbet, Ecthelion, Ecthelion
(num: 13145), BADBABA, prime, prime
(num: 13146), BADBABA
(num: 13147), BADBABA, royalty, royalty
(num: 13148), BADBABA
(num: 13149), BADBABA, wielded, wielded
(num: 13150), BADBABA, Sale, Sale
(num: 13151), BADBABA
(num: 13152), BADBABA, representatives, brooded, brooded, messages, messages, offspring
(num: 13153), BADBABA, widesweeping, Thengling, magnitude
(num: 13154), BADBABA
(num: 13155), BADBABA
(num: 13156), BADBABA
(num: 13157), BADBABA
(num: 13158), BADBABA, BUTTERBUR
(num: 13159), BADBABA, aleand
(num: 13160), BADBABA, mountainroots
(num: 13161), BADBABA
(num: 13162), BADBABA
(num: 13163), BADBABA, sage, greedily, greedily
(num: 13164), BADBABA
(num: 13165), BADBABA, helmed
(num: 13166), BADBABA
(num: 13167), BADBABA
(num: 13168), BADBABA, n, n, Ghvnburighvn, ruffianleader
(num: 13169), BADBABA, chamberlain
(num: 13170), BADBABA, southpointing, Like, Like
(num: 13171), BADBABA, Ferthu
(num: 13172), BADBABA, tree, tree, Twill
(num: 13173), BADBABA, hobbitlegs
(num: 13174), BADBABA, thumb, thumb
(num: 13175), BADBABA, untie, untie
(num: 13176), BADBABA
(num: 13177), BADBABA
(num: 13178), BADBABA
(num: 13179), BADBABA
(num: 13180), BADBABA, smoothed, smoothed
(num: 13181), BADBABA, showers, showers
(num: 13182), BADBABA, truth, truth, earlier, earlier, corslets, thr, thr
(num: 13183), BADBABA, shouts, shouts
(num: 13184), BADBABA
(num: 13185), BADBABA, effect, Arrows, Arrows
(num: 13186), BADBABA, kindreds, paddlefeet
(num: 13187), BADBABA, Foresight
(num: 13188), BADBABA, unload, cowing
(num: 13189), BADBABA, wilderness, wilderness
(num: 13190), BADBABA, wellkept, tray, tray, hobbitfashion, alley
(num: 13191), BADBABA
(num: 13192), BADBABA
(num: 13193), BADBABA, Annminas, Annminas
(num: 13194), BADBABA, disguised
(num: 13195), BADBABA, toe, toe, bleak, bleak
(num: 13196), BADBABA, helplessly
(num: 13197), BADBABA, lift, lift, Valinorean
(num: 13198), BADBABA, poured, poured, vassals
(num: 13199), BADBABA, hall, hall, bulged
(num: 13200), BADBABA, uponly, elflords, elflords
(num: 13201), BADBABA, label, hobbitgarments
(num: 13202), BADBABA, property
(num: 13203), BADBABA, called, called, Theyve, Theyve
(num: 13204), BADBABA, Fiery, Fiery
(num: 13205), BADBABA, sprea
(num: 13206), BADBABA
(num: 13207), BADBABA, bleating, spiderthreads, bole, bole
(num: 13208), BADBABA, rose, rose
(num: 13209), BADBABA, mind, mind, appendices
(num: 13210), BADBABA
(num: 13211), BADBABA, converse, converse
(num: 13212), BADBABA
(num: 13213), BADBABA, heir, heir
(num: 13214), BADBABA, oozy, contrivance
(num: 13215), BADBABA, pinewoods, pinewoods, snowstorm, rattle, rattle
(num: 13216), BADBABA, slashing, highbanked, highbanked
(num: 13217), BADBABA, bearers
(num: 13218), BADBABA, unchallenged, unchallenged
(num: 13219), BADBABA, shiny
(num: 13220), BADBABA
(num: 13221), BADBABA
(num: 13222), BADBABA, refounded, detested, harmlessly, irksome
(num: 13223), BADBABA, ruining, confederates
(num: 13224), BADBABA
(num: 13225), BADBABA, broke, broke, swaying, swaying
(num: 13226), BADBABA, fend, axeheads, greycloaked, eveningtime, vanimblion
(num: 13227), BADBABA
(num: 13228), BADBABA, appalling, hostile, hostile
(num: 13229), BADBABA
(num: 13230), BADBABA, halffinished, riders, riders
(num: 13231), BADBABA
(num: 13232), BADBABA
(num: 13233), BADBABA
(num: 13234), BADBABA, nimble, nimble
(num: 13235), BADBABA, Seems, Seems
(num: 13236), BADBABA, banner, banner, Samwas
(num: 13237), BADBABA, pitchdark, dinguruthos
(num: 13238), BADBABA, stairway, stairway
(num: 13239), BADBABA
(num: 13240), BADBABA, Baran
(num: 13241), BADBABA, flash, flash, cheerfulness
(num: 13242), BADBABA, lightnings, lightnings
(num: 13243), BADBABA, fading, fading
(num: 13244), BADBABA, queerer, queerer, Pride, truthfully, housings
(num: 13245), BADBABA, lips, lips
(num: 13246), BADBABA, promontory
(num: 13247), BADBABA, enjoy, enjoy
(num: 13248), BADBABA, downs, downs, deadlier
(num: 13249), BADBABA, griefs
(num: 13250), BADBABA
(num: 13251), BADBABA, helps, noticing, noticing
(num: 13252), BADBABA, foamed, foamed
(num: 13253), BADBABA
(num: 13254), BADBABA, strolled, Luminous
(num: 13255), BADBABA
(num: 13256), BADBABA, fatherless, heavyarmed
(num: 13257), BADBABA
(num: 13258), BADBABA
(num: 13259), BADBABA, tones, wealthy, wealthy, dismissed, dismissed
(num: 13260), BADBABA
(num: 13261), BADBABA
(num: 13262), BADBABA
(num: 13263), BADBABA, mayoralty
(num: 13264), BADBABA, mattocks, mattocks
(num: 13265), BADBABA
(num: 13266), BADBABA
(num: 13267), BADBABA, overflowed
(num: 13268), BADBABA
(num: 13269), BADBABA
(num: 13270), BADBABA, lockout
(num: 13271), BADBABA
(num: 13272), BADBABA, found, found, rumble, rumble, starved, starved
(num: 13273), BADBABA, Dwarfmail
(num: 13274), BADBABA
(num: 13275), BADBABA, Willie
(num: 13276), BADBABA, Rivendell, Rivendell, villain, yesteryear
(num: 13277), BADBABA, southerner, southerner
(num: 13278), BADBABA, Inside, Inside, superior
(num: 13279), BADBABA, jolts
(num: 13280), BADBABA
(num: 13281), BADBABA, wherefore, packets, dimonds
(num: 13282), BADBABA, rudely, rudely
(num: 13283), BADBABA, surface, surface, terrace, terrace
(num: 13284), BADBABA
(num: 13285), BADBABA
(num: 13286), BADBABA, triumphantly
(num: 13287), BADBABA, knot, ded, shabby, shabby, householdmen, householdmen
(num: 13288), BADBABA, moments, moments, mountaintrolls
(num: 13289), BADBABA, nipped, nipped
(num: 13290), BADBABA, curdled, curdled, contriving
(num: 13291), BADBABA, Nassty, Nassty, Bergils
(num: 13292), BADBABA
(num: 13293), BADBABA, BUSINESS, firebolt
(num: 13294), BADBABA, elffires
(num: 13295), BADBABA
(num: 13296), BADBABA, againexcept, thrushes
(num: 13297), BADBABA
(num: 13298), BADBABA, orcnecks, orcnecks
(num: 13299), BADBABA, expecting, expecting, glass, glass
(num: 13300), BADBABA, Thence, Thence
(num: 13301), BADBABA, slime, slime
(num: 13302), BADBABA, jaws, jaws
(num: 13303), BADBABA
(num: 13304), BADBABA, twopronged
(num: 13305), BADBABA
(num: 13306), BADBABA
(num: 13307), BADBABA, lashings
(num: 13308), BADBABA, roofed, roofed, stays, greenshadowed
(num: 13309), BADBABA, guest, guest
(num: 13310), BADBABA, smoother, Presen
(num: 13311), BADBABA
(num: 13312), BADBABA
(num: 13313), BADBABA
(num: 13314), BADBABA, OUR, Mercy, Mercy, faithfully, faithfully
(num: 13315), BADBABA
(num: 13316), BADBABA, lowlands, lowlands
(num: 13317), BADBABA
(num: 13318), BADBABA, Neither, successors
(num: 13319), BADBABA
(num: 13320), BADBABA
(num: 13321), BADBABA, use, use, knee, tly
(num: 13322), BADBABA, disused, saddle, saddle, decisions, cliffface, startling, resisting, Nibs, Nibs
(num: 13323), BADBABA, piping, unfit, unfit
(num: 13324), BADBABA, foothills, shuttered, slab, slab
(num: 13325), BADBABA
(num: 13326), BADBABA
(num: 13327), BADBABA, VI, VI
(num: 13328), BADBABA, southeastwards, southeastwards, veritable
(num: 13329), BADBABA, passed, passed
(num: 13330), BADBABA, warm, warm
(num: 13331), BADBABA
(num: 13332), BADBABA, bowman
(num: 13333), BADBABA, glittered, glittered
(num: 13334), BADBABA, pines, pines, Toby, Toby
(num: 13335), BADBABA, knob, Dear, cursed, pools, pools
(num: 13336), BADBABA, strangled, strangled, Finally
(num: 13337), BADBABA, silence, wild, wild
(num: 13338), BADBABA, Morgu, Rumello
(num: 13339), BADBABA, restoration
(num: 13340), BADBABA
(num: 13341), BADBABA
(num: 13342), BADBABA
(num: 13343), BADBABA, genuine, genuine
(num: 13344), BADBABA, boils, boils
(num: 13345), BADBABA
(num: 13346), BADBABA
(num: 13347), BADBABA
(num: 13348), BADBABA
(num: 13349), BADBABA
(num: 13350), BADBABA, cookinggear, cookinggear
(num: 13351), BADBABA, hand, hand, astonishment, astonishment, stating
(num: 13352), BADBABA, revive, revive
(num: 13353), BADBABA, hilltrolls, hurting
(num: 13354), BADBABA, ElfKingdoms
(num: 13355), BADBABA, unclean, unclean
(num: 13356), BADBABA, clifftop
(num: 13357), BADBABA, Keep, Keep
(num: 13358), BADBABA
(num: 13359), BADBABA, aid, aid
(num: 13360), BADBABA
(num: 13361), BADBABA
(num: 13362), BADBABA
(num: 13363), BADBABA, rope, rope
(num: 13364), BADBABA, Occasionally, Occasionally
(num: 13365), BADBABA
(num: 13366), BADBABA
(num: 13367), BADBABA, Practically, Practically
(num: 13368), BADBABA, treachery, treachery
(num: 13369), BADBABA, sittingroom, dodged, dodged
(num: 13370), BADBABA, motive, dissipate
(num: 13371), BADBABA, varying, varying
(num: 13372), BADBABA, days, days
(num: 13373), BADBABA
(num: 13374), BADBABA, thief, thief
(num: 13375), BADBABA
(num: 13376), BADBABA, wherein, weakest
(num: 13377), BADBABA, screeched
(num: 13378), BADBABA
(num: 13379), BADBABA
(num: 13380), BADBABA, distant, distant, dangerousif
(num: 13381), BADBABA, tattered, tattered
(num: 13382), BADBABA, unlooked, unlooked
(num: 13383), BADBABA, tremendous, tremendous, fronds, fronds
(num: 13384), BADBABA, skinned, western, western
(num: 13385), BADBABA, Wolves, Wolves
(num: 13386), BADBABA, dark, dark, casual
(num: 13387), BADBABA, Checking, crossroads
(num: 13388), BADBABA, scattering, scattering
(num: 13389), BADBABA, cu, cu
(num: 13390), BADBABA, squeezed, squeezed
(num: 13391), BADBABA, spaces, spaces, delve, delve, crunch
(num: 13392), BADBABA, Sa
(num: 13393), BADBABA
(num: 13394), BADBABA
(num: 13395), BADBABA, choke, choke
(num: 13396), BADBABA, halfling, halfling, glut, northeastward
(num: 13397), BADBABA, pampered, concealed, su, su
(num: 13398), BADBABA
(num: 13399), BADBABA, drinkingbowls, rejoice, cheeks, answerable, answerable
(num: 13400), BADBABA
(num: 13401), BADBABA, iadoc
(num: 13402), BADBABA
(num: 13403), BADBABA, elvenmaids
(num: 13404), BADBABA, elvenblood, Scaring
(num: 13405), BADBABA
(num: 13406), BADBABA
(num: 13407), BADBABA, prepared, prepared, Fruitless
(num: 13408), BADBABA, ambiguous
(num: 13409), BADBABA, leadership
(num: 13410), BADBABA, isle, isle
(num: 13411), BADBABA, lending, lending
(num: 13412), BADBABA
(num: 13413), BADBABA, aknown
(num: 13414), BADBABA, Broke
(num: 13415), BADBABA, banks, banks
(num: 13416), BADBABA
(num: 13417), BADBABA, laughs, laughs
(num: 13418), BADBABA, orclike, orclike
(num: 13419), BADBABA, whereas, whereas
(num: 13420), BADBABA, snow, snow, feasters
(num: 13421), BADBABA
(num: 13422), BADBABA
(num: 13423), BADBABA, Swishtail, knit
(num: 13424), BADBABA
(num: 13425), BADBABA, football, football, watchmen, watchmen, unto, unto
(num: 13426), BADBABA
(num: 13427), BADBABA
(num: 13428), BADBABA, hills, hills, Hasten, Hasten
(num: 13429), BADBABA
(num: 13430), BADBABA, acceptance
(num: 13431), BADBABA, wisewoman
(num: 13432), BADBABA
(num: 13433), BADBABA, flowering, flowering
(num: 13434), BADBABA, Warg, Warg
(num: 13435), BADBABA
(num: 13436), BADBABA
(num: 13437), BADBABA, ire
(num: 13438), BADBABA, hawks, hawks
(num: 13439), BADBABA
(num: 13440), BADBABA, Entings, Entings
(num: 13441), BADBABA, neither, neither, brooch, brooch
(num: 13442), BADBABA, musings
(num: 13443), BADBABA, nogothrim
(num: 13444), BADBABA, burns, burns
(num: 13445), BADBABA, palpitating, grooms
(num: 13446), BADBABA
(num: 13447), BADBABA, anyways, Ringfinder, Calling, Calling
(num: 13448), BADBABA, cluefinder, Hardy
(num: 13449), BADBABA
(num: 13450), BADBABA, abreast, abreast
(num: 13451), BADBABA, Dalemen, Wearily, plotted, plotted
(num: 13452), BADBABA
(num: 13453), BADBABA, intended, intended, unshapen
(num: 13454), BADBABA, hen, fax
(num: 13455), BADBABA, ended, ended, knowledgeable
(num: 13456), BADBABA
(num: 13457), BADBABA, nine, nine
(num: 13458), BADBABA, strings, strings
(num: 13459), BADBABA, conversation, sipin, twisting, twisting
(num: 13460), BADBABA
(num: 13461), BADBABA, Have, treasury, treasury
(num: 13462), BADBABA, Bungo, Bungo
(num: 13463), BADBABA, Faces, refrain
(num: 13464), BADBABA
(num: 13465), BADBABA
(num: 13466), BADBABA
(num: 13467), BADBABA, Withered, Withered
(num: 13468), BADBABA, highelven
(num: 13469), BADBABA
(num: 13470), BADBABA
(num: 13471), BADBABA, prevents, honourable, honourable
(num: 13472), BADBABA, glad, glad
(num: 13473), BADBABA, wakened, wakened
(num: 13474), BADBABA, Thengels, Thengels
(num: 13475), BADBABA, debatable, Sssh, Sssh
(num: 13476), BADBABA, fail, fail
(num: 13477), BADBABA
(num: 13478), BADBABA
(num: 13479), BADBABA
(num: 13480), BADBABA
(num: 13481), BADBABA, haven, haven
(num: 13482), BADBABA
(num: 13483), BADBABA, stabledoors, plaits
(num: 13484), BADBABA, bridged
(num: 13485), BADBABA, carrock, encouraging, encouraging
(num: 13486), BADBABA, cloudwrack
(num: 13487), BADBABA
(num: 13488), BADBABA
(num: 13489), BADBABA, sung, sung
(num: 13490), BADBABA, feet, feet, Ship
(num: 13491), BADBABA, prophesying
(num: 13492), BADBABA, rightly, rightly
(num: 13493), BADBABA, dawnrose
(num: 13494), BADBABA, thymes, higharched
(num: 13495), BADBABA
(num: 13496), BADBABA, obligation, purposeless
(num: 13497), BADBABA, straw, straw, glorious, nightspeech, ouching
(num: 13498), BADBABA
(num: 13499), BADBABA
(num: 13500), BADBABA, knives, knives
(num: 13501), BADBABA, gave, gave, longdrawn
(num: 13502), BADBABA, Fredegars
(num: 13503), BADBABA, gleamed, gleamed, Southern, hooks, hooks
(num: 13504), BADBABA, evidence, evidence
(num: 13505), BADBABA
(num: 13506), BADBABA
(num: 13507), BADBABA
(num: 13508), BADBABA, Slowly, Slowly, Unmarred
(num: 13509), BADBABA, stockings, stockings
(num: 13510), BADBABA
(num: 13511), BADBABA
(num: 13512), BADBABA, chasing, chasing
(num: 13513), BADBABA, Werent, score, forgets, forgets
(num: 13514), BADBABA, marched, marched, foreigners, foreigners
(num: 13515), BADBABA, bathwater
(num: 13516), BADBABA
(num: 13517), BADBABA, restored, restored
(num: 13518), BADBABA
(num: 13519), BADBABA, oblong
(num: 13520), BADBABA
(num: 13521), BADBABA
(num: 13522), BADBABA, treasure, treasure
(num: 13523), BADBABA, reasons, reasons
(num: 13524), BADBABA, dusted, dusted, Bush, Hundredweight, gull
(num: 13525), BADBABA, fattest, fattest, nightnoises
(num: 13526), BADBABA, clusters, clusters, Underharrow
(num: 13527), BADBABA, Elfcountry
(num: 13528), BADBABA, warehouses, stuttering
(num: 13529), BADBABA, Arvernien, windowsill, Hearing, filth, filth
(num: 13530), BADBABA
(num: 13531), BADBABA, NO, NO, journeyed, fullgrown, winddrift, herblore, herblore
(num: 13532), BADBABA, nominal
(num: 13533), BADBABA, Amid, Amid, scorching, scorching
(num: 13534), BADBABA, Oroml
(num: 13535), BADBABA
(num: 13536), BADBABA, table, table
(num: 13537), BADBABA, cold, cold, skincovers
(num: 13538), BADBABA, mused, mused
(num: 13539), BADBABA
(num: 13540), BADBABA, mornil
(num: 13541), BADBABA, Tremendous, Tremendous
(num: 13542), BADBABA, quenched, quenched
(num: 13543), BADBABA, Into, Into, attacking, attacking
(num: 13544), BADBABA
(num: 13545), BADBABA, smith, rift, rift
(num: 13546), BADBABA, recovery, recovery, Door, Door, waver, waver
(num: 13547), BADBABA
(num: 13548), BADBABA, loudly, loudly, zigzags, neekbreek
(num: 13549), BADBABA, oldfashioned, oldfashioned
(num: 13550), BADBABA
(num: 13551), BADBABA, streets, streets, legions, legions
(num: 13552), BADBABA, Especially, Especially
(num: 13553), BADBABA, freckled, entwife, entwife
(num: 13554), BADBABA, Gerontius
(num: 13555), BADBABA, slit, slit
(num: 13556), BADBABA, bond, bond, nightwaters
(num: 13557), BADBABA, throttle
(num: 13558), BADBABA, conflicting
(num: 13559), BADBABA
(num: 13560), BADBABA, sense, sense, squatted, squatted
(num: 13561), BADBABA
(num: 13562), BADBABA
(num: 13563), BADBABA
(num: 13564), BADBABA, dwarfkings, Forgoil, waterbottle
(num: 13565), BADBABA
(num: 13566), BADBABA
(num: 13567), BADBABA
(num: 13568), BADBABA, some, some
(num: 13569), BADBABA, plume, eagerness, eagerness
(num: 13570), BADBABA
(num: 13571), BADBABA
(num: 13572), BADBABA, folk, folk
(num: 13573), BADBABA, Bay, Bay
(num: 13574), BADBABA, Southend
(num: 13575), BADBABA
(num: 13576), BADBABA, ox, ox, campaigner
(num: 13577), BADBABA, interfering, interfering
(num: 13578), BADBABA, retrace
(num: 13579), BADBABA, gunwale, gunwale
(num: 13580), BADBABA, Plainly, Plainly, responsibility
(num: 13581), BADBABA, Meetings, Meetings
(num: 13582), BADBABA, She, She, etten
(num: 13583), BADBABA, wind, wind, thin, thin
(num: 13584), BADBABA, leak, refreshment, refreshment
(num: 13585), BADBABA, rattled, rattled
(num: 13586), BADBABA
(num: 13587), BADBABA
(num: 13588), BADBABA, smials, smials, cranny
(num: 13589), BADBABA
(num: 13590), BADBABA, Guessing
(num: 13591), BADBABA
(num: 13592), BADBABA, racing, lndeed, lndeed
(num: 13593), BADBABA, jumping, jumping, brownskinned, brownskinned, squandered, squandered
(num: 13594), BADBABA, goblinraid, incoming, incoming, quill
(num: 13595), BADBABA, vintage, vintage
(num: 13596), BADBABA, bored, bored, pavements, pavements
(num: 13597), BADBABA, irresolute
(num: 13598), BADBABA, forefeet
(num: 13599), BADBABA, brief, brief, Stoors, Stoors, Amidst
(num: 13600), BADBABA, tributary, tributary
(num: 13601), BADBABA
(num: 13602), BADBABA, mountainsif
(num: 13603), BADBABA, Balrogs
(num: 13604), BADBABA, Eyes, Eyes
(num: 13605), BADBABA, rapidly, rapidly, weatherwind, Wanderer, Wanderer
(num: 13606), BADBABA
(num: 13607), BADBABA, heedless, heedless
(num: 13608), BADBABA
(num: 13609), BADBABA
(num: 13610), BADBABA, Doorstep
(num: 13611), BADBABA, sorrowing
(num: 13612), BADBABA, heroes, heroes
(num: 13613), BADBABA, hobbitlands
(num: 13614), BADBABA
(num: 13615), BADBABA
(num: 13616), BADBABA, landingplace, landingplace
(num: 13617), BADBABA, mats, mats
(num: 13618), BADBABA, pinetree, honey, honey
(num: 13619), BADBABA
(num: 13620), BADBABA, Weapons, Weapons
(num: 13621), BADBABA
(num: 13622), BADBABA, manner, manner, comments, comments
(num: 13623), BADBABA, Goldwine
(num: 13624), BADBABA, lasses, Thunder, Thunder
(num: 13625), BADBABA, amused, amused, horncalls, horncalls
(num: 13626), BADBABA, why, why, shouldering
(num: 13627), BADBABA
(num: 13628), BADBABA, Shireholidays
(num: 13629), BADBABA, mention, mention
(num: 13630), BADBABA, rakers, diseased
(num: 13631), BADBABA
(num: 13632), BADBABA, Dome
(num: 13633), BADBABA, nestling
(num: 13634), BADBABA
(num: 13635), BADBABA, arrows, arrows, flags, plough
(num: 13636), BADBABA, withstood, commentaries
(num: 13637), BADBABA
(num: 13638), BADBABA, took, took, arrayed, arrayed, objection
(num: 13639), BADBABA, Praps, Praps, travelstained, Desperate
(num: 13640), BADBABA
(num: 13641), BADBABA, Mast
(num: 13642), BADBABA
(num: 13643), BADBABA
(num: 13644), BADBABA, uses, uses
(num: 13645), BADBABA
(num: 13646), BADBABA, Expert, leaped, leaped, Hail, Hail, halfveiled, effortI, scalps
(num: 13647), BADBABA, Orcgears
(num: 13648), BADBABA
(num: 13649), BADBABA
(num: 13650), BADBABA, glum, glum, Bu, Bu, morsels
(num: 13651), BADBABA, choose, choose
(num: 13652), BADBABA, invisibility, vie, vie
(num: 13653), BADBABA, tricksy, tricksy
(num: 13654), BADBABA
(num: 13655), BADBABA, orcguards
(num: 13656), BADBABA, season, season
(num: 13657), BADBABA, harmless, harmless
(num: 13658), BADBABA, rewarded, rewarded, Harfoots, Harfoots
(num: 13659), BADBABA, for, for, whetted
(num: 13660), BADBABA, porter, porter
(num: 13661), BADBABA, nassty, nassty
(num: 13662), BADBABA, curly, wore, wore, spoilt, spoilt
(num: 13663), BADBABA, prying, prying, password, password
(num: 13664), BADBABA
(num: 13665), BADBABA, halfknowing, verge, verge
(num: 13666), BADBABA, nakedness
(num: 13667), BADBABA, permit, permit
(num: 13668), BADBABA, Nazgyl, Nazgyl
(num: 13669), BADBABA
(num: 13670), BADBABA, sea, sea
(num: 13671), BADBABA
(num: 13672), BADBABA, Wholl, jawcracker
(num: 13673), BADBABA
(num: 13674), BADBABA, Thinking, Thinking
(num: 13675), BADBABA, thward
(num: 13676), BADBABA
(num: 13677), BADBABA, moonshine, moonshine
(num: 13678), BADBABA
(num: 13679), BADBABA
(num: 13680), BADBABA
(num: 13681), BADBABA, polished, polished
(num: 13682), BADBABA
(num: 13683), BADBABA
(num: 13684), BADBABA
(num: 13685), BADBABA, shows, shows, crotch
(num: 13686), BADBABA
(num: 13687), BADBABA, hangings, hangings
(num: 13688), BADBABA
(num: 13689), BADBABA
(num: 13690), BADBABA, ewd
(num: 13691), BADBABA, useful, useful
(num: 13692), BADBABA, bestas, madmen
(num: 13693), BADBABA, Together, Together, paring
(num: 13694), BADBABA, shorthandled
(num: 13695), BADBABA
(num: 13696), BADBABA
(num: 13697), BADBABA, slippery, slippery, shipkeel
(num: 13698), BADBABA, swords, swords, gla
(num: 13699), BADBABA, orcs, orcs
(num: 13700), BADBABA, hazels, Dnnen, Dnnen
(num: 13701), BADBABA, into, into, nimblest, chattels
(num: 13702), BADBABA
(num: 13703), BADBABA, rolling, rolling
(num: 13704), BADBABA, Tunnelly, regiment
(num: 13705), BADBABA
(num: 13706), BADBABA, caught, caught
(num: 13707), BADBABA, disturber
(num: 13708), BADBABA, Find, Find, Gatekeeper, Gatekeeper
(num: 13709), BADBABA, siege, siege
(num: 13710), BADBABA
(num: 13711), BADBABA
(num: 13712), BADBABA
(num: 13713), BADBABA
(num: 13714), BADBABA
(num: 13715), BADBABA
(num: 13716), BADBABA, throbbed, Quietly, Quietly
(num: 13717), BADBABA, stammered, stammered, unexplained
(num: 13718), BADBABA
(num: 13719), BADBABA, greybearded
(num: 13720), BADBABA, referred, referred, splinter, splinter, loitering
(num: 13721), BADBABA
(num: 13722), BADBABA, adjoining, adjoining, hiruvalyl, windswept
(num: 13723), BADBABA, hnsil
(num: 13724), BADBABA, reply, reply, Taken
(num: 13725), BADBABA, Personally, Personally
(num: 13726), BADBABA, said, said
(num: 13727), BADBABA, wisp, wisp
(num: 13728), BADBABA, lowest, lowest, Cormacolindor
(num: 13729), BADBABA
(num: 13730), BADBABA
(num: 13731), BADBABA, willowshades
(num: 13732), BADBABA, ith, Hart
(num: 13733), BADBABA
(num: 13734), BADBABA
(num: 13735), BADBABA
(num: 13736), BADBABA
(num: 13737), BADBABA
(num: 13738), BADBABA, noble, contradictions, securely
(num: 13739), BADBABA, dissuade
(num: 13740), BADBABA
(num: 13741), BADBABA
(num: 13742), BADBABA, spitted, spitted
(num: 13743), BADBABA, belongs, belongs, Nardol, Nardol
(num: 13744), BADBABA, axes, axes, riverward
(num: 13745), BADBABA
(num: 13746), BADBABA, waning, waning
(num: 13747), BADBABA, eleven, eleven, collars, collars
(num: 13748), BADBABA, Carrock, Carrock, pathway, exhibited
(num: 13749), BADBABA, causeway, causeway, ested
(num: 13750), BADBABA, tassel, tassel, Safe
(num: 13751), BADBABA, daring, daring, Thou, provinces
(num: 13752), BADBABA
(num: 13753), BADBABA, grieved, grieved
(num: 13754), BADBABA
(num: 13755), BADBABA, stowed, dislike, dislike, simple, simple, Faramirs, Faramirs, displeasure
(num: 13756), BADBABA, befit
(num: 13757), BADBABA
(num: 13758), BADBABA
(num: 13759), BADBABA, beermug, hewed, hewed
(num: 13760), BADBABA, Flourdumpling
(num: 13761), BADBABA, cross, cross, encumbered, encumbered
(num: 13762), BADBABA
(num: 13763), BADBABA
(num: 13764), BADBABA, Six, Six
(num: 13765), BADBABA, uneaten
(num: 13766), BADBABA, nightshadows, nightshadows
(num: 13767), BADBABA, force, force, Doom, Doom, gloomed
(num: 13768), BADBABA, evasively, Fires, Fires
(num: 13769), BADBABA, bead, tuck
(num: 13770), BADBABA, everywhere, everywhere, pate
(num: 13771), BADBABA, altering, supporting, uphill, uphill, Oliphaunts
(num: 13772), BADBABA, owlnoises, stonily
(num: 13773), BADBABA, Shathyr
(num: 13774), BADBABA, thump, thump, M, descry, Steps
(num: 13775), BADBABA, conscience
(num: 13776), BADBABA
(num: 13777), BADBABA
(num: 13778), BADBABA, MinRimmon, MinRimmon
(num: 13779), BADBABA, Well, Well
(num: 13780), BADBABA, thinner, thinner, tarries
(num: 13781), BADBABA
(num: 13782), BADBABA, elventongue, elventongue
(num: 13783), BADBABA
(num: 13784), BADBABA, pilgrimage
(num: 13785), BADBABA
(num: 13786), BADBABA, elfhorse, elfhorse, abuse
(num: 13787), BADBABA, Gandalfs, Gandalfs, nailed, Ephel, Ephel
(num: 13788), BADBABA
(num: 13789), BADBABA, abandoned, abandoned
(num: 13790), BADBABA
(num: 13791), BADBABA
(num: 13792), BADBABA
(num: 13793), BADBABA
(num: 13794), BADBABA, many, many, clever, clever, swayed, swayed
(num: 13795), BADBABA
(num: 13796), BADBABA, breathing, breathing
(num: 13797), BADBABA
(num: 13798), BADBABA
(num: 13799), BADBABA, actual, actual, amethyst
(num: 13800), BADBABA, scuffling, scuffling, prospect, prospect, shoals, shoals
(num: 13801), BADBABA, considering, arises, afraid, afraid, smithies, smithies
(num: 13802), BADBABA, opinions, opinions, athinking, venturing, venturing
(num: 13803), BADBABA, thrive, ying
(num: 13804), BADBABA, cleared, cleared
(num: 13805), BADBABA, saddles, saddles
(num: 13806), BADBABA, sittingand
(num: 13807), BADBABA, stemmed, stemmed
(num: 13808), BADBABA, There, either, strange, strange
(num: 13809), BADBABA
(num: 13810), BADBABA, losing, losing, Stabbed
(num: 13811), BADBABA, mills, mills
(num: 13812), BADBABA, smoothly
(num: 13813), BADBABA, Lake, Lake, sharp, sharp, cape, cape, daunts
(num: 13814), BADBABA, inventory
(num: 13815), BADBABA, eyeopeners, unthrottled
(num: 13816), BADBABA
(num: 13817), BADBABA, forlorn, forlorn
(num: 13818), BADBABA, prisoner, prisoner, watches, watches, sporting
(num: 13819), BADBABA
(num: 13820), BADBABA
(num: 13821), BADBABA, outlandish, outlandish
(num: 13822), BADBABA, tea, tea, malt
(num: 13823), BADBABA, branched, branched
(num: 13824), BADBABA
(num: 13825), BADBABA, revealed, revealed, Elenion
(num: 13826), BADBABA, leaky
(num: 13827), BADBABA, outpost, Northend, Northend
(num: 13828), BADBABA
(num: 13829), BADBABA
(num: 13830), BADBABA
(num: 13831), BADBABA, Lithe, stumpy, stumpy
(num: 13832), BADBABA, brokenexcept
(num: 13833), BADBABA, allowed, allowed
(num: 13834), BADBABA, direction, direction, Shall, Shall
(num: 13835), BADBABA, upstairs, upstairs, Blackroot, Blackroot
(num: 13836), BADBABA
(num: 13837), BADBABA, Heres, Heres
(num: 13838), BADBABA, well, well, swiftmoving, swiftmoving
(num: 13839), BADBABA, ghvsh
(num: 13840), BADBABA, not, not, spiders, spiders
(num: 13841), BADBABA, trumpets, trumpets, tremor, tremor
(num: 13842), BADBABA, politest, Faint, list, list
(num: 13843), BADBABA, addition, addition, Tomorrows
(num: 13844), BADBABA
(num: 13845), BADBABA, strenuous
(num: 13846), BADBABA, obedience
(num: 13847), BADBABA
(num: 13848), BADBABA, leave, leave
(num: 13849), BADBABA, rds
(num: 13850), BADBABA, OF, OF, shieldmaiden, shieldmaiden
(num: 13851), BADBABA, speck, speck
(num: 13852), BADBABA, grumbled, grumbled, flabbergasted, drumming
(num: 13853), BADBABA, penthouse, cb
(num: 13854), BADBABA
(num: 13855), BADBABA, champion
(num: 13856), BADBABA, necessarily
(num: 13857), BADBABA, galled, Galdors
(num: 13858), BADBABA, brok
(num: 13859), BADBABA
(num: 13860), BADBABA, extinguished, extinguished
(num: 13861), BADBABA, screen, screen
(num: 13862), BADBABA, inn, inn
(num: 13863), BADBABA
(num: 13864), BADBABA, mixture, mixture, snows, snows
(num: 13865), BADBABA, fairly, fairly, blaring
(num: 13866), BADBABA
(num: 13867), BADBABA
(num: 13868), BADBABA
(num: 13869), BADBABA, undefeated
(num: 13870), BADBABA, Stone, Stone
(num: 13871), BADBABA
(num: 13872), BADBABA, lapping, lapping, musterings
(num: 13873), BADBABA, Cast, Cast, newer, newer
(num: 13874), BADBABA, west, dipped, dipped, eluded, eluded
(num: 13875), BADBABA, Neekerbreekers, interior, Rumble
(num: 13876), BADBABA, fashion, fashion, dwarflord
(num: 13877), BADBABA, stirring, stirring
(num: 13878), BADBABA, lonesome, lonesome, Free, grieves, grieves, troubl
(num: 13879), BADBABA, mill, mill
(num: 13880), BADBABA, comfortable, comfortable, threatening, threatening, folklands, folklands, entrances
(num: 13881), BADBABA
(num: 13882), BADBABA
(num: 13883), BADBABA, lunged
(num: 13884), BADBABA, Steady, Steady
(num: 13885), BADBABA, skriking
(num: 13886), BADBABA, builded, builded
(num: 13887), BADBABA, Halfling, Halfling, stewards, stewards
(num: 13888), BADBABA, Sheep, Sheep, obstacle
(num: 13889), BADBABA, daily, daily, Despair, Despair
(num: 13890), BADBABA, yess, yess, widesplayed
(num: 13891), BADBABA
(num: 13892), BADBABA, hey, hey
(num: 13893), BADBABA, halfguessed
(num: 13894), BADBABA
(num: 13895), BADBABA
(num: 13896), BADBABA
(num: 13897), BADBABA, Barahir, Barahir, Legola
(num: 13898), BADBABA
(num: 13899), BADBABA
(num: 13900), BADBABA, changed, changed, queerness, queerness
(num: 13901), BADBABA
(num: 13902), BADBABA, delay, delay
(num: 13903), BADBABA, rushgrown, threateningly, mounta, mounta
(num: 13904), BADBABA
(num: 13905), BADBABA, stewed, stewed
(num: 13906), BADBABA, owner, owner
(num: 13907), BADBABA, On, On, Get, Get
(num: 13908), BADBABA, roosting, Ambarmetta
(num: 13909), BADBABA, gateway, gateway, unnameable
(num: 13910), BADBABA, starvation, starvation
(num: 13911), BADBABA
(num: 13912), BADBABA, know, know
(num: 13913), BADBABA
(num: 13914), BADBABA
(num: 13915), BADBABA, fruity, northern, northern
(num: 13916), BADBABA, funeral, funeral
(num: 13917), BADBABA, Tharkyn
(num: 13918), BADBABA, padding
(num: 13919), BADBABA, dabbling, unfurl
(num: 13920), BADBABA, nutiml
(num: 13921), BADBABA, whirl, whirl, ruination
(num: 13922), BADBABA, Use, Use
(num: 13923), BADBABA, landings, landings
(num: 13924), BADBABA, book, book, infalls
(num: 13925), BADBABA
(num: 13926), BADBABA, awakened, awakened
(num: 13927), BADBABA
(num: 13928), BADBABA, flake, sleepeth
(num: 13929), BADBABA, overlook, overlook, reap
(num: 13930), BADBABA, defend, defend, elvenwhite, shortlegged
(num: 13931), BADBABA
(num: 13932), BADBABA, William, William
(num: 13933), BADBABA
(num: 13934), BADBABA, dozens
(num: 13935), BADBABA, adventure, adventure, adventurous, adventurous
(num: 13936), BADBABA, Peering, Peering
(num: 13937), BADBABA
(num: 13938), BADBABA, demanded, demanded
(num: 13939), BADBABA, victim, victim
(num: 13940), BADBABA
(num: 13941), BADBABA
(num: 13942), BADBABA, mourned
(num: 13943), BADBABA, Banks, unwillingly
(num: 13944), BADBABA
(num: 13945), BADBABA, spirits, spirits, served, served, dyed, Sneak, Sneak
(num: 13946), BADBABA
(num: 13947), BADBABA
(num: 13948), BADBABA, outwalls, outwalls
(num: 13949), BADBABA, conclusion, conclusion
(num: 13950), BADBABA, lasted, lasted, lately, lately
(num: 13951), BADBABA, yawned, yawned, raging, raging
(num: 13952), BADBABA, Runners
(num: 13953), BADBABA, fireand, hideandseek, hideandseek
(num: 13954), BADBABA, Masterring, Verily, Verily, woolpated
(num: 13955), BADBABA, Condor
(num: 13956), BADBABA, copped
(num: 13957), BADBABA, pinched, pinched
(num: 13958), BADBABA, jacket, jacket, Fairs
(num: 13959), BADBABA, Tree, Tree, striven, rill, rill
(num: 13960), BADBABA, untied, untied
(num: 13961), BADBABA
(num: 13962), BADBABA, Faintly
(num: 13963), BADBABA, lurked, lurked
(num: 13964), BADBABA, couldnt, couldnt
(num: 13965), BADBABA
(num: 13966), BADBABA
(num: 13967), BADBABA, streaked
(num: 13968), BADBABA, bald, bald
(num: 13969), BADBABA, accepting, toneless
(num: 13970), BADBABA, nearly, nearly, Lullaby, Lullaby, downfall, downfall
(num: 13971), BADBABA, disaster, disaster
(num: 13972), BADBABA
(num: 13973), BADBABA
(num: 13974), BADBABA, they, they
(num: 13975), BADBABA
(num: 13976), BADBABA
(num: 13977), BADBABA
(num: 13978), BADBABA, quesstion, quesstion, ripens
(num: 13979), BADBABA, enquiries, enquiries
(num: 13980), BADBABA, waggon, merriment, merriment
(num: 13981), BADBABA, fanned, fanned, whichever, whichever
(num: 13982), BADBABA
(num: 13983), BADBABA, sheet, sheet
(num: 13984), BADBABA
(num: 13985), BADBABA
(num: 13986), BADBABA, Work, Work, whitefaced
(num: 13987), BADBABA, Shipwright, Shipwright
(num: 13988), BADBABA, flawless
(num: 13989), BADBABA, rebuilt, rebuilt
(num: 13990), BADBABA
(num: 13991), BADBABA, else, else, chins, ping, dearest, dearest
(num: 13992), BADBABA, shoe
(num: 13993), BADBABA
(num: 13994), BADBABA, shou, shou, entrails
(num: 13995), BADBABA, surround, surround
(num: 13996), BADBABA, fairspoken, fairspoken, beaklike
(num: 13997), BADBABA
(num: 13998), BADBABA, dome, dome
(num: 13999), BADBABA, wast, mingling, careering
(num: 14000), BADBABA, stores, stores, Ered, Ered
(num: 14001), BADBABA
(num: 14002), BADBABA, had, had, gear, gear
(num: 14003), BADBABA
(num: 14004), BADBABA, flowername
(num: 14005), BADBABA
(num: 14006), BADBABA, remains, remains
(num: 14007), BADBABA, destroying, destroying
(num: 14008), BADBABA, forwards, forwards, ngers
(num: 14009), BADBABA, shirewords, sobbed, cedars
(num: 14010), BADBABA, Utterly, Evernight, spywork
(num: 14011), BADBABA, avoided, avoided
(num: 14012), BADBABA, guidance, guidance, downfallen
(num: 14013), BADBABA, Unescapable
(num: 14014), BADBABA, birch, birch
(num: 14015), BADBABA, frosty, discussion, unhappiness
(num: 14016), BADBABA, slaver
(num: 14017), BADBABA, stared, stared, arrowpoint
(num: 14018), BADBABA, cousins, cousins
(num: 14019), BADBABA, mended, mended, agricultural
(num: 14020), BADBABA, screechowl, jest, jest
(num: 14021), BADBABA
(num: 14022), BADBABA, Yammer, furcloaks
(num: 14023), BADBABA, Elvenfolk, Elvenfolk
(num: 14024), BADBABA, explosions, explosions, renown, renown
(num: 14025), BADBABA
(num: 14026), BADBABA, exchanges
(num: 14027), BADBABA
(num: 14028), BADBABA, lure, lure, imself, imself
(num: 14029), BADBABA, bowled
(num: 14030), BADBABA
(num: 14031), BADBABA, customer, customer, slobbering
(num: 14032), BADBABA, lad, lad
(num: 14033), BADBABA, flicker, flicker
(num: 14034), BADBABA, kinswoman, kinswoman
(num: 14035), BADBABA, wrenched, wrenched
(num: 14036), BADBABA, shutting, shutting, dam
(num: 14037), BADBABA, treasurehunt, Fennas
(num: 14038), BADBABA, Big, damage, damage, birthdays, birthdays, rebuilding, scoring
(num: 14039), BADBABA
(num: 14040), BADBABA, someone, someone, transparency, Sluggard
(num: 14041), BADBABA, hottest, shething, novembre
(num: 14042), BADBABA, Chestnuts, capable, capable, flagstones, flagstones
(num: 14043), BADBABA, continuously, unlock, unlock
(num: 14044), BADBABA, Targon, manyeyed
(num: 14045), BADBABA, deepening, deepening
(num: 14046), BADBABA
(num: 14047), BADBABA
(num: 14048), BADBABA, combined, Isle, Isle
(num: 14049), BADBABA
(num: 14050), BADBABA
(num: 14051), BADBABA, nightly, nightly
(num: 14052), BADBABA, armed, armed, homely, homely
(num: 14053), BADBABA, questions, questions, belief, Skinbarks
(num: 14054), BADBABA, camps, camps
(num: 14055), BADBABA, unsheathing, unsheathing
(num: 14056), BADBABA, That, That, sorrow, sorrow
(num: 14057), BADBABA
(num: 14058), BADBABA, instruments, instruments, Wait, Wait, Highelves, guttural
(num: 14059), BADBABA, inconveniencing, biggest
(num: 14060), BADBABA, midsummereve, Burn, Burn
(num: 14061), BADBABA
(num: 14062), BADBABA
(num: 14063), BADBABA
(num: 14064), BADBABA, City, City
(num: 14065), BADBABA
(num: 14066), BADBABA
(num: 14067), BADBABA, lightened, ignored, ignored
(num: 14068), BADBABA
(num: 14069), BADBABA, Lo, train, train, dank, dank
(num: 14070), BADBABA, twenties, rendering
(num: 14071), BADBABA
(num: 14072), BADBABA, rolls, rolls
(num: 14073), BADBABA
(num: 14074), BADBABA
(num: 14075), BADBABA, badly, badly
(num: 14076), BADBABA, whitewashed
(num: 14077), BADBABA
(num: 14078), BADBABA
(num: 14079), BADBABA
(num: 14080), BADBABA, crushed, crushed, twenty, lley, lley
(num: 14081), BADBABA, pawns
(num: 14082), BADBABA, marks, marks, thickets, thickets
(num: 14083), BADBABA
(num: 14084), BADBABA
(num: 14085), BADBABA, unlearned, unfair, unfair
(num: 14086), BADBABA, deadly, deadly, varieties
(num: 14087), BADBABA, Ringlord
(num: 14088), BADBABA, relation, relation, unreasoning
(num: 14089), BADBABA, devices, uptake, uptake, peas, Yess, Yess, Baranor
(num: 14090), BADBABA, elvenstring
(num: 14091), BADBABA, Eagle, Eagle, nightshade, nightshade
(num: 14092), BADBABA, grudgingly, elfblade
(num: 14093), BADBABA, woollyfooted, woollyfooted, unripe
(num: 14094), BADBABA
(num: 14095), BADBABA
(num: 14096), BADBABA, infested, councillors, councillors, Ringlore
(num: 14097), BADBABA, earthier
(num: 14098), BADBABA, queerexcept
(num: 14099), BADBABA, popularly, potatoes, potatoes, disdained
(num: 14100), BADBABA, opened, opened, savage, savage
(num: 14101), BADBABA, badhearted, rebels, rebels
(num: 14102), BADBABA
(num: 14103), BADBABA
(num: 14104), BADBABA, swordblade
(num: 14105), BADBABA, wards, wards, Kindred, declaring, harri
(num: 14106), BADBABA, here, here
(num: 14107), BADBABA, settle, settle, whiff, hazel, buck, Deepingstream, Deepingstream
(num: 14108), BADBABA, them, them
(num: 14109), BADBABA
(num: 14110), BADBABA, mouthpieces
(num: 14111), BADBABA
(num: 14112), BADBABA, thankfulness, bullies
(num: 14113), BADBABA, close, close
(num: 14114), BADBABA, Terms
(num: 14115), BADBABA, whiles, whiles
(num: 14116), BADBABA
(num: 14117), BADBABA
(num: 14118), BADBABA, wheel, wheel, forestry
(num: 14119), BADBABA
(num: 14120), BADBABA, hail, hail
(num: 14121), BADBABA
(num: 14122), BADBABA, ent, ent
(num: 14123), BADBABA, contain, contain
(num: 14124), BADBABA, forced, forced, attributed
(num: 14125), BADBABA, mysterious, mysterious
(num: 14126), BADBABA, besieged, besieged
(num: 14127), BADBABA, dizzy, dizzy
(num: 14128), BADBABA, pouring, pouring
(num: 14129), BADBABA, Tir, prickly
(num: 14130), BADBABA, repute, seventy, seventy
(num: 14131), BADBABA, elfqueen
(num: 14132), BADBABA, clifflike, crowds, crowds
(num: 14133), BADBABA, wonderfully, wonderfully
(num: 14134), BADBABA, mistake, mistake, dong, dong
(num: 14135), BADBABA, warms
(num: 14136), BADBABA, blest, blest
(num: 14137), BADBABA, talkative
(num: 14138), BADBABA, freetop
(num: 14139), BADBABA
(num: 14140), BADBABA
(num: 14141), BADBABA, cocking, cocking
(num: 14142), BADBABA, rustic, rustic
(num: 14143), BADBABA, girth, girth, floodlevel
(num: 14144), BADBABA, Cousin, rooted, rooted
(num: 14145), BADBABA, spearmen, spearmen, rooftip
(num: 14146), BADBABA
(num: 14147), BADBABA, lid, lid, threading
(num: 14148), BADBABA, inscription, inscription
(num: 14149), BADBABA
(num: 14150), BADBABA, devoured, devoured
(num: 14151), BADBABA
(num: 14152), BADBABA, Barrowblade, legsor
(num: 14153), BADBABA, populous, populous
(num: 14154), BADBABA
(num: 14155), BADBABA, willowboughs, Southeastward
(num: 14156), BADBABA
(num: 14157), BADBABA, Walkers, Walkers, amaze, amaze
(num: 14158), BADBABA, ignoring
(num: 14159), BADBABA
(num: 14160), BADBABA, squeal, squeal
(num: 14161), BADBABA, Michel, Michel, hoof, unbearably, unbearably
(num: 14162), BADBABA, Ships, Ships
(num: 14163), BADBABA
(num: 14164), BADBABA, Someone, Someone
(num: 14165), BADBABA
(num: 14166), BADBABA, burying
(num: 14167), BADBABA, Trin, Trin
(num: 14168), BADBABA, bases
(num: 14169), BADBABA
(num: 14170), BADBABA
(num: 14171), BADBABA, Nobs, Nobs, pyramids
(num: 14172), BADBABA, yew, yew, paternal, clawed, thered, thered
(num: 14173), BADBABA, Goodbye, Goodbye, weaponless, grasslands, lindenleaves
(num: 14174), BADBABA
(num: 14175), BADBABA
(num: 14176), BADBABA, charmed
(num: 14177), BADBABA, threat, threat, redeem, elm, elm, unremembered, innards
(num: 14178), BADBABA
(num: 14179), BADBABA, repairing
(num: 14180), BADBABA
(num: 14181), BADBABA
(num: 14182), BADBABA, experiences, garrison, garrison
(num: 14183), BADBABA
(num: 14184), BADBABA
(num: 14185), BADBABA
(num: 14186), BADBABA, bubbling, bubbling, marvelled, marvelled
(num: 14187), BADBABA, lifting, lifting, greatgreatgrandfather, newbuilt
(num: 14188), BADBABA
(num: 14189), BADBABA, risky
(num: 14190), BADBABA
(num: 14191), BADBABA, lieutenant, lieutenant
(num: 14192), BADBABA, Gap, Gap
(num: 14193), BADBABA, Troop, Troop, nurses
(num: 14194), BADBABA, Elv
(num: 14195), BADBABA, getup
(num: 14196), BADBABA, hate, hate
(num: 14197), BADBABA
(num: 14198), BADBABA, crouched, crouched
(num: 14199), BADBABA, suffering
(num: 14200), BADBABA
(num: 14201), BADBABA, keeper, keeper
(num: 14202), BADBABA
(num: 14203), BADBABA, Arwen, Arwen
(num: 14204), BADBABA, Nor, Nor
(num: 14205), BADBABA
(num: 14206), BADBABA
(num: 14207), BADBABA, jerking
(num: 14208), BADBABA, visits, pillared, pillared
(num: 14209), BADBABA, sinks, sinks
(num: 14210), BADBABA, captives, captives, starts
(num: 14211), BADBABA, Gilthoniel, Gilthoniel
(num: 14212), BADBABA, Boulders, falls, falls
(num: 14213), BADBABA, morning, morning, trustful
(num: 14214), BADBABA, farm, farm, mores, mores
(num: 14215), BADBABA, fashioned, fashioned
(num: 14216), BADBABA, Ahead, Ahead
(num: 14217), BADBABA, cheerfully, cheerfully, willowtrunk, Langstrand, Langstrand
(num: 14218), BADBABA, leaning, leaning, Songs, reported, reported
(num: 14219), BADBABA, Arnor, Arnor
(num: 14220), BADBABA, awkwardly, awkwardly
(num: 14221), BADBABA
(num: 14222), BADBABA
(num: 14223), BADBABA, climbing, roasted, roasted
(num: 14224), BADBABA, mariners, mariners
(num: 14225), BADBABA, squatting, squatting
(num: 14226), BADBABA
(num: 14227), BADBABA, Mountain, Mountain
(num: 14228), BADBABA, ring, ring, flask, flask
(num: 14229), BADBABA, breached
(num: 14230), BADBABA, cry, cry
(num: 14231), BADBABA, Are, Are
(num: 14232), BADBABA, Rory, Rory
(num: 14233), BADBABA, cartage, Thengel, Thengel
(num: 14234), BADBABA, disapproval, deafer
(num: 14235), BADBABA, stubbornly
(num: 14236), BADBABA, groped, groped, handsome, handsome
(num: 14237), BADBABA, guns, assist, coneys, coneys
(num: 14238), BADBABA, Drownded
(num: 14239), BADBABA, towards, treetrunks, treetrunks, landswhat
(num: 14240), BADBABA, pointing, goon
(num: 14241), BADBABA, has, has, prince, prince
(num: 14242), BADBABA, slashes
(num: 14243), BADBABA, profitable, profitable
(num: 14244), BADBABA
(num: 14245), BADBABA, Halifirien, Halifirien
(num: 14246), BADBABA, sailed, sailed, carted, tentacles, tentacles
(num: 14247), BADBABA, sadly, interest, interest, fadeth, crafty, crafty
(num: 14248), BADBABA, windowless
(num: 14249), BADBABA, look, look, Maybe, Maybe, Tighfield
(num: 14250), BADBABA, lot, lot
(num: 14251), BADBABA
(num: 14252), BADBABA, dares, orcscimitars
(num: 14253), BADBABA, Finish
(num: 14254), BADBABA
(num: 14255), BADBABA, wedge, wedge
(num: 14256), BADBABA, Tookclan
(num: 14257), BADBABA
(num: 14258), BADBABA
(num: 14259), BADBABA, entirely, entirely, Secret, vo
(num: 14260), BADBABA, boots, boots
(num: 14261), BADBABA
(num: 14262), BADBABA
(num: 14263), BADBABA, Unlookedfor
(num: 14264), BADBABA, fathomed
(num: 14265), BADBABA, noonthen
(num: 14266), BADBABA
(num: 14267), BADBABA, shave, shave
(num: 14268), BADBABA, Dunland, Hurray, Hurray
(num: 14269), BADBABA
(num: 14270), BADBABA
(num: 14271), BADBABA
(num: 14272), BADBABA
(num: 14273), BADBABA, late, late, dancetune
(num: 14274), BADBABA
(num: 14275), BADBABA, LOBELIA
(num: 14276), BADBABA, five, five
(num: 14277), BADBABA, stuffed, stunned, stunned, outsiders
(num: 14278), BADBABA, robs
(num: 14279), BADBABA
(num: 14280), BADBABA, bothering, bothering, Sharpen
(num: 14281), BADBABA
(num: 14282), BADBABA
(num: 14283), BADBABA, shapeless, shapeless, steadfast, herbmaster, herbmaster
(num: 14284), BADBABA, exiles
(num: 14285), BADBABA, ses, ses
(num: 14286), BADBABA, alike, alike, relieving
(num: 14287), BADBABA, familytree
(num: 14288), BADBABA, Valley, Valley, ay, ay
(num: 14289), BADBABA, capturing, ringlore, bury, bury
(num: 14290), BADBABA
(num: 14291), BADBABA
(num: 14292), BADBABA
(num: 14293), BADBABA, fascination
(num: 14294), BADBABA, selfregarding
(num: 14295), BADBABA, pricked, wanting, wanting, Boro
(num: 14296), BADBABA, cheerless, cheerless, Isildur, Isildur
(num: 14297), BADBABA, Ancalima
(num: 14298), BADBABA, wealth, wealth, highwayrobber
(num: 14299), BADBABA, Lady, Lady
(num: 14300), BADBABA
(num: 14301), BADBABA
(num: 14302), BADBABA, Steward, Steward, Dimly, Dimly
(num: 14303), BADBABA
(num: 14304), BADBABA, sing, sing, hay, avenge, avenge
(num: 14305), BADBABA
(num: 14306), BADBABA
(num: 14307), BADBABA, SBs, SBs, mutter, mutter, unjust
(num: 14308), BADBABA, Spear, Spear, uprushing
(num: 14309), BADBABA
(num: 14310), BADBABA, Care, Care
(num: 14311), BADBABA
(num: 14312), BADBABA, mostly, mostly
(num: 14313), BADBABA
(num: 14314), BADBABA
(num: 14315), BADBABA, berry, delightful, delightful
(num: 14316), BADBABA, hopelessly, hopelessly
(num: 14317), BADBABA, doubts, doubts, knees, knees
(num: 14318), BADBABA, job, job, drear, drear
(num: 14319), BADBABA, Findegils
(num: 14320), BADBABA, aroused, fliesuntil
(num: 14321), BADBABA, amid, amid, disease, boldly
(num: 14322), BADBABA, faggots, faggots, choking, choking
(num: 14323), BADBABA, flown, flown
(num: 14324), BADBABA, mournful, mournful
(num: 14325), BADBABA, wraith, wraith
(num: 14326), BADBABA
(num: 14327), BADBABA, crust
(num: 14328), BADBABA
(num: 14329), BADBABA
(num: 14330), BADBABA
(num: 14331), BADBABA
(num: 14332), BADBABA
(num: 14333), BADBABA, stumps, SackvilleBagginses, SackvilleBagginses, staggering, staggering
(num: 14334), BADBABA, Nobody, twitched, twitched
(num: 14335), BADBABA, honour, honour, highhearted, achieving
(num: 14336), BADBABA
(num: 14337), BADBABA, awake, awake
(num: 14338), BADBABA
(num: 14339), BADBABA
(num: 14340), BADBABA, wooddemons
(num: 14341), BADBABA, requisite
(num: 14342), BADBABA, fatarmed
(num: 14343), BADBABA
(num: 14344), BADBABA, esteem, esteem
(num: 14345), BADBABA
(num: 14346), BADBABA, tales, tales
(num: 14347), BADBABA, dirty, dirty, enclose
(num: 14348), BADBABA
(num: 14349), BADBABA
(num: 14350), BADBABA
(num: 14351), BADBABA
(num: 14352), BADBABA
(num: 14353), BADBABA
(num: 14354), BADBABA, spurt, spurt
(num: 14355), BADBABA, inns, inns
(num: 14356), BADBABA
(num: 14357), BADBABA
(num: 14358), BADBABA
(num: 14359), BADBABA
(num: 14360), BADBABA, stab, stab, Twas, Twas, brute, brute
(num: 14361), BADBABA
(num: 14362), BADBABA, Isnt, Isnt, starless, starless
(num: 14363), BADBABA, numbers, numbers
(num: 14364), BADBABA, necks, necks, steppingstones
(num: 14365), BADBABA
(num: 14366), BADBABA, bestirred
(num: 14367), BADBABA, loathing, loathing
(num: 14368), BADBABA, Hirluin, Hirluin, sobbing
(num: 14369), BADBABA, defeat, defeat
(num: 14370), BADBABA
(num: 14371), BADBABA, salvagework
(num: 14372), BADBABA
(num: 14373), BADBABA, witless, ell, ell
(num: 14374), BADBABA, that, that
(num: 14375), BADBABA
(num: 14376), BADBABA
(num: 14377), BADBABA, cartload
(num: 14378), BADBABA, unhasty, dainty, dainty
(num: 14379), BADBABA, smokering, smokering
(num: 14380), BADBABA, stamping, stamping, sputtering
(num: 14381), BADBABA, footfalls, majesty, majesty
(num: 14382), BADBABA, seventh, seventh
(num: 14383), BADBABA, Ho, Ho
(num: 14384), BADBABA, Dearth
(num: 14385), BADBABA, stars, stars, rats, rats, Shreds
(num: 14386), BADBABA, bushy, bushy, Wild, Wild, rbrum
(num: 14387), BADBABA
(num: 14388), BADBABA, appearance, appearance
(num: 14389), BADBABA
(num: 14390), BADBABA, contents
(num: 14391), BADBABA, riverside, covers, featureless, featureless, yuldar
(num: 14392), BADBABA, unreason
(num: 14393), BADBABA, temperament
(num: 14394), BADBABA
(num: 14395), BADBABA, monster, monster
(num: 14396), BADBABA, Andril, Andril
(num: 14397), BADBABA, trickled, trickled
(num: 14398), BADBABA, channel, channel, policemen
(num: 14399), BADBABA, violent, mayhap, mayhap
(num: 14400), BADBABA
(num: 14401), BADBABA, treating
(num: 14402), BADBABA, spades
(num: 14403), BADBABA
(num: 14404), BADBABA, handing, handing
(num: 14405), BADBABA, Erelas, Erelas
(num: 14406), BADBABA, jabbering, Tindrock, Tindrock
(num: 14407), BADBABA, regretfully, disquietingly
(num: 14408), BADBABA, glimpses, glimpses
(num: 14409), BADBABA, deeper, deeper
(num: 14410), BADBABA
(num: 14411), BADBABA, storygerm
(num: 14412), BADBABA, Alls, Alls
(num: 14413), BADBABA
(num: 14414), BADBABA, unquenchable, unquenchable
(num: 14415), BADBABA, goblinguards
(num: 14416), BADBABA, Approach
(num: 14417), BADBABA, you, you
(num: 14418), BADBABA, fifth, fifth, unrest, unrest
(num: 14419), BADBABA, forestroof
(num: 14420), BADBABA, govannen
(num: 14421), BADBABA, Oer
(num: 14422), BADBABA
(num: 14423), BADBABA, I, I, dimly, dimly
(num: 14424), BADBABA, whoop, whoop, finery
(num: 14425), BADBABA, stumbled, stumbled, appearing, appearing, pupil, pupil
(num: 14426), BADBABA, rootlike, wildwood
(num: 14427), BADBABA
(num: 14428), BADBABA, oi, oi, incalculable
(num: 14429), BADBABA, peaks, peaks, lamely, raged, Assuredly, shieldwall, shieldwall
(num: 14430), BADBABA
(num: 14431), BADBABA, Bound, crowed, piers, piers
(num: 14432), BADBABA, defects
(num: 14433), BADBABA, defiled, defiled
(num: 14434), BADBABA, sprinkled
(num: 14435), BADBABA, companies, companies
(num: 14436), BADBABA
(num: 14437), BADBABA
(num: 14438), BADBABA, covets, jolt
(num: 14439), BADBABA, Flanor, Flanor
(num: 14440), BADBABA, slimmer
(num: 14441), BADBABA
(num: 14442), BADBABA
(num: 14443), BADBABA
(num: 14444), BADBABA, Troll, Troll
(num: 14445), BADBABA, waked, waked, ashheaps, gardenlore
(num: 14446), BADBABA
(num: 14447), BADBABA, Down, Down
(num: 14448), BADBABA
(num: 14449), BADBABA, elected, elected
(num: 14450), BADBABA, defile, defile, Sunlending, Ev
(num: 14451), BADBABA, secretly, secretly
(num: 14452), BADBABA, supported
(num: 14453), BADBABA, upright, upright
(num: 14454), BADBABA, coursed, coursed
(num: 14455), BADBABA, machines, froth
(num: 14456), BADBABA, word, word
(num: 14457), BADBABA, stabled, stabled, helplessness
(num: 14458), BADBABA
(num: 14459), BADBABA
(num: 14460), BADBABA, leaper
(num: 14461), BADBABA, liar, liar, Smials, Smials, suave
(num: 14462), BADBABA
(num: 14463), BADBABA, builder, builder
(num: 14464), BADBABA, splaying
(num: 14465), BADBABA, Warden, workmen
(num: 14466), BADBABA, mood, mood, goodman
(num: 14467), BADBABA
(num: 14468), BADBABA
(num: 14469), BADBABA, resolve, unaccountable
(num: 14470), BADBABA, fluted
(num: 14471), BADBABA, fruitless, fruitless
(num: 14472), BADBABA, succeeded, retracing, trollchief
(num: 14473), BADBABA
(num: 14474), BADBABA
(num: 14475), BADBABA, grasped, grasped, inadvertently
(num: 14476), BADBABA
(num: 14477), BADBABA
(num: 14478), BADBABA, elfking, elfking, circulated, Morgulknife
(num: 14479), BADBABA, goblets
(num: 14480), BADBABA, bygone, bygone
(num: 14481), BADBABA
(num: 14482), BADBABA, Eressla, Eressla, Aldor
(num: 14483), BADBABA, flint, flint, Perilously
(num: 14484), BADBABA, treetops, outnot
(num: 14485), BADBABA
(num: 14486), BADBABA, trumpeting, trumpeting
(num: 14487), BADBABA, noonbell
(num: 14488), BADBABA, plucked, squirm
(num: 14489), BADBABA, deedle
(num: 14490), BADBABA, levels, levels
(num: 14491), BADBABA, smokelike, footfall, footfall, amble
(num: 14492), BADBABA, oaktrees, oaktrees, consent, consent
(num: 14493), BADBABA, hunted, hunted
(num: 14494), BADBABA, wastes, wastes
(num: 14495), BADBABA
(num: 14496), BADBABA, fiddles, fiddles
(num: 14497), BADBABA, pleases, pleases
(num: 14498), BADBABA, Elvish, animals, animals, slice
(num: 14499), BADBABA
(num: 14500), BADBABA, gorgeous, gorgeous
(num: 14501), BADBABA, moon, moon, countriesit
(num: 14502), BADBABA, Splendid, right, right, evicted
(num: 14503), BADBABA, Gnash
(num: 14504), BADBABA, reddish
(num: 14505), BADBABA, sides, sides, slithering, slithering, emblems
(num: 14506), BADBABA, splutter
(num: 14507), BADBABA, in, in
(num: 14508), BADBABA, Entwood, Entwood, flout
(num: 14509), BADBABA
(num: 14510), BADBABA, saith, instruction, boxwood
(num: 14511), BADBABA
(num: 14512), BADBABA
(num: 14513), BADBABA, horses, horses, sneaky
(num: 14514), BADBABA, Christopher, wield, wield, morimaite
(num: 14515), BADBABA, beards, beards, errand, errand, Narvi, Narvi, shiftings
(num: 14516), BADBABA
(num: 14517), BADBABA, uninvited, advanced, advanced, elvenship
(num: 14518), BADBABA, Srune
(num: 14519), BADBABA
(num: 14520), BADBABA
(num: 14521), BADBABA, sleepless, discourse
(num: 14522), BADBABA, limits
(num: 14523), BADBABA
(num: 14524), BADBABA, Breehobbits, Breehobbits
(num: 14525), BADBABA
(num: 14526), BADBABA, levers
(num: 14527), BADBABA, hed, hed, roa
(num: 14528), BADBABA, Lassemista, Lassemista, siegeengines
(num: 14529), BADBABA
(num: 14530), BADBABA
(num: 14531), BADBABA
(num: 14532), BADBABA, shinglebanks, marshal, marshal
(num: 14533), BADBABA, ditches, ditches
(num: 14534), BADBABA, PPPS
(num: 14535), BADBABA
(num: 14536), BADBABA, Their, Their, Thorn
(num: 14537), BADBABA, sucked
(num: 14538), BADBABA, shes, shes
(num: 14539), BADBABA, safetyalso, northwest, northwest
(num: 14540), BADBABA
(num: 14541), BADBABA, welltodo, Fish, Fish
(num: 14542), BADBABA, conjuror
(num: 14543), BADBABA, Iorlas
(num: 14544), BADBABA, bridle, bridle
(num: 14545), BADBABA
(num: 14546), BADBABA
(num: 14547), BADBABA, shadowed, shadowed
(num: 14548), BADBABA
(num: 14549), BADBABA, rushes, rushes
(num: 14550), BADBABA
(num: 14551), BADBABA, halt, halt, gang, gang
(num: 14552), BADBABA, Fields, advancing, advancing
(num: 14553), BADBABA, clearly, clearly, orbd, mistenshrouded
(num: 14554), BADBABA, laying, laying
(num: 14555), BADBABA, toymarket, fragrant, fragrant, imprint, prowess, prowess
(num: 14556), BADBABA, Knocking, beleaguered, beleaguered
(num: 14557), BADBABA, yellowfanged
(num: 14558), BADBABA
(num: 14559), BADBABA, break, break
(num: 14560), BADBABA, aiming
(num: 14561), BADBABA, lying, lying, CaptainGeneral
(num: 14562), BADBABA
(num: 14563), BADBABA, marvel, marvel, footpad, footpad
(num: 14564), BADBABA
(num: 14565), BADBABA
(num: 14566), BADBABA, reasonable, reasonable, Guess, Guess
(num: 14567), BADBABA, lie, lie, storehouse, storehouse
(num: 14568), BADBABA
(num: 14569), BADBABA, disastrous, disastrous
(num: 14570), BADBABA, and, and
(num: 14571), BADBABA, galadhremmin, challenges
(num: 14572), BADBABA
(num: 14573), BADBABA, eyot, eyot
(num: 14574), BADBABA
(num: 14575), BADBABA, sweat, tunnelwall, playacting, Elvenstars
(num: 14576), BADBABA, silver, silver, amuse, amuse
(num: 14577), BADBABA
(num: 14578), BADBABA, pronouncement
(num: 14579), BADBABA
(num: 14580), BADBABA, Westfolders, lapped, lapped
(num: 14581), BADBABA, Tables, grating
(num: 14582), BADBABA, forestday, accomplished, accomplished, Aid, compounded
(num: 14583), BADBABA, hobbitchildren, hobbitchildren, uppermost, clipclop, tbrienna
(num: 14584), BADBABA, Balms, Balms, Steep
(num: 14585), BADBABA, grasssnakes, refreshing, refreshing
(num: 14586), BADBABA, savoured
(num: 14587), BADBABA, themthough
(num: 14588), BADBABA
(num: 14589), BADBABA
(num: 14590), BADBABA
(num: 14591), BADBABA
(num: 14592), BADBABA, Home, Home
(num: 14593), BADBABA, seedcakes, seedcakes
(num: 14594), BADBABA
(num: 14595), BADBABA
(num: 14596), BADBABA
(num: 14597), BADBABA, foundations, foundations, alcove
(num: 14598), BADBABA
(num: 14599), BADBABA, mowing, lackness
(num: 14600), BADBABA, Dark, cracking, cracking
(num: 14601), BADBABA, orchold, orchold
(num: 14602), BADBABA
(num: 14603), BADBABA, Pound, Pound
(num: 14604), BADBABA
(num: 14605), BADBABA, creep, creep, shadowy, shadowy
(num: 14606), BADBABA, music, music, tinderboxes, tinderboxes, flared, flared, courtly
(num: 14607), BADBABA, strongholds, strongholds, whinny
(num: 14608), BADBABA, hint, hint, idlingand
(num: 14609), BADBABA
(num: 14610), BADBABA, untouched, Be, Be, enslaved, enslaved
(num: 14611), BADBABA, meddled, manyshaded
(num: 14612), BADBABA, drawingroom, drawingroom, hoops, hoops, sturdiest
(num: 14613), BADBABA
(num: 14614), BADBABA, mountainshadow, mountainshadow
(num: 14615), BADBABA, tomorrer
(num: 14616), BADBABA, Cormallen, troopleaders
(num: 14617), BADBABA, layer, layer
(num: 14618), BADBABA
(num: 14619), BADBABA
(num: 14620), BADBABA, anew, anew
(num: 14621), BADBABA, pop, Boss, Boss
(num: 14622), BADBABA
(num: 14623), BADBABA, Endorenna
(num: 14624), BADBABA
(num: 14625), BADBABA, heeding, heeding
(num: 14626), BADBABA
(num: 14627), BADBABA, poison, poison
(num: 14628), BADBABA, howl, howl
(num: 14629), BADBABA
(num: 14630), BADBABA
(num: 14631), BADBABA, fairy, hobbitprints, void, void
(num: 14632), BADBABA, Lords, Lords
(num: 14633), BADBABA, robbing, bellow
(num: 14634), BADBABA
(num: 14635), BADBABA, Seizing, Seizing
(num: 14636), BADBABA, noises, noises
(num: 14637), BADBABA
(num: 14638), BADBABA
(num: 14639), BADBABA, mustnt, Naturally, manwise
(num: 14640), BADBABA
(num: 14641), BADBABA
(num: 14642), BADBABA
(num: 14643), BADBABA, remotest
(num: 14644), BADBABA
(num: 14645), BADBABA
(num: 14646), BADBABA
(num: 14647), BADBABA
(num: 14648), BADBABA, backwards, backwards, buries
(num: 14649), BADBABA, hovels
(num: 14650), BADBABA, afore, hunter, hunter
(num: 14651), BADBABA, Orthancrock, trollmen
(num: 14652), BADBABA, corks, portcullis, portcullis
(num: 14653), BADBABA
(num: 14654), BADBABA, counsellor, counsellor
(num: 14655), BADBABA
(num: 14656), BADBABA
(num: 14657), BADBABA
(num: 14658), BADBABA, prayer
(num: 14659), BADBABA, alarm, alarm, MILO
(num: 14660), BADBABA, cautiously, cautiously, Mists
(num: 14661), BADBABA, wi, wi
(num: 14662), BADBABA, peak, peak
(num: 14663), BADBABA, wardrobes
(num: 14664), BADBABA, sister, sister, Fey, Fey
(num: 14665), BADBABA, Gram, Gram
(num: 14666), BADBABA, mere, mere
(num: 14667), BADBABA, openBilbo, beamends, merryo
(num: 14668), BADBABA
(num: 14669), BADBABA, prowling, prowling, omit, acquaintance
(num: 14670), BADBABA, Instea
(num: 14671), BADBABA, agelong, agelong
(num: 14672), BADBABA
(num: 14673), BADBABA, courses, courses
(num: 14674), BADBABA, hobbitbows
(num: 14675), BADBABA
(num: 14676), BADBABA, alarming, alarming
(num: 14677), BADBABA, trumpetvoice
(num: 14678), BADBABA
(num: 14679), BADBABA
(num: 14680), BADBABA, Hiding, Hiding, Gibbets
(num: 14681), BADBABA, accurate, viewed
(num: 14682), BADBABA
(num: 14683), BADBABA, branching, branching
(num: 14684), BADBABA
(num: 14685), BADBABA, Caradhras, Caradhras
(num: 14686), BADBABA, blessings, Evenings
(num: 14687), BADBABA
(num: 14688), BADBABA, mantles
(num: 14689), BADBABA, silivren, lessens, fount
(num: 14690), BADBABA, turnipfield
(num: 14691), BADBABA, bickerings, reckless, Houses, Houses
(num: 14692), BADBABA, lse, lse
(num: 14693), BADBABA, police
(num: 14694), BADBABA
(num: 14695), BADBABA, dragongold, dragongold
(num: 14696), BADBABA, brandishing
(num: 14697), BADBABA
(num: 14698), BADBABA
(num: 14699), BADBABA, Do, Do, dazzling, dazzling
(num: 14700), BADBABA, lowering, lowering
(num: 14701), BADBABA, hailed, hailed, Court, Court
(num: 14702), BADBABA, refill
(num: 14703), BADBABA
(num: 14704), BADBABA, courage, courage, mishap, frizzled
(num: 14705), BADBABA, yes, yes, grabbing, grabbing
(num: 14706), BADBABA
(num: 14707), BADBABA, concerned, concerned
(num: 14708), BADBABA
(num: 14709), BADBABA, wily, wily, hence, hence, enrage
(num: 14710), BADBABA, unslain
(num: 14711), BADBABA, toofar, pallid, fixed, fixed
(num: 14712), BADBABA, bashes
(num: 14713), BADBABA, Spoil
(num: 14714), BADBABA
(num: 14715), BADBABA
(num: 14716), BADBABA, by, by, Bards
(num: 14717), BADBABA, commit
(num: 14718), BADBABA, pinned, pinned, Imrahil, Imrahil, slavedrivers
(num: 14719), BADBABA
(num: 14720), BADBABA, inquiries, inquiries, endeavoured
(num: 14721), BADBABA
(num: 14722), BADBABA, mythology
(num: 14723), BADBABA
(num: 14724), BADBABA, PPS, ilt
(num: 14725), BADBABA, allowance, allowance
(num: 14726), BADBABA
(num: 14727), BADBABA, doorit, doorit, presiding
(num: 14728), BADBABA, couple, couple
(num: 14729), BADBABA, treasured, treasured
(num: 14730), BADBABA, bunch
(num: 14731), BADBABA, Snap, Snap
(num: 14732), BADBABA, Gimlis, Runes
(num: 14733), BADBABA, elfcountries
(num: 14734), BADBABA, argent
(num: 14735), BADBABA
(num: 14736), BADBABA
(num: 14737), BADBABA
(num: 14738), BADBABA, Healing, llow, peck
(num: 14739), BADBABA
(num: 14740), BADBABA
(num: 14741), BADBABA
(num: 14742), BADBABA, shoeing, carechiefly, Dirty
(num: 14743), BADBABA
(num: 14744), BADBABA, tinder, tinder
(num: 14745), BADBABA, dance, dance, whispers, whispers
(num: 14746), BADBABA, descendant, descendant
(num: 14747), BADBABA, hearted
(num: 14748), BADBABA, booming
(num: 14749), BADBABA, unless, unless
(num: 14750), BADBABA, trickery
(num: 14751), BADBABA, betrayals
(num: 14752), BADBABA
(num: 14753), BADBABA, culmination
(num: 14754), BADBABA, Ringbearers, shrug
(num: 14755), BADBABA, Ettendales
(num: 14756), BADBABA, dared, dared, gammers, provender, sties, orcliquor
(num: 14757), BADBABA, spittle
(num: 14758), BADBABA, wealthier
(num: 14759), BADBABA
(num: 14760), BADBABA
(num: 14761), BADBABA, awkward, birthdaypresent, birthdaypresent, web, web, oddities, oddities
(num: 14762), BADBABA, Sleepless
(num: 14763), BADBABA, accessory, accessory
(num: 14764), BADBABA, knock, knock, mew
(num: 14765), BADBABA, confusion, confusion, leavings
(num: 14766), BADBABA, keenly, keenly
(num: 14767), BADBABA, camp, camp, Waiting, Waiting
(num: 14768), BADBABA, chilled, chilled
(num: 14769), BADBABA, burgling, burgling, Half, Half, scores, scores
(num: 14770), BADBABA
(num: 14771), BADBABA
(num: 14772), BADBABA
(num: 14773), BADBABA
(num: 14774), BADBABA, For, For
(num: 14775), BADBABA, somebodys, wellmeaning
(num: 14776), BADBABA, warrior, warrior
(num: 14777), BADBABA, Foe, Senses, assemble, assemble
(num: 14778), BADBABA, gollum, gollum
(num: 14779), BADBABA
(num: 14780), BADBABA, added, added, brick, brick
(num: 14781), BADBABA, shaping, shaping
(num: 14782), BADBABA, obscene
(num: 14783), BADBABA, breast, feared, feared
(num: 14784), BADBABA
(num: 14785), BADBABA
(num: 14786), BADBABA
(num: 14787), BADBABA, interests, interests, tug, Doorward
(num: 14788), BADBABA, laughed, laughed, exhaustedhe
(num: 14789), BADBABA, haze, haze
(num: 14790), BADBABA, Sharkeys, Sharkeys, squint
(num: 14791), BADBABA, deeppiled
(num: 14792), BADBABA, Gamling, Gamling, countenance
(num: 14793), BADBABA
(num: 14794), BADBABA
(num: 14795), BADBABA
(num: 14796), BADBABA, tricked, tricked
(num: 14797), BADBABA
(num: 14798), BADBABA, Monday, Comes, juggler, Nmenorean
(num: 14799), BADBABA, alliances, tolerant, wearying
(num: 14800), BADBABA, marriage, hoary, hoary
(num: 14801), BADBABA
(num: 14802), BADBABA, fanfare
(num: 14803), BADBABA
(num: 14804), BADBABA
(num: 14805), BADBABA
(num: 14806), BADBABA
(num: 14807), BADBABA, goodbye, goodbye
(num: 14808), BADBABA, Gate, Gate, devils, devils
(num: 14809), BADBABA
(num: 14810), BADBABA, generally, haywards
(num: 14811), BADBABA, Africa, ditch
(num: 14812), BADBABA
(num: 14813), BADBABA, bite, bite
(num: 14814), BADBABA
(num: 14815), BADBABA, mid, coveted
(num: 14816), BADBABA, legendary, legendary, Listening, grist
(num: 14817), BADBABA, Enemies
(num: 14818), BADBABA, Sharpears, Silent, Silent
(num: 14819), BADBABA, chapters, chapters, floats
(num: 14820), BADBABA
(num: 14821), BADBABA, Cou
(num: 14822), BADBABA, Herubrand
(num: 14823), BADBABA, orange, Ithil, Ithil
(num: 14824), BADBABA
(num: 14825), BADBABA, Tinbone
(num: 14826), BADBABA, Pick
(num: 14827), BADBABA, threaten, threaten
(num: 14828), BADBABA, Magnificent
(num: 14829), BADBABA, picnics, allegorical, allegorical, stocky, BB, BB
(num: 14830), BADBABA, liked, liked, Longbeards, III, III
(num: 14831), BADBABA, quiet, quiet, hooted
(num: 14832), BADBABA, alls, alls
(num: 14833), BADBABA
(num: 14834), BADBABA
(num: 14835), BADBABA, elvenbows
(num: 14836), BADBABA, pea
(num: 14837), BADBABA
(num: 14838), BADBABA, caked
(num: 14839), BADBABA
(num: 14840), BADBABA, upside
(num: 14841), BADBABA
(num: 14842), BADBABA
(num: 14843), BADBABA, missing, missing
(num: 14844), BADBABA, Given, edraith, edraith
(num: 14845), BADBABA
(num: 14846), BADBABA
(num: 14847), BADBABA
(num: 14848), BADBABA, pens, couldit, invaded, invaded
(num: 14849), BADBABA, coats, coats
(num: 14850), BADBABA, tilth
(num: 14851), BADBABA, Lidless, Lidless
(num: 14852), BADBABA, boatmen
(num: 14853), BADBABA, perfunctory
(num: 14854), BADBABA, cutting, cutting, isles, stammering, stammering
(num: 14855), BADBABA
(num: 14856), BADBABA, plunk, plunk
(num: 14857), BADBABA, craven
(num: 14858), BADBABA
(num: 14859), BADBABA, goblinsas
(num: 14860), BADBABA
(num: 14861), BADBABA, startedbut
(num: 14862), BADBABA, produced, somersault
(num: 14863), BADBABA, lightfooted, lightfooted
(num: 14864), BADBABA, slot, slot, oily, oily
(num: 14865), BADBABA
(num: 14866), BADBABA
(num: 14867), BADBABA
(num: 14868), BADBABA, spat, spat, Way, Way
(num: 14869), BADBABA, Company, Company
(num: 14870), BADBABA, heaved, heaved
(num: 14871), BADBABA, dusky, dusky
(num: 14872), BADBABA, unwound
(num: 14873), BADBABA
(num: 14874), BADBABA, Snatches, tricks, tricks
(num: 14875), BADBABA, residence, residence
(num: 14876), BADBABA
(num: 14877), BADBABA, overtaking, overtaking
(num: 14878), BADBABA, hutch
(num: 14879), BADBABA
(num: 14880), BADBABA, honest, honest, trickses
(num: 14881), BADBABA
(num: 14882), BADBABA, interrupted, interrupted
(num: 14883), BADBABA, majestic
(num: 14884), BADBABA
(num: 14885), BADBABA
(num: 14886), BADBABA, overcoming
(num: 14887), BADBABA, quarrels, quarrels
(num: 14888), BADBABA
(num: 14889), BADBABA, undisturbed
(num: 14890), BADBABA
(num: 14891), BADBABA, wolfglade
(num: 14892), BADBABA
(num: 14893), BADBABA
(num: 14894), BADBABA, Signs
(num: 14895), BADBABA
(num: 14896), BADBABA
(num: 14897), BADBABA
(num: 14898), BADBABA, ripple, grimy, grimy
(num: 14899), BADBABA, outspread, outspread
(num: 14900), BADBABA, week, week
(num: 14901), BADBABA, slowed, slowed, strife, strife
(num: 14902), BADBABA, passagefloor
(num: 14903), BADBABA
(num: 14904), BADBABA
(num: 14905), BADBABA
(num: 14906), BADBABA, more, more
(num: 14907), BADBABA, SR, SR, lanternlight
(num: 14908), BADBABA, competition, competition
(num: 14909), BADBABA
(num: 14910), BADBABA
(num: 14911), BADBABA
(num: 14912), BADBABA
(num: 14913), BADBABA, stalky
(num: 14914), BADBABA, paths, paths, oftener, hasnt, hasnt
(num: 14915), BADBABA, youand
(num: 14916), BADBABA, orcknife, Wiser, Wiser
(num: 14917), BADBABA, Either, Either, defence, defence
(num: 14918), BADBABA, patches, patches
(num: 14919), BADBABA, hacking, Bid, Bid
(num: 14920), BADBABA
(num: 14921), BADBABA, outline, outline
(num: 14922), BADBABA
(num: 14923), BADBABA, chokes, chokes
(num: 14924), BADBABA
(num: 14925), BADBABA
(num: 14926), BADBABA, sympathetic
(num: 14927), BADBABA, differed, Ghvsh
(num: 14928), BADBABA, another, another, deceits
(num: 14929), BADBABA
(num: 14930), BADBABA, Fundin, weighed, weighed, gradual
(num: 14931), BADBABA
(num: 14932), BADBABA, Celeborn, Celeborn, Sight, blames
(num: 14933), BADBABA, headman
(num: 14934), BADBABA, Deserves, Deserves, dispelled
(num: 14935), BADBABA, crevices, crevices, enhanced
(num: 14936), BADBABA, rider, rider, leagu
(num: 14937), BADBABA, Game, Mardil, Mardil
(num: 14938), BADBABA
(num: 14939), BADBABA, sunken, sunken, Grievous, Kill, Kill
(num: 14940), BADBABA, watchedhe, labouring, labouring, scrawls, scrawls
(num: 14941), BADBABA
(num: 14942), BADBABA, garments, garments
(num: 14943), BADBABA, Few, Few, airless
(num: 14944), BADBABA, Whom, Got, Got, tolled, tolled
(num: 14945), BADBABA, Drink, Drink
(num: 14946), BADBABA, Elendils, Elendils, villagefolk
(num: 14947), BADBABA, descendants, descendants
(num: 14948), BADBABA, juiciest, bodiless
(num: 14949), BADBABA, deeds, deeds
(num: 14950), BADBABA, Shadowfax, Shadowfax, blocking, blocking
(num: 14951), BADBABA, reappeared, reappeared, grinding, grinding, mire
(num: 14952), BADBABA, hardness
(num: 14953), BADBABA
(num: 14954), BADBABA, flummoxed, flummoxed
(num: 14955), BADBABA, sheathed, thereon
(num: 14956), BADBABA, sor
(num: 14957), BADBABA
(num: 14958), BADBABA, tallest, tallest, muck
(num: 14959), BADBABA, tightdrawn
(num: 14960), BADBABA
(num: 14961), BADBABA, washing, curled, curled, sweeten
(num: 14962), BADBABA
(num: 14963), BADBABA, heavens, heavens, WoodyEnd, Gleams
(num: 14964), BADBABA
(num: 14965), BADBABA
(num: 14966), BADBABA, newawakened
(num: 14967), BADBABA, Had, Had, member, member
(num: 14968), BADBABA, Raurosfalls, Raurosfalls
(num: 14969), BADBABA, chalcedony
(num: 14970), BADBABA, Thrors, Thrors
(num: 14971), BADBABA
(num: 14972), BADBABA, firtrees, firtrees, Dnadans
(num: 14973), BADBABA
(num: 14974), BADBABA, stream, stream
(num: 14975), BADBABA, fences, fences
(num: 14976), BADBABA, taller, taller
(num: 14977), BADBABA, unwashed, exception, exception
(num: 14978), BADBABA
(num: 14979), BADBABA, sag
(num: 14980), BADBABA
(num: 14981), BADBABA, reedbeds
(num: 14982), BADBABA, reserved
(num: 14983), BADBABA, regularly
(num: 14984), BADBABA
(num: 14985), BADBABA, swept, swept, healing, healing, Roheryn, Roheryn, Andave
(num: 14986), BADBABA
(num: 14987), BADBABA, colours, colours
(num: 14988), BADBABA, AWAKE, AWAKE, enquantuva, starglass, starglass
(num: 14989), BADBABA, floated, floated, esent
(num: 14990), BADBABA, Diving
(num: 14991), BADBABA, cracks, cracks
(num: 14992), BADBABA
(num: 14993), BADBABA, inspection
(num: 14994), BADBABA
(num: 14995), BADBABA, Egladil, Egladil, Die
(num: 14996), BADBABA, equalled
(num: 14997), BADBABA
(num: 14998), BADBABA, instance, Along, Along
(num: 14999), BADBABA, gripped, gripped, Need, Nimrodels, havesince, retentive, nastier
(num: 15000), BADBABA, marshes, marshes, imperishable, imperishable, guts, guts
(num: 15001), BADBABA, difficult, difficult, bathe, bathe
(num: 15002), BADBABA
(num: 15003), BADBABA, decipher
(num: 15004), BADBABA, peculiarity, beechtree, favourites
(num: 15005), BADBABA, flat, flat
(num: 15006), BADBABA, rowed, rowed, Among, Among, raiders
(num: 15007), BADBABA, hobbithole, hobbithole, Clothes
(num: 15008), BADBABA
(num: 15009), BADBABA, Mad
(num: 15010), BADBABA
(num: 15011), BADBABA, hitch
(num: 15012), BADBABA
(num: 15013), BADBABA, asks, asks
(num: 15014), BADBABA
(num: 15015), BADBABA
(num: 15016), BADBABA, sundry
(num: 15017), BADBABA, Certainly, Certainly
(num: 15018), BADBABA, relations, relations, Khand
(num: 15019), BADBABA, Goblets
(num: 15020), BADBABA, bolted, stepping, plied, caperings
(num: 15021), BADBABA
(num: 15022), BADBABA
(num: 15023), BADBABA, reins, reins
(num: 15024), BADBABA
(num: 15025), BADBABA, whom, whom
(num: 15026), BADBABA, greenery
(num: 15027), BADBABA, retorted, retorted, Courage, Courage
(num: 15028), BADBABA
(num: 15029), BADBABA, poker
(num: 15030), BADBABA, will, will, haw
(num: 15031), BADBABA, apprentices, compelling, compelling, lamentation, lamentation
(num: 15032), BADBABA
(num: 15033), BADBABA, drive, drive, Whitfurrows
(num: 15034), BADBABA, smokeringsand, rage, rage, interminably, wr
(num: 15035), BADBABA
(num: 15036), BADBABA
(num: 15037), BADBABA, amazing, amazing
(num: 15038), BADBABA
(num: 15039), BADBABA, imitation, imitation
(num: 15040), BADBABA, detailed
(num: 15041), BADBABA, Hamfast, depressed, depressed, arouse, arouse
(num: 15042), BADBABA
(num: 15043), BADBABA, Presently, Presently
(num: 15044), BADBABA, undervalued
(num: 15045), BADBABA
(num: 15046), BADBABA
(num: 15047), BADBABA, disquieting, commodity
(num: 15048), BADBABA, strongest, impenetrable, gimbatul
(num: 15049), BADBABA, direct, direct
(num: 15050), BADBABA
(num: 15051), BADBABA, hinder, hinder
(num: 15052), BADBABA
(num: 15053), BADBABA, biscuit
(num: 15054), BADBABA, quarrel, twanged, twanged, sorely, sorely
(num: 15055), BADBABA, critical, fort, fort
(num: 15056), BADBABA, whacking, unloading, unloading
(num: 15057), BADBABA
(num: 15058), BADBABA
(num: 15059), BADBABA
(num: 15060), BADBABA, remind, remind, Seer
(num: 15061), BADBABA
(num: 15062), BADBABA, poked, poked, Greatest
(num: 15063), BADBABA, Meduseld, Meduseld
(num: 15064), BADBABA
(num: 15065), BADBABA
(num: 15066), BADBABA, recalling, applause
(num: 15067), BADBABA
(num: 15068), BADBABA
(num: 15069), BADBABA
(num: 15070), BADBABA
(num: 15071), BADBABA, flowers, flowers, footing, footing
(num: 15072), BADBABA
(num: 15073), BADBABA
(num: 15074), BADBABA, chair, chair, flank, flank
(num: 15075), BADBABA
(num: 15076), BADBABA, trudge, form, form
(num: 15077), BADBABA
(num: 15078), BADBABA, Came
(num: 15079), BADBABA, recking
(num: 15080), BADBABA
(num: 15081), BADBABA, nastiest
(num: 15082), BADBABA, submerged
(num: 15083), BADBABA, sidequite
(num: 15084), BADBABA, newsprouting
(num: 15085), BADBABA, stock, hopefully, hopefully
(num: 15086), BADBABA
(num: 15087), BADBABA, poof
(num: 15088), BADBABA, multitudinous
(num: 15089), BADBABA
(num: 15090), BADBABA, chatter, chatter, wanly, Snakes
(num: 15091), BADBABA, sees, sees, Goes, Goes
(num: 15092), BADBABA, delayed, delayed
(num: 15093), BADBABA, greened
(num: 15094), BADBABA
(num: 15095), BADBABA, respect, such, such, unmarked, unmarked, similar, similar
(num: 15096), BADBABA, pounded
(num: 15097), BADBABA, bravest
(num: 15098), BADBABA
(num: 15099), BADBABA, Elder, Elder
(num: 15100), BADBABA
(num: 15101), BADBABA, Times, smote, smote, Across, Across, avenging, avenging
(num: 15102), BADBABA
(num: 15103), BADBABA, applicable
(num: 15104), BADBABA, So, So
(num: 15105), BADBABA, wailing, wailing
(num: 15106), BADBABA, roasting, roasting, Is, Is, Himself
(num: 15107), BADBABA, jars, jars, hobbitchild
(num: 15108), BADBABA, sl, sl
(num: 15109), BADBABA, noisily, noisily
(num: 15110), BADBABA
(num: 15111), BADBABA, wisps, wisps, rearguard, rearguard
(num: 15112), BADBABA, firmly, firmly
(num: 15113), BADBABA, sundering
(num: 15114), BADBABA, flet, flet
(num: 15115), BADBABA, servants, servants, yearly
(num: 15116), BADBABA, musst
(num: 15117), BADBABA
(num: 15118), BADBABA, snick
(num: 15119), BADBABA, robberies, shuddering, shuddering, drowsily
(num: 15120), BADBABA, enthusiasm, enthusiasm
(num: 15121), BADBABA
(num: 15122), BADBABA, expects, expects
(num: 15123), BADBABA
(num: 15124), BADBABA
(num: 15125), BADBABA, Dragonhoard
(num: 15126), BADBABA, responsible, responsible
(num: 15127), BADBABA, onand, fruitful
(num: 15128), BADBABA
(num: 15129), BADBABA, glimpsed, glimpsed
(num: 15130), BADBABA
(num: 15131), BADBABA, longing, longing, import, import, dea
(num: 15132), BADBABA, grave, grave
(num: 15133), BADBABA, throats, throats
(num: 15134), BADBABA, eating, eating
(num: 15135), BADBABA, mopped, unexplored, reign
(num: 15136), BADBABA, handwriting, Elfwardens
(num: 15137), BADBABA
(num: 15138), BADBABA, pennypiece
(num: 15139), BADBABA, hide, hide, anger, anger
(num: 15140), BADBABA
(num: 15141), BADBABA
(num: 15142), BADBABA
(num: 15143), BADBABA, evereven, learn, learn
(num: 15144), BADBABA, walking, walking, flaw
(num: 15145), BADBABA, Ugh, Ugh, unceasing, unceasing, Sleeping
(num: 15146), BADBABA, whin
(num: 15147), BADBABA, Lobelias
(num: 15148), BADBABA, caressing, caressing
(num: 15149), BADBABA, prevented, prevented, derry, derry
(num: 15150), BADBABA
(num: 15151), BADBABA, hollows, hollows
(num: 15152), BADBABA
(num: 15153), BADBABA, jolted
(num: 15154), BADBABA, wells, wells, fantasies, shadowmantled
(num: 15155), BADBABA, bristles, trystingplace
(num: 15156), BADBABA, possessions
(num: 15157), BADBABA, Postmaster
(num: 15158), BADBABA, purring, purring
(num: 15159), BADBABA, wondering, wondering, beeches, beeches
(num: 15160), BADBABA
(num: 15161), BADBABA
(num: 15162), BADBABA, disgusted, disgusted
(num: 15163), BADBABA, morningyou, minstrels, minstrels
(num: 15164), BADBABA, nephews, daisies, depends, depends, drumbeats, drumbeats, Learn, dimmed, dimmed
(num: 15165), BADBABA, Outsiders, Outsiders, comprehension, comprehension
(num: 15166), BADBABA
(num: 15167), BADBABA
(num: 15168), BADBABA, Parth, Parth, Sobs
(num: 15169), BADBABA, dubiously, dubiously, blackharnessed
(num: 15170), BADBABA, lopped, lopped
(num: 15171), BADBABA
(num: 15172), BADBABA
(num: 15173), BADBABA, slaveworked
(num: 15174), BADBABA, Cheer, Cheer, grasstussocks
(num: 15175), BADBABA, Whip, powerful, powerful
(num: 15176), BADBABA, granddad
(num: 15177), BADBABA, lawful
(num: 15178), BADBABA, go, go, restrain, mistrust, mistrust
(num: 15179), BADBABA, speak, speak, yetand
(num: 15180), BADBABA, nightbreeze, nightbreeze, Seriously
(num: 15181), BADBABA
(num: 15182), BADBABA, fanyar
(num: 15183), BADBABA
(num: 15184), BADBABA, reputedly
(num: 15185), BADBABA
(num: 15186), BADBABA, shared, shared, colonized
(num: 15187), BADBABA, Tried
(num: 15188), BADBABA
(num: 15189), BADBABA, Everyone, Everyone
(num: 15190), BADBABA, anywa, anywa
(num: 15191), BADBABA
(num: 15192), BADBABA, obey, obey
(num: 15193), BADBABA, Nmenureans
(num: 15194), BADBABA
(num: 15195), BADBABA
(num: 15196), BADBABA
(num: 15197), BADBABA, crucial
(num: 15198), BADBABA, broached
(num: 15199), BADBABA, ingenious, ingenious
(num: 15200), BADBABA
(num: 15201), BADBABA, remembering, remembering
(num: 15202), BADBABA, bide, elfletters, elfletters, Fisher
(num: 15203), BADBABA
(num: 15204), BADBABA
(num: 15205), BADBABA, thirty, thirty, greasy, greasy, eyeholes
(num: 15206), BADBABA, Mortals, Mortals
(num: 15207), BADBABA, hatchet, hatchet
(num: 15208), BADBABA
(num: 15209), BADBABA
(num: 15210), BADBABA, expanded, friendships, fol, Elfstone, Elfstone
(num: 15211), BADBABA
(num: 15212), BADBABA
(num: 15213), BADBABA
(num: 15214), BADBABA, margin, margin
(num: 15215), BADBABA, colonies
(num: 15216), BADBABA
(num: 15217), BADBABA, Shriekers
(num: 15218), BADBABA, wonder, wonder, weatherworn
(num: 15219), BADBABA
(num: 15220), BADBABA
(num: 15221), BADBABA
(num: 15222), BADBABA
(num: 15223), BADBABA, palegreen, palegreen
(num: 15224), BADBABA, dogged, dogged
(num: 15225), BADBABA, foundation, overmastered
(num: 15226), BADBABA, doze, doze, sprout, greathilted, teeming
(num: 15227), BADBABA, Flammifer
(num: 15228), BADBABA
(num: 15229), BADBABA
(num: 15230), BADBABA, wolves, wolves
(num: 15231), BADBABA, robust, bega
(num: 15232), BADBABA, reserve
(num: 15233), BADBABA, squirming
(num: 15234), BADBABA
(num: 15235), BADBABA, Hobbitlore, nightair
(num: 15236), BADBABA, organ, shale
(num: 15237), BADBABA
(num: 15238), BADBABA, T, T
(num: 15239), BADBABA, mislaid, mislaid, presumption, longs, longs
(num: 15240), BADBABA
(num: 15241), BADBABA, holes, holes
(num: 15242), BADBABA, knifeedged
(num: 15243), BADBABA, Rohan, Rohan
(num: 15244), BADBABA
(num: 15245), BADBABA, dangling, dangling
(num: 15246), BADBABA, Mining, steeper, steeper, Gone, Gone
(num: 15247), BADBABA
(num: 15248), BADBABA
(num: 15249), BADBABA
(num: 15250), BADBABA
(num: 15251), BADBABA
(num: 15252), BADBABA, impassable, tip, tip
(num: 15253), BADBABA, casting, casting, icicles, ved
(num: 15254), BADBABA, stratagems, stratagems
(num: 15255), BADBABA, echoed, echoed
(num: 15256), BADBABA
(num: 15257), BADBABA, Went
(num: 15258), BADBABA, didnt, didnt
(num: 15259), BADBABA, dwarfno, rowantrees, rowantrees
(num: 15260), BADBABA
(num: 15261), BADBABA, sharing, sharing
(num: 15262), BADBABA, motionless, motionless
(num: 15263), BADBABA, ways, ways, seated, seated, aye, aye
(num: 15264), BADBABA, bursts
(num: 15265), BADBABA, Mount, Mount
(num: 15266), BADBABA, dwell, dwell
(num: 15267), BADBABA, crevice, crevice
(num: 15268), BADBABA, infuriate, infuriate
(num: 15269), BADBABA, muttered, spark, spark
(num: 15270), BADBABA, arrow, arrow, inlaw, inlaw
(num: 15271), BADBABA, wiped, arms, listen, listen
(num: 15272), BADBABA, state, state, HUGO, northmost, northmost
(num: 15273), BADBABA, dells, dells, Willow, Willow, rustics
(num: 15274), BADBABA, ALIVE
(num: 15275), BADBABA, set, set, despairing, despairing, reluctantly, reluctantly
(num: 15276), BADBABA, are, are
(num: 15277), BADBABA, sections, Telperion
(num: 15278), BADBABA
(num: 15279), BADBABA, blotched
(num: 15280), BADBABA, Allow, Saradoc
(num: 15281), BADBABA
(num: 15282), BADBABA
(num: 15283), BADBABA, Fortytwo, Fortytwo
(num: 15284), BADBABA
(num: 15285), BADBABA, preparations, preparations, starlings
(num: 15286), BADBABA
(num: 15287), BADBABA
(num: 15288), BADBABA
(num: 15289), BADBABA, richly, richly, conquest, loyalty, loyalty
(num: 15290), BADBABA, splayfingered
(num: 15291), BADBABA, daylong, daylong
(num: 15292), BADBABA
(num: 15293), BADBABA
(num: 15294), BADBABA, Treegarth
(num: 15295), BADBABA
(num: 15296), BADBABA
(num: 15297), BADBABA, hobbit, hobbit, dim, dim
(num: 15298), BADBABA
(num: 15299), BADBABA, debt, debt
(num: 15300), BADBABA, deceitful
(num: 15301), BADBABA
(num: 15302), BADBABA, rippling, rippling
(num: 15303), BADBABA, dashing, pillaging
(num: 15304), BADBABA
(num: 15305), BADBABA, Regiments, sta, sta
(num: 15306), BADBABA
(num: 15307), BADBABA, blame, blame, Gollumcreature
(num: 15308), BADBABA, Buried
(num: 15309), BADBABA, bush, bush, r, mice, mice
(num: 15310), BADBABA
(num: 15311), BADBABA
(num: 15312), BADBABA
(num: 15313), BADBABA, dull, dull, unbraided, unlidded, unlidded
(num: 15314), BADBABA, gleaming, gleaming
(num: 15315), BADBABA
(num: 15316), BADBABA, slender, slender, preserved, preserved
(num: 15317), BADBABA, stoop, stoop
(num: 15318), BADBABA, inwards, inwards
(num: 15319), BADBABA
(num: 15320), BADBABA, fro, fro, content, content, longvanished
(num: 15321), BADBABA
(num: 15322), BADBABA, holly, holly
(num: 15323), BADBABA, marjorams
(num: 15324), BADBABA
(num: 15325), BADBABA, awaiting, awaiting
(num: 15326), BADBABA
(num: 15327), BADBABA, Fur, Fur
(num: 15328), BADBABA, hero, hero
(num: 15329), BADBABA
(num: 15330), BADBABA, galleries, toppling, toppling
(num: 15331), BADBABA, treacherous, treacherous, Pray, Pray
(num: 15332), BADBABA, fireworks, fireworks, slavering, slavering, longfathers, longfathers
(num: 15333), BADBABA
(num: 15334), BADBABA, awagging, Dull, Dull
(num: 15335), BADBABA
(num: 15336), BADBABA, Vardo, ourselfs, ourselfs
(num: 15337), BADBABA
(num: 15338), BADBABA
(num: 15339), BADBABA, Thus, Thus, unchanged, unchanged
(num: 15340), BADBABA
(num: 15341), BADBABA, pieces, pieces, Tim, Tim
(num: 15342), BADBABA
(num: 15343), BADBABA, fiery, fiery
(num: 15344), BADBABA, undesigned
(num: 15345), BADBABA
(num: 15346), BADBABA, captains, captains
(num: 15347), BADBABA, leaguefellows
(num: 15348), BADBABA
(num: 15349), BADBABA, their, their, heirloom, ve, ve
(num: 15350), BADBABA
(num: 15351), BADBABA
(num: 15352), BADBABA, Gallon, thickgrowing
(num: 15353), BADBABA, economic
(num: 15354), BADBABA, woodland, woodland, Rose, Rose
(num: 15355), BADBABA, hope, hope
(num: 15356), BADBABA, Galadhon, Galadhon
(num: 15357), BADBABA, rustled, rustled, tidy, tidy, pump
(num: 15358), BADBABA
(num: 15359), BADBABA, moonletters, moonletters, doublings
(num: 15360), BADBABA, rainwashed, rainwashed
(num: 15361), BADBABA, cellars, cellars, freed, freed
(num: 15362), BADBABA, emerged, Wingfoot
(num: 15363), BADBABA, twentyfourth
(num: 15364), BADBABA
(num: 15365), BADBABA, brands, brands
(num: 15366), BADBABA, houses, houses, noisy, noisy
(num: 15367), BADBABA
(num: 15368), BADBABA, beautiful, beautiful
(num: 15369), BADBABA
(num: 15370), BADBABA, clifffoot
(num: 15371), BADBABA
(num: 15372), BADBABA
(num: 15373), BADBABA, swallowed, swallowed
(num: 15374), BADBABA
(num: 15375), BADBABA, towers, towers
(num: 15376), BADBABA, leant, leant
(num: 15377), BADBABA, evermore
(num: 15378), BADBABA
(num: 15379), BADBABA
(num: 15380), BADBABA, greengrown, guilty, guilty, ous
(num: 15381), BADBABA, unprotected
(num: 15382), BADBABA
(num: 15383), BADBABA
(num: 15384), BADBABA
(num: 15385), BADBABA, unruffled
(num: 15386), BADBABA, Barrowwights, Barrowwights
(num: 15387), BADBABA
(num: 15388), BADBABA, diamonds, diamonds, cease, cease, jeopardy
(num: 15389), BADBABA, muchloved
(num: 15390), BADBABA
(num: 15391), BADBABA, alters, tasty, November, November
(num: 15392), BADBABA
(num: 15393), BADBABA, invitations, invitations, phantom, phantom
(num: 15394), BADBABA
(num: 15395), BADBABA, laborious, constrained, constrained
(num: 15396), BADBABA
(num: 15397), BADBABA
(num: 15398), BADBABA
(num: 15399), BADBABA, Maggots, Maggots
(num: 15400), BADBABA, loon, achieved, achieved
(num: 15401), BADBABA
(num: 15402), BADBABA
(num: 15403), BADBABA, ite, Ought, chambers, chambers
(num: 15404), BADBABA
(num: 15405), BADBABA
(num: 15406), BADBABA, withering, withering
(num: 15407), BADBABA, selfstyled
(num: 15408), BADBABA, result, result
(num: 15409), BADBABA, uncouth, uncouth
(num: 15410), BADBABA
(num: 15411), BADBABA, sites, orcvoices, orcvoices
(num: 15412), BADBABA, claimed, claimed
(num: 15413), BADBABA, meets, Understand, Understand
(num: 15414), BADBABA, dawned, dawned
(num: 15415), BADBABA, parcels, claws, claws, tilt, tilt
(num: 15416), BADBABA, fiftyone
(num: 15417), BADBABA
(num: 15418), BADBABA, follow, follow, differently, sample, harpers, harpers
(num: 15419), BADBABA
(num: 15420), BADBABA, supposing, supposing
(num: 15421), BADBABA
(num: 15422), BADBABA, mistaken, leaned, leaned, dahrar, dahrar
(num: 15423), BADBABA, fruits, fruits
(num: 15424), BADBABA
(num: 15425), BADBABA, shivering, shivering, embalmers
(num: 15426), BADBABA, wombs
(num: 15427), BADBABA, items, unobtrusive, Younger
(num: 15428), BADBABA, Wandering, Wandering, hillback
(num: 15429), BADBABA, whistle, whistle, teaches
(num: 15430), BADBABA, Slinker, Slinker
(num: 15431), BADBABA, lightningstroke
(num: 15432), BADBABA
(num: 15433), BADBABA
(num: 15434), BADBABA
(num: 15435), BADBABA
(num: 15436), BADBABA
(num: 15437), BADBABA
(num: 15438), BADBABA, gnashing, Fingers
(num: 15439), BADBABA, Simply, Waymeet, Waymeet
(num: 15440), BADBABA
(num: 15441), BADBABA, Balrog, Balrog
(num: 15442), BADBABA
(num: 15443), BADBABA, everythingexcept
(num: 15444), BADBABA, Dori, Dori, buthe
(num: 15445), BADBABA, oat, den, den
(num: 15446), BADBABA, resort, tarnish, sump
(num: 15447), BADBABA
(num: 15448), BADBABA, birthday, birthday, Uglks, Uglks
(num: 15449), BADBABA
(num: 15450), BADBABA
(num: 15451), BADBABA, yellow, yellow, Gondolin, Gondolin, latter, latter, overcast, sorrowful, sorrowful
(num: 15452), BADBABA, moreover
(num: 15453), BADBABA
(num: 15454), BADBABA, attend, fronthall
(num: 15455), BADBABA
(num: 15456), BADBABA, grievances, grievances, gentleness, gentleness
(num: 15457), BADBABA, Apple, storehouses, Edain
(num: 15458), BADBABA, swallowing, itsome
(num: 15459), BADBABA, sleeper
(num: 15460), BADBABA, later, later, Wisps, sixthirty, sixthirty
(num: 15461), BADBABA, tempers, tempers, command, laughingmatter
(num: 15462), BADBABA, furrier, furrier
(num: 15463), BADBABA, increases, increases
(num: 15464), BADBABA
(num: 15465), BADBABA, fears, fears, Quest, Quest, drunkenly
(num: 15466), BADBABA, baths
(num: 15467), BADBABA
(num: 15468), BADBABA, miserably, miserably, Weather
(num: 15469), BADBABA, flagons, flagons, outlast, outlast
(num: 15470), BADBABA, me, me, melted, melted, Dbin, Dbin, reawakened
(num: 15471), BADBABA, Still, Still, re, re
(num: 15472), BADBABA
(num: 15473), BADBABA, camping, camping
(num: 15474), BADBABA, astir, astir
(num: 15475), BADBABA
(num: 15476), BADBABA, unclear, whos
(num: 15477), BADBABA, Carefully, Carefully, Frodos, Frodos, meres, meres
(num: 15478), BADBABA
(num: 15479), BADBABA
(num: 15480), BADBABA, famousest
(num: 15481), BADBABA
(num: 15482), BADBABA, whisking, Don, Don, mirrored, mirrored
(num: 15483), BADBABA
(num: 15484), BADBABA, astonishing, astonishing, See, See
(num: 15485), BADBABA, came, came, alas, alas, Thankee
(num: 15486), BADBABA, thrusting, droning
(num: 15487), BADBABA, mithrilmail
(num: 15488), BADBABA
(num: 15489), BADBABA, vanquished, vanquished
(num: 15490), BADBABA, higher, higher, generous, generous
(num: 15491), BADBABA
(num: 15492), BADBABA
(num: 15493), BADBABA, existence, unoccupied, effort, effort
(num: 15494), BADBABA, Nain, Nain, Glorfindel, Glorfindel, smoulder, smoulder
(num: 15495), BADBABA
(num: 15496), BADBABA, speaking, speaking
(num: 15497), BADBABA, highlands, highlands
(num: 15498), BADBABA, dful
(num: 15499), BADBABA
(num: 15500), BADBABA, March, March
(num: 15501), BADBABA, crooked, crooked
(num: 15502), BADBABA
(num: 15503), BADBABA
(num: 15504), BADBABA, gobut
(num: 15505), BADBABA, headway
(num: 15506), BADBABA, snatching, snatching
(num: 15507), BADBABA, mouths, mouths
(num: 15508), BADBABA, legas, Next, Next, selves
(num: 15509), BADBABA
(num: 15510), BADBABA, Longexpected, Longexpected, bustling, bustling
(num: 15511), BADBABA, vanimar
(num: 15512), BADBABA
(num: 15513), BADBABA, row, row
(num: 15514), BADBABA, Barliman, Barliman
(num: 15515), BADBABA
(num: 15516), BADBABA, ebb
(num: 15517), BADBABA
(num: 15518), BADBABA, Common, Common
(num: 15519), BADBABA, delighting, delighting, grand
(num: 15520), BADBABA, Double, Double
(num: 15521), BADBABA, saillike
(num: 15522), BADBABA, arming, arming, deceit, deceit, vaulted
(num: 15523), BADBABA
(num: 15524), BADBABA, waylaid, sting, sting, Business, Carchost
(num: 15525), BADBABA, Silvertine, Silvertine
(num: 15526), BADBABA
(num: 15527), BADBABA, manypointed
(num: 15528), BADBABA
(num: 15529), BADBABA, Loudwater, Loudwater, unhorsed, unhorsed, steeped, steeped
(num: 15530), BADBABA, weed, weed
(num: 15531), BADBABA, postponed, postponed, Sitting
(num: 15532), BADBABA, yesss
(num: 15533), BADBABA, squawk
(num: 15534), BADBABA, who, who, errantry, errantry
(num: 15535), BADBABA
(num: 15536), BADBABA
(num: 15537), BADBABA
(num: 15538), BADBABA
(num: 15539), BADBABA, thereif
(num: 15540), BADBABA, southaway, southaway
(num: 15541), BADBABA, wondrous, wondrous
(num: 15542), BADBABA, avenue, avenue
(num: 15543), BADBABA, ripening, herdsmen, herdsmen, wrathful
(num: 15544), BADBABA
(num: 15545), BADBABA, ew
(num: 15546), BADBABA, Ach, Ach
(num: 15547), BADBABA, adjusted, breach, breach, Thirteen
(num: 15548), BADBABA, handicrafts
(num: 15549), BADBABA
(num: 15550), BADBABA, hallooing, Reckoning
(num: 15551), BADBABA, skirmish
(num: 15552), BADBABA, warding
(num: 15553), BADBABA, Quite, Quite
(num: 15554), BADBABA, tusks, elvenblade, elvenblade
(num: 15555), BADBABA, domes, domes
(num: 15556), BADBABA
(num: 15557), BADBABA, Tumbaletaurla
(num: 15558), BADBABA
(num: 15559), BADBABA, brass, chain, chain
(num: 15560), BADBABA
(num: 15561), BADBABA, suburban
(num: 15562), BADBABA
(num: 15563), BADBABA, war, war, Folk, Folk, ph
(num: 15564), BADBABA
(num: 15565), BADBABA
(num: 15566), BADBABA
(num: 15567), BADBABA, grant, grant
(num: 15568), BADBABA, fowls
(num: 15569), BADBABA, sigh, sigh
(num: 15570), BADBABA
(num: 15571), BADBABA
(num: 15572), BADBABA, messed
(num: 15573), BADBABA, cliff, cliff, tolerated
(num: 15574), BADBABA
(num: 15575), BADBABA, keeneared, Everwhite
(num: 15576), BADBABA, tarks, tarks
(num: 15577), BADBABA, gnawing, gnawing
(num: 15578), BADBABA, Thatll, Thatll, Fangorn, Fangorn
(num: 15579), BADBABA, dumpling
(num: 15580), BADBABA, fencing
(num: 15581), BADBABA, following, following, warlike, warlike, pence
(num: 15582), BADBABA, pocketpicking, flutters, rockthe, aught, dwarfgates
(num: 15583), BADBABA, Were, costly
(num: 15584), BADBABA
(num: 15585), BADBABA, loads, Paddle
(num: 15586), BADBABA, eminent
(num: 15587), BADBABA
(num: 15588), BADBABA, grimly, grimly
(num: 15589), BADBABA, mysteriously, mysteriously, flaring, flaring
(num: 15590), BADBABA, echoes, echoes, eastwards, eastwards, Dotard, Dotard
(num: 15591), BADBABA, heavily, heavily
(num: 15592), BADBABA
(num: 15593), BADBABA
(num: 15594), BADBABA
(num: 15595), BADBABA, behaved, behaved, huntsman
(num: 15596), BADBABA, windowpanes, mountainmaggots, Arnen, Arnen
(num: 15597), BADBABA
(num: 15598), BADBABA, inverted, homewards
(num: 15599), BADBABA, Complete, Hours, Hours, thickness
(num: 15600), BADBABA, wife, wife
(num: 15601), BADBABA, Hedge, Hedge
(num: 15602), BADBABA
(num: 15603), BADBABA, rummaged, tch, tch, villains, villains, Northmen
(num: 15604), BADBABA
(num: 15605), BADBABA
(num: 15606), BADBABA, trackif, stocks, stocks
(num: 15607), BADBABA, hospitality, hospitality
(num: 15608), BADBABA
(num: 15609), BADBABA, Northgate, Northgate
(num: 15610), BADBABA
(num: 15611), BADBABA
(num: 15612), BADBABA, climbed, climbed, lodgings, lodgings
(num: 15613), BADBABA, wearisome, wearisome
(num: 15614), BADBABA, uncovered, uncovered, foresee, foresee, elvenskill
(num: 15615), BADBABA, Fengel, hagling
(num: 15616), BADBABA
(num: 15617), BADBABA
(num: 15618), BADBABA
(num: 15619), BADBABA, traveling
(num: 15620), BADBABA, conquered, Fighting, Fighting
(num: 15621), BADBABA
(num: 15622), BADBABA
(num: 15623), BADBABA, abstracts, edged, edged
(num: 15624), BADBABA
(num: 15625), BADBABA, muff, highways, highways
(num: 15626), BADBABA, Give, Give, township, township
(num: 15627), BADBABA, spike, spike
(num: 15628), BADBABA, packs, packs
(num: 15629), BADBABA
(num: 15630), BADBABA, try, try, tips, tips
(num: 15631), BADBABA, drones, Eaten, Taurnaneldor
(num: 15632), BADBABA
(num: 15633), BADBABA
(num: 15634), BADBABA, betraying, parcel
(num: 15635), BADBABA, Yours, battles, battles
(num: 15636), BADBABA, Yuletide
(num: 15637), BADBABA
(num: 15638), BADBABA
(num: 15639), BADBABA, spade, horribly, horribly, bids, bids
(num: 15640), BADBABA, fare, fare
(num: 15641), BADBABA, blackhelmed
(num: 15642), BADBABA, begging, begging
(num: 15643), BADBABA, Party, Party
(num: 15644), BADBABA, misconstruing
(num: 15645), BADBABA
(num: 15646), BADBABA, Smaug, Smaug, inclination
(num: 15647), BADBABA, Shelobs, HOBBITON
(num: 15648), BADBABA, Return, Doubt, Doubt
(num: 15649), BADBABA, soft, soft, preservation
(num: 15650), BADBABA, Elvenwise
(num: 15651), BADBABA
(num: 15652), BADBABA, indefinitely, indefinitely, reeling, reeling
(num: 15653), BADBABA, thirst, thirst, carrion, carrion
(num: 15654), BADBABA
(num: 15655), BADBABA, headless, houseless, houseless
(num: 15656), BADBABA, blade, blade
(num: 15657), BADBABA, Haven
(num: 15658), BADBABA
(num: 15659), BADBABA
(num: 15660), BADBABA
(num: 15661), BADBABA, clumsiness, helpers
(num: 15662), BADBABA, cut, cut, effects, effects, thy, thy, ageless, ageless
(num: 15663), BADBABA, ride, ride, propped, propped, Patrol, fronted
(num: 15664), BADBABA, gardens, gardens, carrionbirds
(num: 15665), BADBABA, Other, Other
(num: 15666), BADBABA, breakfast, breakfast, orcspy
(num: 15667), BADBABA, jug, jug
(num: 15668), BADBABA
(num: 15669), BADBABA, thrushs
(num: 15670), BADBABA, bars, orcblades
(num: 15671), BADBABA
(num: 15672), BADBABA, excuse, excuse, moodily, moodily, Felaruf
(num: 15673), BADBABA, aloof
(num: 15674), BADBABA, stale, stale
(num: 15675), BADBABA, platform, platform
(num: 15676), BADBABA, title, title, Dimrill, Dimrill
(num: 15677), BADBABA, dishevelled, woe, woe
(num: 15678), BADBABA, Thy, Thy
(num: 15679), BADBABA
(num: 15680), BADBABA
(num: 15681), BADBABA, Narchost
(num: 15682), BADBABA, Hold, Hold
(num: 15683), BADBABA, fearfully, fearfully, Post
(num: 15684), BADBABA, lighthearted, lighthearted
(num: 15685), BADBABA, purer
(num: 15686), BADBABA
(num: 15687), BADBABA, Shrill, Shrill
(num: 15688), BADBABA, drip, drip
(num: 15689), BADBABA
(num: 15690), BADBABA
(num: 15691), BADBABA, knocked, crocks, crocks, rustlings, fightingorc
(num: 15692), BADBABA, stark, Barrels
(num: 15693), BADBABA, With, With
(num: 15694), BADBABA
(num: 15695), BADBABA
(num: 15696), BADBABA, tracking, tracking, sentinel, sentinel
(num: 15697), BADBABA, sleepily, sleepily, serviceable
(num: 15698), BADBABA, foremost, foremost, horseback, horseback, intertwining
(num: 15699), BADBABA
(num: 15700), BADBABA, stiffness
(num: 15701), BADBABA, main, main, figured, figured, sharply, sharply, withypath
(num: 15702), BADBABA, guesseses, guesseses
(num: 15703), BADBABA, escape, escape, quelling
(num: 15704), BADBABA, terrified, terrified, Forbidden, recruited
(num: 15705), BADBABA, snake, snake, dunghill
(num: 15706), BADBABA
(num: 15707), BADBABA
(num: 15708), BADBABA, stillthough, Trumpets, Thangorodrim, ise
(num: 15709), BADBABA
(num: 15710), BADBABA
(num: 15711), BADBABA, background, Sancho, Sancho
(num: 15712), BADBABA, benevolent, benevolent
(num: 15713), BADBABA, Crossroads, Crossroads
(num: 15714), BADBABA
(num: 15715), BADBABA, nightpools
(num: 15716), BADBABA
(num: 15717), BADBABA
(num: 15718), BADBABA, Iron, Iron, shank
(num: 15719), BADBABA
(num: 15720), BADBABA
(num: 15721), BADBABA, A, A, scorches, twofold
(num: 15722), BADBABA, arched, arched, wainroad
(num: 15723), BADBABA, splendour, splendour, basking
(num: 15724), BADBABA, shape, shape, ou, ou, clime, clime
(num: 15725), BADBABA
(num: 15726), BADBABA, Mrs, Mrs, perchance, Stonyfaced
(num: 15727), BADBABA, unusually, unusually
(num: 15728), BADBABA, shaped, ancestral, ancestral
(num: 15729), BADBABA, mason, wisest, wisest
(num: 15730), BADBABA, saddest
(num: 15731), BADBABA, dropping, dropping, melt, melt
(num: 15732), BADBABA, saxifrages
(num: 15733), BADBABA, Said, precisely
(num: 15734), BADBABA, Elvenhome, Elvenhome, leafbladed
(num: 15735), BADBABA
(num: 15736), BADBABA, blackgreys
(num: 15737), BADBABA
(num: 15738), BADBABA
(num: 15739), BADBABA
(num: 15740), BADBABA, crumbling, ensuing, Cold, Cold
(num: 15741), BADBABA
(num: 15742), BADBABA
(num: 15743), BADBABA, active
(num: 15744), BADBABA
(num: 15745), BADBABA, Wizard, Wizard, significant, significant
(num: 15746), BADBABA
(num: 15747), BADBABA, veins, veins
(num: 15748), BADBABA
(num: 15749), BADBABA, crawl, slaves, slaves, Undimmed
(num: 15750), BADBABA, d, d
(num: 15751), BADBABA, chopping
(num: 15752), BADBABA
(num: 15753), BADBABA
(num: 15754), BADBABA
(num: 15755), BADBABA, chalk
(num: 15756), BADBABA
(num: 15757), BADBABA, locusts
(num: 15758), BADBABA
(num: 15759), BADBABA, attracted
(num: 15760), BADBABA, longerthe
(num: 15761), BADBABA
(num: 15762), BADBABA, snuffling, snuffling
(num: 15763), BADBABA
(num: 15764), BADBABA
(num: 15765), BADBABA, having, having, forester
(num: 15766), BADBABA
(num: 15767), BADBABA, strips
(num: 15768), BADBABA, apron, Youve, Youve, Farthings, Farthings, hazard, hazard
(num: 15769), BADBABA, wretch, wretch, blessedness, blessedness
(num: 15770), BADBABA
(num: 15771), BADBABA
(num: 15772), BADBABA, dwelling, dwelling
(num: 15773), BADBABA, care, care
(num: 15774), BADBABA, gained, pick, pick
(num: 15775), BADBABA, thinks, thinks
(num: 15776), BADBABA
(num: 15777), BADBABA, prospered, scrabbled
(num: 15778), BADBABA, blossoms
(num: 15779), BADBABA, composition
(num: 15780), BADBABA, vambrace
(num: 15781), BADBABA, mountainous
(num: 15782), BADBABA, celebrating, vigour, vigour
(num: 15783), BADBABA, killed, killed, sidepassages, hinge
(num: 15784), BADBABA, host, host, invading
(num: 15785), BADBABA, mail, mail, roadbuilders
(num: 15786), BADBABA, blows, blows
(num: 15787), BADBABA, disordered, disordered
(num: 15788), BADBABA
(num: 15789), BADBABA, unfortunate, unfortunate
(num: 15790), BADBABA, dwindle, dwindle
(num: 15791), BADBABA
(num: 15792), BADBABA
(num: 15793), BADBABA
(num: 15794), BADBABA, charges, charges
(num: 15795), BADBABA, kinsfolk, kinsfolk, Forty, bedewed
(num: 15796), BADBABA, skilful, skilful, Sam, Sam
(num: 15797), BADBABA, glob
(num: 15798), BADBABA, meant, meant
(num: 15799), BADBABA, waved, croaked, croaked
(num: 15800), BADBABA, reigned, Worst, Worst, bowstrings, bowstrings
(num: 15801), BADBABA, Er
(num: 15802), BADBABA
(num: 15803), BADBABA
(num: 15804), BADBABA
(num: 15805), BADBABA, course, course, toothsome, wasnt, wasnt, Knobbed
(num: 15806), BADBABA, LEAVE
(num: 15807), BADBABA, Hai, Hai
(num: 15808), BADBABA, difficulty, difficulty, twig, disregard, disregard
(num: 15809), BADBABA
(num: 15810), BADBABA, duty, duty, Less, Less
(num: 15811), BADBABA, dragonslayer, par
(num: 15812), BADBABA, fabulous, m, m
(num: 15813), BADBABA
(num: 15814), BADBABA, threshold, threshold
(num: 15815), BADBABA, cheese, cheese, leisurely, leisurely, eyeless
(num: 15816), BADBABA, undercut, undercut
(num: 15817), BADBABA, Lordly
(num: 15818), BADBABA, offered, offered, pit, pit
(num: 15819), BADBABA
(num: 15820), BADBABA
(num: 15821), BADBABA
(num: 15822), BADBABA
(num: 15823), BADBABA, broader, broader, sprawling, sprawling
(num: 15824), BADBABA
(num: 15825), BADBABA, dwimmer
(num: 15826), BADBABA, timely
(num: 15827), BADBABA, include, include, unevenly
(num: 15828), BADBABA, sockets
(num: 15829), BADBABA, Easterling
(num: 15830), BADBABA
(num: 15831), BADBABA
(num: 15832), BADBABA, Roused, distressing, saluting, illboding
(num: 15833), BADBABA
(num: 15834), BADBABA
(num: 15835), BADBABA, flushed, flushed
(num: 15836), BADBABA, Then, Then, expectant
(num: 15837), BADBABA, Sneaking, Sneaking, betide, betide
(num: 15838), BADBABA, exercising, Treebeard, Treebeard
(num: 15839), BADBABA, cloak, cloak, bank, bank, bristling, bristling
(num: 15840), BADBABA
(num: 15841), BADBABA, pilgrim
(num: 15842), BADBABA, joyfully, joyfully, flute
(num: 15843), BADBABA, fangs, scufflings, Samwise, Samwise, ilex
(num: 15844), BADBABA, Eagles, Eagles, rumours, rumours
(num: 15845), BADBABA, squelching
(num: 15846), BADBABA, bent, bent
(num: 15847), BADBABA, buff
(num: 15848), BADBABA
(num: 15849), BADBABA, raven, raven
(num: 15850), BADBABA, oo, heaven, heaven, Thinbone
(num: 15851), BADBABA, swift, swift
(num: 15852), BADBABA
(num: 15853), BADBABA, raced, raced
(num: 15854), BADBABA, Hrum, Hrum
(num: 15855), BADBABA
(num: 15856), BADBABA
(num: 15857), BADBABA
(num: 15858), BADBABA, Did, footsteps, footsteps
(num: 15859), BADBABA, Haldirs
(num: 15860), BADBABA
(num: 15861), BADBABA, doctored, doctored, quarters, quarters
(num: 15862), BADBABA, footstool, hardy, hardy
(num: 15863), BADBABA, bc, bc
(num: 15864), BADBABA, wont, wont, scouts, wellordered, wellordered
(num: 15865), BADBABA
(num: 15866), BADBABA, treated, treated
(num: 15867), BADBABA
(num: 15868), BADBABA
(num: 15869), BADBABA
(num: 15870), BADBABA, ragged, Shake, badger, badger
(num: 15871), BADBABA
(num: 15872), BADBABA, tense, tense
(num: 15873), BADBABA
(num: 15874), BADBABA, gle
(num: 15875), BADBABA, shapes, shapes, moored, moored, swordarm
(num: 15876), BADBABA, bodies, bodies, dryfooted, Tumladen, Golasgil
(num: 15877), BADBABA
(num: 15878), BADBABA
(num: 15879), BADBABA, trip, trip, Blood
(num: 15880), BADBABA
(num: 15881), BADBABA, dragonlore
(num: 15882), BADBABA, Impossible, goldplated, robin, robin, wellworn
(num: 15883), BADBABA
(num: 15884), BADBABA, wallstoo, riverdoor, tended, tended
(num: 15885), BADBABA
(num: 15886), BADBABA, driftwood
(num: 15887), BADBABA
(num: 15888), BADBABA, firstclass, setting, setting
(num: 15889), BADBABA
(num: 15890), BADBABA, Bond, reality
(num: 15891), BADBABA
(num: 15892), BADBABA, scrambled, scrambled
(num: 15893), BADBABA, borrow, borrow
(num: 15894), BADBABA
(num: 15895), BADBABA, sun, sun, Mine, Mine
(num: 15896), BADBABA, watchers, watchers
(num: 15897), BADBABA
(num: 15898), BADBABA, deserve, horizon, horizon, curved, curved
(num: 15899), BADBABA
(num: 15900), BADBABA, pocket, pocket
(num: 15901), BADBABA, farewells, farewells, riches, riches, Hound, Hound, plotting
(num: 15902), BADBABA
(num: 15903), BADBABA, swirled, swirled
(num: 15904), BADBABA
(num: 15905), BADBABA, affection, Naur, Naur, Forth, opponents
(num: 15906), BADBABA, goodness, goodness, weak, weak, borderland, Bob, Bob
(num: 15907), BADBABA, native, Covered
(num: 15908), BADBABA, flights, nimbly, nimbly
(num: 15909), BADBABA, ome
(num: 15910), BADBABA, boles, boles
(num: 15911), BADBABA, town, town, marbles
(num: 15912), BADBABA
(num: 15913), BADBABA, swimming, swimming
(num: 15914), BADBABA, Cannot, Cannot
(num: 15915), BADBABA, dullest, saluted, phantoms, acorn, wolfshape, intake, arrested, arrested
(num: 15916), BADBABA, sire, sire
(num: 15917), BADBABA
(num: 15918), BADBABA, joined, blacksmithwork, Accident
(num: 15919), BADBABA, Man, Man, lakeside, entrust
(num: 15920), BADBABA, deepest, deepest
(num: 15921), BADBABA
(num: 15922), BADBABA, ahead, ahead, firtree
(num: 15923), BADBABA, Due, farmsteads
(num: 15924), BADBABA
(num: 15925), BADBABA, squeeze, squeeze, beggarlike
(num: 15926), BADBABA, scarce, scarce
(num: 15927), BADBABA, Sh, Sh
(num: 15928), BADBABA, slept, slept, mature, dejectedly, salver, ratland
(num: 15929), BADBABA, Gildor, Gildor, faggot, faggot
(num: 15930), BADBABA
(num: 15931), BADBABA, mountain, mountain, lookingfor, Brandybucks, Brandybucks, byways
(num: 15932), BADBABA, amiss, amiss
(num: 15933), BADBABA, encourage, encourage
(num: 15934), BADBABA, seeks, seeks
(num: 15935), BADBABA
(num: 15936), BADBABA
(num: 15937), BADBABA, miserableness
(num: 15938), BADBABA
(num: 15939), BADBABA, blueshadowed, Fealty
(num: 15940), BADBABA
(num: 15941), BADBABA
(num: 15942), BADBABA, unbind, disadvantage
(num: 15943), BADBABA, suspicion, suspicion, thems
(num: 15944), BADBABA, buzzing, buzzing
(num: 15945), BADBABA
(num: 15946), BADBABA, disliking
(num: 15947), BADBABA
(num: 15948), BADBABA, resolved, resolved
(num: 15949), BADBABA
(num: 15950), BADBABA
(num: 15951), BADBABA, Orald
(num: 15952), BADBABA, pier, pier, poorly
(num: 15953), BADBABA
(num: 15954), BADBABA, spears, spears, sipping, condemned, tis, wounding, wounding
(num: 15955), BADBABA, ammen, ammen
(num: 15956), BADBABA, fireraising
(num: 15957), BADBABA, dirge, perceiving, perceiving
(num: 15958), BADBABA
(num: 15959), BADBABA
(num: 15960), BADBABA, passages, passages
(num: 15961), BADBABA, tenders, stairdoor, sant
(num: 15962), BADBABA, his, his, exciting, exciting
(num: 15963), BADBABA, truly, truly, province, province
(num: 15964), BADBABA
(num: 15965), BADBABA
(num: 15966), BADBABA
(num: 15967), BADBABA, scratched, scratched
(num: 15968), BADBABA
(num: 15969), BADBABA, portended, glanced, glanced
(num: 15970), BADBABA, cataracts, Hoo, Hoo
(num: 15971), BADBABA, jam
(num: 15972), BADBABA
(num: 15973), BADBABA, We, We
(num: 15974), BADBABA, nearby, nearby
(num: 15975), BADBABA, raftmen, raftmen, grimmer, grimmer
(num: 15976), BADBABA, manfully
(num: 15977), BADBABA, pa, pa
(num: 15978), BADBABA
(num: 15979), BADBABA, barrels, barrels
(num: 15980), BADBABA, disrespectfully
(num: 15981), BADBABA, openly, openly
(num: 15982), BADBABA
(num: 15983), BADBABA, luckily, luckily, planned, planned, rusted, rusted
(num: 15984), BADBABA
(num: 15985), BADBABA, calendar
(num: 15986), BADBABA, rottenness, rottenness
(num: 15987), BADBABA
(num: 15988), BADBABA, tobacco, tobacco, unconsuming
(num: 15989), BADBABA, rather, rather, counterfeits, counterfeits
(num: 15990), BADBABA, merited
(num: 15991), BADBABA
(num: 15992), BADBABA, decaying
(num: 15993), BADBABA, huntersbut
(num: 15994), BADBABA
(num: 15995), BADBABA
(num: 15996), BADBABA, over, over, bulging, champions, extracts
(num: 15997), BADBABA, reeds, reeds, elvencloak, elvencloak
(num: 15998), BADBABA, bollards, barest
(num: 15999), BADBABA, dressinggown, perils, perils
